id,school,mascot,abbreviation,alternateNames,conference,division,classification,color,alternateColor,logos,twitter,location
2000,Abilene Christian,Wildcats,ACU,"['ACU', 'Abilene Chrstn']",UAC,,fcs,#592d82,#b1b3b3,"['http://a.espncdn.com/i/teamlogos/ncaa/500/2000.png', 'http://a.espncdn.com/i/teamlogos/ncaa/500-dark/2000.png']",@ACUFootball,"{'id': 5440, 'name': 'Wildcat Stadium (TX)', 'city': 'Abilene', 'state': 'TX', 'zip': '79601', 'countryCode': 'US', 'timezone': 'America/Chicago', 'latitude': 32.472275, 'longitude': -99.710464, 'elevation': '520.9', 'capacity': 12000, 'constructionYear': 2017, 'grass': False, 'dome': False}"
1001074,Adams,,,[],,,,#null,#null,,,"{'id': None, 'name': None, 'city': None, 'state': None, 'zip': None, 'countryCode': None, 'timezone': None, 'latitude': None, 'longitude': None, 'elevation': None, 'capacity': None, 'constructionYear': None, 'grass': None, 'dome': None}"
2001,Adams State,Grizzlies,ADST,"['ADST', 'Adams St']",Rocky Mountain,,ii,#null,#null,"['http://a.espncdn.com/i/teamlogos/ncaa/500/2001.png', 'http://a.espncdn.com/i/teamlogos/ncaa/500-dark/2001.png']",,"{'id': 5866, 'name': 'Rex Stadium', 'city': 'Alamosa', 'state': 'CO', 'zip': '81101', 'countryCode': 'US', 'timezone': None, 'latitude': 37.5780995, 'longitude': -105.7890452, 'elevation': None, 'capacity': 2800, 'constructionYear': None, 'grass': None, 'dome': False}"
2562,Adrian,Saints,SH,"['SH', 'Sieheights']",,,,#null,#null,"['http://a.espncdn.com/i/teamlogos/ncaa/500/2562.png', 'http://a.espncdn.com/i/teamlogos/ncaa/500-dark/2562.png']",,"{'id': None, 'name': None, 'city': None, 'state': None, 'zip': None, 'countryCode': None, 'timezone': None, 'latitude': None, 'longitude': None, 'elevation': None, 'capacity': None, 'constructionYear': None, 'grass': None, 'dome': None}"
2003,Adrian,Bulldogs,ADR,"['ADR', 'Adrian']",Michigan,,iii,#null,#null,"['http://a.espncdn.com/i/teamlogos/ncaa/500/2003.png', 'http://a.espncdn.com/i/teamlogos/ncaa/500-dark/2003.png']",,"{'id': 5787, 'name': 'Docking Stadium', 'city': 'Adrian', 'state': 'MI', 'zip': '49221', 'countryCode': 'US', 'timezone': None, 'latitude': 41.8975152, 'longitude': -84.0373054, 'elevation': None, 'capacity': 3000, 'constructionYear': None, 'grass': None, 'dome': False}"
2005,Air Force,Falcons,AF,"['AF', 'Air Force']",Mountain West,,fbs,#004a7b,#ffffff,"['http://a.espncdn.com/i/teamlogos/ncaa/500/2005.png', 'http://a.espncdn.com/i/teamlogos/ncaa/500-dark/2005.png']",@AF_Football,"{'id': 3713, 'name': 'Falcon Stadium', 'city': 'Colorado Springs', 'state': 'CO', 'zip': '80840', 'countryCode': 'US', 'timezone': 'America/Denver', 'latitude': 38.9969701, 'longitude': -104.8436165, 'elevation': '2024.875732', 'capacity': 46692, 'constructionYear': 1962, 'grass': False, 'dome': False}"
2006,Akron,Zips,AKR,"['AKR', 'Akron']",Mid-American,,fbs,#00285e,#84754e,"['http://a.espncdn.com/i/teamlogos/ncaa/500/2006.png', 'http://a.espncdn.com/i/teamlogos/ncaa/500-dark/2006.png']",@ZipsFB,"{'id': 3768, 'name': 'InfoCision Stadium', 'city': 'Akron', 'state': 'OH', 'zip': '44399', 'countryCode': 'US', 'timezone': 'America/New_York', 'latitude': 41.0725534, 'longitude': -81.5083408, 'elevation': '321.2875061', 'capacity': 30000, 'constructionYear': 2009, 'grass': False, 'dome': False}"
1001035,Akron Westfield Senior,,,[],,,,#null,#null,,,"{'id': None, 'name': None, 'city': None, 'state': None, 'zip': None, 'countryCode': None, 'timezone': None, 'latitude': None, 'longitude': None, 'elevation': None, 'capacity': None, 'constructionYear': None, 'grass': None, 'dome': None}"
333,Alabama,Crimson Tide,ALA,"['ALA', 'Alabama']",SEC,,fbs,#9e1632,#ffffff,"['http://a.espncdn.com/i/teamlogos/ncaa/500/333.png', 'http://a.espncdn.com/i/teamlogos/ncaa/500-dark/333.png']",@AlabamaFTBL,"{'id': 3657, 'name': 'Bryant-Denny Stadium', 'city': 'Tuscaloosa', 'state': 'AL', 'zip': '35487', 'countryCode': 'US', 'timezone': 'America/Chicago', 'latitude': 33.2082752, 'longitude': -87.5503836, 'elevation': '70.05136108', 'capacity': 101821, 'constructionYear': 1929, 'grass': True, 'dome': False}"
2010,Alabama A&M,Bulldogs,AAMU,"['AAMU', 'Alabama A&M']",SWAC,East,fcs,#790000,#ffffff,"['http://a.espncdn.com/i/teamlogos/ncaa/500/2010.png', 'http://a.espncdn.com/i/teamlogos/ncaa/500-dark/2010.png']",@AAMUFB,"{'id': 3809, 'name': 'Louis Crews Stadium', 'city': 'Huntsville', 'state': 'AL', 'zip': '35810', 'countryCode': 'US', 'timezone': 'America/Chicago', 'latitude': 34.7835363, 'longitude': -86.5784132, 'elevation': '214.9181061', 'capacity': 21000, 'constructionYear': 1996, 'grass': False, 'dome': False}"
2011,Alabama State,Hornets,ALST,"['ALST', 'Alabama St']",SWAC,East,fcs,#e9a900,#0a0a0a,"['http://a.espncdn.com/i/teamlogos/ncaa/500/2011.png', 'http://a.espncdn.com/i/teamlogos/ncaa/500-dark/2011.png']",@BamaStateFB,"{'id': 4582, 'name': 'Hornet Stadium', 'city': 'Montgomery', 'state': 'AL', 'zip': '36106', 'countryCode': 'US', 'timezone': 'America/Chicago', 'latitude': 32.3642223, 'longitude': -86.2896902, 'elevation': '79.35839844', 'capacity': 26500, 'constructionYear': 2012, 'grass': False, 'dome': False}"
1001029,Albany,,,[],,,,#null,#null,,,"{'id': None, 'name': None, 'city': None, 'state': None, 'zip': None, 'countryCode': None, 'timezone': None, 'latitude': None, 'longitude': None, 'elevation': None, 'capacity': None, 'constructionYear': None, 'grass': None, 'dome': None}"
1001026,Albany,,,[],,,,#null,#null,,,"{'id': None, 'name': None, 'city': None, 'state': None, 'zip': None, 'countryCode': None, 'timezone': None, 'latitude': None, 'longitude': None, 'elevation': None, 'capacity': None, 'constructionYear': None, 'grass': None, 'dome': None}"
1001024,Albany,,,[],,,,#null,#null,,,"{'id': None, 'name': None, 'city': None, 'state': None, 'zip': None, 'countryCode': None, 'timezone': None, 'latitude': None, 'longitude': None, 'elevation': None, 'capacity': None, 'constructionYear': None, 'grass': None, 'dome': None}"
1001006,Albany State,,,[],,,,#null,#null,,,"{'id': None, 'name': None, 'city': None, 'state': None, 'zip': None, 'countryCode': None, 'timezone': None, 'latitude': None, 'longitude': None, 'elevation': None, 'capacity': None, 'constructionYear': None, 'grass': None, 'dome': None}"
2013,Albany State GA,Golden Rams,ALBS,"['ALBS', 'Albany St']",SIAC,,ii,#null,#null,"['http://a.espncdn.com/i/teamlogos/ncaa/500/2013.png', 'http://a.espncdn.com/i/teamlogos/ncaa/500-dark/2013.png']",,"{'id': 5867, 'name': 'Albany State University Coliseum', 'city': 'Albany', 'state': 'GA', 'zip': '31701', 'countryCode': 'US', 'timezone': None, 'latitude': 31.5782062, 'longitude': -84.1556809, 'elevation': None, 'capacity': 10000, 'constructionYear': None, 'grass': None, 'dome': False}"
2790,Albion,Britons,ALBI,"['ALBI', 'Albion']",Michigan,,iii,#null,#null,"['http://a.espncdn.com/i/teamlogos/ncaa/500/2790.png', 'http://a.espncdn.com/i/teamlogos/ncaa/500-dark/2790.png']",,"{'id': 5786, 'name': 'Sprankle-Sprandel Stadium', 'city': 'Albion', 'state': 'MI', 'zip': '49224', 'countryCode': 'US', 'timezone': None, 'latitude': 42.243097, 'longitude': -84.7530304, 'elevation': None, 'capacity': 4000, 'constructionYear': None, 'grass': None, 'dome': False}"
2015,Albright,Lions,ALB,"['ALB', 'Albright']",Mid Atlantic,,iii,#c82e48,#000000,"['http://a.espncdn.com/i/teamlogos/ncaa/500/2015.png', 'http://a.espncdn.com/i/teamlogos/ncaa/500-dark/2015.png']",,"{'id': 5127, 'name': 'Gene L. Shirk Stadium', 'city': 'Reading', 'state': 'PA', 'zip': '19501', 'countryCode': 'US', 'timezone': None, 'latitude': 40.335345, 'longitude': -75.9279495, 'elevation': None, 'capacity': 5000, 'constructionYear': None, 'grass': None, 'dome': False}"
2016,Alcorn State,Braves,ALCN,"['Alcorn', 'ALCN', 'Alcorn St']",SWAC,West,fcs,#4b0058,#46166a,"['http://a.espncdn.com/i/teamlogos/ncaa/500/2016.png', 'http://a.espncdn.com/i/teamlogos/ncaa/500-dark/2016.png']",@BravesSports,"{'id': 3771, 'name': 'Jack Spinks Stadium', 'city': 'Lorman', 'state': 'MS', 'zip': '39096', 'countryCode': 'US', 'timezone': 'America/Chicago', 'latitude': 31.873621, 'longitude': -91.13488, 'elevation': '72.25324249', 'capacity': 22500, 'constructionYear': 1992, 'grass': False, 'dome': False}"
2017,Alderson-Broaddus,Battlers,ABC,"['ABC', 'Ald.-Broaddus']",Mountain East,,ii,#null,#null,"['http://a.espncdn.com/i/teamlogos/ncaa/500/2017.png', 'http://a.espncdn.com/i/teamlogos/ncaa/500-dark/2017.png']",,"{'id': 4421, 'name': 'Multi-Sport Performance Stadium', 'city': 'Philippi', 'state': 'WV', 'zip': '26416', 'countryCode': 'US', 'timezone': None, 'latitude': 39.1523198, 'longitude': -80.0403578, 'elevation': None, 'capacity': 2500, 'constructionYear': None, 'grass': None, 'dome': False}"
3162,Alfred State,Pioneers,ALFS,"['ALFS', 'Alfred St']",Empire 8,,iii,#null,#null,"['http://a.espncdn.com/i/teamlogos/ncaa/500/3162.png', 'http://a.espncdn.com/i/teamlogos/ncaa/500-dark/3162.png']",,"{'id': 3877, 'name': 'Pioneer Stadium', 'city': 'Alfred', 'state': 'NY', 'zip': '14802', 'countryCode': 'US', 'timezone': None, 'latitude': 42.2542334, 'longitude': -77.7906062, 'elevation': None, 'capacity': 1500, 'constructionYear': None, 'grass': None, 'dome': False}"
365,Alfred University,Saxons,ALF,"['ALF', 'Alfred']",Empire 8,,iii,#null,#null,"['http://a.espncdn.com/i/teamlogos/ncaa/500/365.png', 'http://a.espncdn.com/i/teamlogos/ncaa/500-dark/365.png']",,"{'id': 5788, 'name': 'Merrill Field at Yunevich Stadium', 'city': 'Alfred', 'state': 'NY', 'zip': '14802', 'countryCode': 'US', 'timezone': None, 'latitude': 42.2542334, 'longitude': -77.7906062, 'elevation': None, 'capacity': 1435, 'constructionYear': None, 'grass': None, 'dome': False}"
2018,Allegheny,Gators,ALL,"['ALL', 'Allegheny']",Presidents',,iii,#null,#null,"['http://a.espncdn.com/i/teamlogos/ncaa/500/2018.png', 'http://a.espncdn.com/i/teamlogos/ncaa/500-dark/2018.png']",,"{'id': 5789, 'name': 'Frank B. Fuhrer Field', 'city': 'Meadville', 'state': 'PA', 'zip': '36069', 'countryCode': 'US', 'timezone': None, 'latitude': 41.641445, 'longitude': -80.151449, 'elevation': None, 'capacity': 3500, 'constructionYear': None, 'grass': None, 'dome': False}"
2019,Allen,Yellow Jackets,ALL,"['ALL', 'Allen']",SIAC,,ii,#null,#null,,,"{'id': 6217, 'name': 'W.C. Hawkins Stadium', 'city': 'Columbia', 'state': 'SC', 'zip': '29201', 'countryCode': 'US', 'timezone': None, 'latitude': 34.0007493, 'longitude': -81.0343313, 'elevation': None, 'capacity': 3000, 'constructionYear': None, 'grass': None, 'dome': False}"
1001062,Allen University,,,[],,,,#null,#null,,,"{'id': None, 'name': None, 'city': None, 'state': None, 'zip': None, 'countryCode': None, 'timezone': None, 'latitude': None, 'longitude': None, 'elevation': None, 'capacity': None, 'constructionYear': None, 'grass': None, 'dome': None}"
2800,Alma,Scots,ALM,"['ALM', 'Alma']",Michigan,,iii,#null,#null,"['http://a.espncdn.com/i/teamlogos/ncaa/500/2800.png', 'http://a.espncdn.com/i/teamlogos/ncaa/500-dark/2800.png']",,"{'id': 5790, 'name': 'Bahlke Field', 'city': 'Alma', 'state': 'MI', 'zip': '48801', 'countryCode': 'US', 'timezone': None, 'latitude': 43.37892, 'longitude': -84.659727, 'elevation': None, 'capacity': 4000, 'constructionYear': None, 'grass': None, 'dome': False}"
3193,American,,AMER,"['AMER', 'American']",,,,#000000,#null,,,"{'id': None, 'name': None, 'city': None, 'state': None, 'zip': None, 'countryCode': None, 'timezone': None, 'latitude': None, 'longitude': None, 'elevation': None, 'capacity': None, 'constructionYear': None, 'grass': None, 'dome': None}"
2022,American International,Yellow Jackets,AIC,"['AIC', ""American Int'l""]",Northeast 10,,ii,#null,#null,"['http://a.espncdn.com/i/teamlogos/ncaa/500/2022.png', 'http://a.espncdn.com/i/teamlogos/ncaa/500-dark/2022.png']",,"{'id': 5868, 'name': 'Ronald J. Abdow Field', 'city': 'Springfield', 'state': 'MA', 'zip': '56087', 'countryCode': 'US', 'timezone': None, 'latitude': 42.1018764, 'longitude': -72.5886727, 'elevation': None, 'capacity': 4000, 'constructionYear': None, 'grass': None, 'dome': False}"
1001056,American River C.C.,,,[],,,,#null,#null,,,"{'id': None, 'name': None, 'city': None, 'state': None, 'zip': None, 'countryCode': None, 'timezone': None, 'latitude': None, 'longitude': None, 'elevation': None, 'capacity': None, 'constructionYear': None, 'grass': None, 'dome': None}"
7,Amherst,Mammoths,AMH,"['Amherst', 'AMH', 'Amherst']",NESCAC,,iii,#3f1f69,#ffffff,"['http://a.espncdn.com/i/teamlogos/ncaa/500/7.png', 'http://a.espncdn.com/i/teamlogos/ncaa/500-dark/7.png']",,"{'id': 5792, 'name': 'Pratt Field at Lehrman Stadium', 'city': 'Amherst', 'state': 'MA', 'zip': '03031', 'countryCode': 'US', 'timezone': None, 'latitude': 42.3685658, 'longitude': -72.505714, 'elevation': None, 'capacity': 2500, 'constructionYear': None, 'grass': None, 'dome': False}"
2023,Anderson (IN),Ravens,AND,"['AND', 'Anderson IN']",Heartland,,iii,#null,#null,"['http://a.espncdn.com/i/teamlogos/ncaa/500/2023.png', 'http://a.espncdn.com/i/teamlogos/ncaa/500-dark/2023.png']",,"{'id': 5793, 'name': 'Macholtz Stadium', 'city': 'Anderson', 'state': 'IN', 'zip': '46016', 'countryCode': 'US', 'timezone': None, 'latitude': 40.1053196, 'longitude': -85.6802541, 'elevation': None, 'capacity': 4300, 'constructionYear': None, 'grass': None, 'dome': False}"
129469,Anderson (Sc),Trojans,AND,"['AND', 'Anderson (Sc)']",South Atlantic,,ii,#null,#null,,,"{'id': 10461, 'name': 'Spero Financial Field', 'city': 'Anderson', 'state': 'SC', 'zip': None, 'countryCode': 'US', 'timezone': None, 'latitude': None, 'longitude': None, 'elevation': None, 'capacity': None, 'constructionYear': None, 'grass': None, 'dome': False}"
2025,Angelo State,Rams,ANG,"['ANG', 'Angelo State']",Lone Star,,ii,#null,#null,"['http://a.espncdn.com/i/teamlogos/ncaa/500/2025.png', 'http://a.espncdn.com/i/teamlogos/ncaa/500-dark/2025.png']",,"{'id': 5869, 'name': 'LeGrand Stadium at 1st Community Credit Union Field', 'city': 'San Angelo', 'state': 'TX', 'zip': '76903', 'countryCode': 'US', 'timezone': None, 'latitude': 31.4649685, 'longitude': -100.4405094, 'elevation': None, 'capacity': 5670, 'constructionYear': None, 'grass': None, 'dome': False}"
15,Anna Maria College,Amcats,ANN,"['ANN', 'Anna Maria']",MSCAC,,iii,#null,#null,"['http://a.espncdn.com/i/teamlogos/ncaa/500/15.png', 'http://a.espncdn.com/i/teamlogos/ncaa/500-dark/15.png']",,"{'id': 5794, 'name': 'Caparso Field', 'city': 'Paxton', 'state': 'MA', 'zip': '01612', 'countryCode': 'US', 'timezone': None, 'latitude': 42.3122967, 'longitude': -71.934172, 'elevation': None, 'capacity': 1000, 'constructionYear': None, 'grass': None, 'dome': False}"
3111,Apprentice School,Builders,APPRE,"['APPRE', 'Apprentice']",Independent DIII,,iii,#null,#null,"['http://a.espncdn.com/i/teamlogos/ncaa/500/3111.png', 'http://a.espncdn.com/i/teamlogos/ncaa/500-dark/3111.png']",,"{'id': 3618, 'name': 'Apprentice Field', 'city': 'Newport News', 'state': 'VA', 'zip': '23607', 'countryCode': 'US', 'timezone': None, 'latitude': 36.9775016, 'longitude': -76.42977, 'elevation': None, 'capacity': 800, 'constructionYear': None, 'grass': None, 'dome': False}"
2026,App State,Mountaineers,APP,"['Appalachian State', 'APP', 'App State']",Sun Belt,East,fbs,#ffcc00,#222222,"['http://a.espncdn.com/i/teamlogos/ncaa/500/2026.png', 'http://a.espncdn.com/i/teamlogos/ncaa/500-dark/2026.png']",@AppState_FB,"{'id': 3792, 'name': 'Kidd Brewer Stadium', 'city': 'Boone', 'state': 'NC', 'zip': '28608', 'countryCode': 'US', 'timezone': 'America/New_York', 'latitude': 36.2114267, 'longitude': -81.6854278, 'elevation': '991.3414307', 'capacity': 30000, 'constructionYear': 1962, 'grass': False, 'dome': False}"
12,Arizona,Wildcats,ARIZ,"['ARIZ', 'Arizona']",Big 12,,fbs,#0c234b,#ab0520,"['http://a.espncdn.com/i/teamlogos/ncaa/500/12.png', 'http://a.espncdn.com/i/teamlogos/ncaa/500-dark/12.png']",@ArizonaFBall,"{'id': 3619, 'name': 'Arizona Stadium', 'city': 'Tucson', 'state': 'AZ', 'zip': '85721', 'countryCode': 'US', 'timezone': 'America/Phoenix', 'latitude': 32.2288054, 'longitude': -110.9488677, 'elevation': '742.1530151', 'capacity': 50782, 'constructionYear': 1928, 'grass': False, 'dome': False}"
9,Arizona State,Sun Devils,ASU,"['ASU', 'Arizona St']",Big 12,,fbs,#8e0c3a,#ffc72c,"['http://a.espncdn.com/i/teamlogos/ncaa/500/9.png', 'http://a.espncdn.com/i/teamlogos/ncaa/500-dark/9.png']",@ASUFootball,"{'id': 3947, 'name': 'Mountain America Stadium', 'city': 'Tempe', 'state': 'AZ', 'zip': '85287', 'countryCode': 'US', 'timezone': 'America/Phoenix', 'latitude': 33.4264471, 'longitude': -111.9325005, 'elevation': '360.1569519', 'capacity': 65870, 'constructionYear': 1958, 'grass': True, 'dome': False}"
8,Arkansas,Razorbacks,ARK,"['ARK', 'Arkansas']",SEC,,fbs,#a41f35,#ffffff,"['http://a.espncdn.com/i/teamlogos/ncaa/500/8.png', 'http://a.espncdn.com/i/teamlogos/ncaa/500-dark/8.png']",@RazorbackFB,"{'id': 3887, 'name': 'Razorback Stadium', 'city': 'Fayetteville', 'state': 'AR', 'zip': '72702', 'countryCode': 'US', 'timezone': 'America/Chicago', 'latitude': 36.0680662, 'longitude': -94.1789534, 'elevation': '403.7972412', 'capacity': 80000, 'constructionYear': 1938, 'grass': False, 'dome': False}"
2028,Arkansas-Monticello,Boll Weevils,ARKMONT,"['ARKMONT', 'Ark-Monticello']",Great American,,ii,#null,#null,"['http://a.espncdn.com/i/teamlogos/ncaa/500/2028.png', 'http://a.espncdn.com/i/teamlogos/ncaa/500-dark/2028.png']",,"{'id': 5871, 'name': 'Convoy Leslie Cotton Boll Stadium', 'city': 'Monticello', 'state': 'AR', 'zip': '26302', 'countryCode': 'US', 'timezone': None, 'latitude': 33.6293427, 'longitude': -91.7912327, 'elevation': None, 'capacity': 3650, 'constructionYear': None, 'grass': None, 'dome': False}"
2029,Arkansas-Pine Bluff,Golden Lions,UAPB,"['Arkansas Pine Bluff', 'UAPB', 'AR-Pine Bluff']",SWAC,West,fcs,#e0aa0f,#eaaa00,"['http://a.espncdn.com/i/teamlogos/ncaa/500/2029.png', 'http://a.espncdn.com/i/teamlogos/ncaa/500-dark/2029.png']",@UAPBLionsRoar,"{'id': 3740, 'name': 'Golden Lion Stadium', 'city': 'Pine Bluff', 'state': 'AR', 'zip': '71601', 'countryCode': 'US', 'timezone': 'America/Chicago', 'latitude': 34.253327, 'longitude': -92.0214031, 'elevation': '67.71961975', 'capacity': 16000, 'constructionYear': 2000, 'grass': False, 'dome': False}"
2032,Arkansas State,Red Wolves,ARST,"['ARST', 'Arkansas St']",Sun Belt,West,fbs,#e81018,#000000,"['http://a.espncdn.com/i/teamlogos/ncaa/500/2032.png', 'http://a.espncdn.com/i/teamlogos/ncaa/500-dark/2032.png']",@AStateFB,"{'id': 3625, 'name': 'Centennial Bank Stadium', 'city': 'Jonesboro', 'state': 'AR', 'zip': '72404', 'countryCode': 'US', 'timezone': 'America/Chicago', 'latitude': 35.8488977, 'longitude': -90.6677436, 'elevation': '89.52690887', 'capacity': 30382, 'constructionYear': 1974, 'grass': False, 'dome': False}"
2033,Arkansas Tech,Wonder Boys,ARKTECH,"['ARKTECH', 'Arkansas Tech']",Great American,,ii,#null,#null,"['http://a.espncdn.com/i/teamlogos/ncaa/500/2033.png', 'http://a.espncdn.com/i/teamlogos/ncaa/500-dark/2033.png']",,"{'id': 5870, 'name': 'Thone Stadium at Buerkle Field', 'city': 'Russellville', 'state': 'AR', 'zip': '26680', 'countryCode': 'US', 'timezone': None, 'latitude': 35.2784173, 'longitude': -93.1337856, 'elevation': None, 'capacity': 6500, 'constructionYear': None, 'grass': None, 'dome': False}"
349,Army,Black Knights,ARMY,"['ARMY', 'Army']",American Athletic,,fbs,#ce9c00,#231f20,"['http://a.espncdn.com/i/teamlogos/ncaa/500/349.png', 'http://a.espncdn.com/i/teamlogos/ncaa/500-dark/349.png']",@ArmyWP_Football,"{'id': 3841, 'name': 'Michie Stadium', 'city': 'West Point', 'state': 'NY', 'zip': '10996', 'countryCode': 'US', 'timezone': 'America/New_York', 'latitude': 41.3874924, 'longitude': -73.9640891, 'elevation': '99.21277618', 'capacity': 38000, 'constructionYear': 1924, 'grass': False, 'dome': False}"
308,Ashland,Eagles,ASH,"['ASH', 'Ashland']",Great Midwest Athletic,,ii,#null,#null,"['http://a.espncdn.com/i/teamlogos/ncaa/500/308.png', 'http://a.espncdn.com/i/teamlogos/ncaa/500-dark/308.png']",,"{'id': 3770, 'name': 'Jack Miller Stadium', 'city': 'Ashland', 'state': 'OH', 'zip': None, 'countryCode': 'US', 'timezone': None, 'latitude': 40.8686147, 'longitude': -82.3175942, 'elevation': None, 'capacity': 6000, 'constructionYear': None, 'grass': None, 'dome': False}"
1001048,Ashland University,,,[],,,,#null,#null,,,"{'id': None, 'name': None, 'city': None, 'state': None, 'zip': None, 'countryCode': None, 'timezone': None, 'latitude': None, 'longitude': None, 'elevation': None, 'capacity': None, 'constructionYear': None, 'grass': None, 'dome': None}"
2038,Assumption,Greyhounds,ASP,"['Assumption College', 'ASP', 'Assumption']",Northeast 10,,ii,#null,#null,"['http://a.espncdn.com/i/teamlogos/ncaa/500/2038.png', 'http://a.espncdn.com/i/teamlogos/ncaa/500-dark/2038.png']",,"{'id': 3848, 'name': 'Multi-Sport Stadium', 'city': 'Worcester', 'state': 'MA', 'zip': '01613', 'countryCode': 'US', 'timezone': None, 'latitude': 42.2625621, 'longitude': -71.8018877, 'elevation': '203.4', 'capacity': 1200, 'constructionYear': 2005, 'grass': None, 'dome': False}"
2,Auburn,Tigers,AUB,"['AUB', 'Auburn']",SEC,,fbs,#002b5c,#f26522,"['http://a.espncdn.com/i/teamlogos/ncaa/500/2.png', 'http://a.espncdn.com/i/teamlogos/ncaa/500-dark/2.png']",@AuburnFootball,"{'id': 3785, 'name': 'Jordan-Hare Stadium', 'city': 'Auburn', 'state': 'AL', 'zip': '36849', 'countryCode': 'US', 'timezone': 'America/Chicago', 'latitude': 32.6025532, 'longitude': -85.4897479, 'elevation': '201.1737976', 'capacity': 87451, 'constructionYear': 1939, 'grass': True, 'dome': False}"
124,Augsburg,Auggies,AUG,"['AUG', 'Augsburg']",Minnesota,,iii,#74233d,#a9a9aa,"['http://a.espncdn.com/i/teamlogos/ncaa/500/124.png', 'http://a.espncdn.com/i/teamlogos/ncaa/500-dark/124.png']",,"{'id': 5795, 'name': 'Edor Nelson Field', 'city': 'Minneapolis', 'state': 'MN', 'zip': '55488', 'countryCode': 'US', 'timezone': None, 'latitude': 44.9772995, 'longitude': -93.2654692, 'elevation': None, 'capacity': 1400, 'constructionYear': None, 'grass': None, 'dome': False}"
1000999,Augustana,,,[],,,,#null,#null,,,"{'id': None, 'name': None, 'city': None, 'state': None, 'zip': None, 'countryCode': None, 'timezone': None, 'latitude': None, 'longitude': None, 'elevation': None, 'capacity': None, 'constructionYear': None, 'grass': None, 'dome': None}"
2042,Augustana (IL),Vikings,AUGIL,"['AUGIL', 'Augustana IL']",CCIW,,iii,#null,#null,"['http://a.espncdn.com/i/teamlogos/ncaa/500/2042.png', 'http://a.espncdn.com/i/teamlogos/ncaa/500-dark/2042.png']",,"{'id': 5796, 'name': 'Charles D. Lindberg Stadium', 'city': 'Rock Island', 'state': 'IL', 'zip': '52801', 'countryCode': 'US', 'timezone': None, 'latitude': 41.4411786, 'longitude': -90.5766144, 'elevation': None, 'capacity': 1800, 'constructionYear': None, 'grass': None, 'dome': False}"
2043,Augustana University (SD),Vikings,AUSD,"['AUSD', 'Augustana (SD)']",Northern Sun,,ii,#null,#null,"['http://a.espncdn.com/i/teamlogos/ncaa/500/2043.png', 'http://a.espncdn.com/i/teamlogos/ncaa/500-dark/2043.png']",,"{'id': 5872, 'name': 'Kirkeby-Over Stadium', 'city': 'Sioux Falls', 'state': 'SD', 'zip': '57117', 'countryCode': 'US', 'timezone': None, 'latitude': 43.5488256, 'longitude': -96.7307737, 'elevation': None, 'capacity': 6500, 'constructionYear': None, 'grass': None, 'dome': False}"
2044,Aurora,Spartans,AUR,"['AUR', 'Aurora']",NACC,,iii,#00549f,#000000,"['http://a.espncdn.com/i/teamlogos/ncaa/500/2044.png', 'http://a.espncdn.com/i/teamlogos/ncaa/500-dark/2044.png']",,"{'id': 5797, 'name': 'Vago Field', 'city': 'Aurora', 'state': 'IL', 'zip': '60505', 'countryCode': 'US', 'timezone': None, 'latitude': 41.7571701, 'longitude': -88.3147539, 'elevation': None, 'capacity': 600, 'constructionYear': None, 'grass': None, 'dome': False}"
1001004,Aurora University,,,[],,,,#null,#null,,,"{'id': None, 'name': None, 'city': None, 'state': None, 'zip': None, 'countryCode': None, 'timezone': None, 'latitude': None, 'longitude': None, 'elevation': None, 'capacity': None, 'constructionYear': None, 'grass': None, 'dome': None}"
2045,Austin,'Roos,AUS,"['AUS', 'Austin']",Southern Collegiate Athletic,,iii,#null,#null,"['http://a.espncdn.com/i/teamlogos/ncaa/500/2045.png', 'http://a.espncdn.com/i/teamlogos/ncaa/500-dark/2045.png']",,"{'id': 5798, 'name': 'Jerry E. Apple Stadium', 'city': 'Sherman', 'state': 'TX', 'zip': '75090', 'countryCode': 'US', 'timezone': None, 'latitude': 36.2452294, 'longitude': -101.8858689, 'elevation': None, 'capacity': 2500, 'constructionYear': None, 'grass': None, 'dome': False}"
2046,Austin Peay,Governors,APSU,"['APSU', 'Austin Peay']",UAC,,fcs,#8e0b0b,#null,"['http://a.espncdn.com/i/teamlogos/ncaa/500/2046.png', 'http://a.espncdn.com/i/teamlogos/ncaa/500-dark/2046.png']",@AustinePeayFB,"{'id': 3742, 'name': 'Governors Stadium', 'city': 'Clarksville', 'state': 'TN', 'zip': '37040', 'countryCode': 'US', 'timezone': 'America/Chicago', 'latitude': 36.5362559, 'longitude': -87.3525507, 'elevation': '142.8643188', 'capacity': 10100, 'constructionYear': 1946, 'grass': False, 'dome': False}"
3178,Ave Maria University,Gyrenes,AVE M,"['AVE M', 'Ave Maria']",,,,#null,#null,"['http://a.espncdn.com/i/teamlogos/ncaa/500/3178.png', 'http://a.espncdn.com/i/teamlogos/ncaa/500-dark/3178.png']",,"{'id': None, 'name': None, 'city': None, 'state': None, 'zip': None, 'countryCode': None, 'timezone': None, 'latitude': None, 'longitude': None, 'elevation': None, 'capacity': None, 'constructionYear': None, 'grass': None, 'dome': None}"
2047,Averett,Cougars,AVE,"['AVE', 'Averett']",Old Dominion,,iii,#012853,#fdbb30,"['http://a.espncdn.com/i/teamlogos/ncaa/500/2047.png', 'http://a.espncdn.com/i/teamlogos/ncaa/500-dark/2047.png']",,"{'id': 5799, 'name': 'Daly Field at Frank R. Campbell Stadium', 'city': 'Danville', 'state': 'VA', 'zip': '25130', 'countryCode': 'US', 'timezone': None, 'latitude': 36.5859718, 'longitude': -79.3950228, 'elevation': None, 'capacity': 1200, 'constructionYear': None, 'grass': None, 'dome': False}"
1001068,Averett University,,,[],,,,#null,#null,,,"{'id': None, 'name': None, 'city': None, 'state': None, 'zip': None, 'countryCode': None, 'timezone': None, 'latitude': None, 'longitude': None, 'elevation': None, 'capacity': None, 'constructionYear': None, 'grass': None, 'dome': None}"
2048,Avila University,Eagles,AVILA,"['AVILA', 'Avila']",,,,#null,#null,"['http://a.espncdn.com/i/teamlogos/ncaa/500/2048.png', 'http://a.espncdn.com/i/teamlogos/ncaa/500-dark/2048.png']",,"{'id': None, 'name': None, 'city': None, 'state': None, 'zip': None, 'countryCode': None, 'timezone': None, 'latitude': None, 'longitude': None, 'elevation': None, 'capacity': None, 'constructionYear': None, 'grass': None, 'dome': None}"
2049,Azusa Pacific,Cougars,AZU,"['AZU', 'Azusa Pacific']",Great Northwest,,ii,#000000,#null,"['http://a.espncdn.com/i/teamlogos/ncaa/500/2049.png', 'http://a.espncdn.com/i/teamlogos/ncaa/500-dark/2049.png']",,"{'id': None, 'name': None, 'city': None, 'state': None, 'zip': None, 'countryCode': None, 'timezone': None, 'latitude': None, 'longitude': None, 'elevation': None, 'capacity': None, 'constructionYear': None, 'grass': None, 'dome': None}"
487,Bacone College,Warriors,BKN,"['BKN', 'Bacone College']",,,,#null,#null,"['http://a.espncdn.com/i/teamlogos/ncaa/500/487.png', 'http://a.espncdn.com/i/teamlogos/ncaa/500-dark/487.png']",,"{'id': None, 'name': None, 'city': None, 'state': None, 'zip': None, 'countryCode': None, 'timezone': None, 'latitude': None, 'longitude': None, 'elevation': None, 'capacity': None, 'constructionYear': None, 'grass': None, 'dome': None}"
488,Baker University,Baker,BAK,"['BAK', 'Baker']",,,,#null,#null,"['http://a.espncdn.com/i/teamlogos/ncaa/500/488.png', 'http://a.espncdn.com/i/teamlogos/ncaa/500-dark/488.png']",,"{'id': None, 'name': None, 'city': None, 'state': None, 'zip': None, 'countryCode': None, 'timezone': None, 'latitude': None, 'longitude': None, 'elevation': None, 'capacity': None, 'constructionYear': None, 'grass': None, 'dome': None}"
188,Baldwin Wallace,Yellow Jackets,BAL,"['BAL', 'Bald Wallace']",Ohio,,iii,#null,#null,"['http://a.espncdn.com/i/teamlogos/ncaa/500/188.png', 'http://a.espncdn.com/i/teamlogos/ncaa/500-dark/188.png']",,"{'id': 5801, 'name': 'George Finnie Stadium', 'city': 'Berea', 'state': 'OH', 'zip': '44017', 'countryCode': 'US', 'timezone': None, 'latitude': 41.3661614, 'longitude': -81.8543026, 'elevation': None, 'capacity': 7800, 'constructionYear': None, 'grass': None, 'dome': False}"
2050,Ball State,Cardinals,BALL,"['BALL', 'Ball State']",Mid-American,,fbs,#DA0000,#ffffff,"['http://a.espncdn.com/i/teamlogos/ncaa/500/2050.png', 'http://a.espncdn.com/i/teamlogos/ncaa/500-dark/2050.png']",@BallStateFB,"{'id': 3919, 'name': 'Scheumann Stadium', 'city': 'Muncie', 'state': 'IN', 'zip': '47306', 'countryCode': 'US', 'timezone': 'America/Indiana/Indianapolis', 'latitude': 40.2159422, 'longitude': -85.4161148, 'elevation': '285.481781', 'capacity': 22500, 'constructionYear': 1967, 'grass': False, 'dome': False}"
1001010,Barton C.C.,,,[],,,,#null,#null,,,"{'id': None, 'name': None, 'city': None, 'state': None, 'zip': None, 'countryCode': None, 'timezone': None, 'latitude': None, 'longitude': None, 'elevation': None, 'capacity': None, 'constructionYear': None, 'grass': None, 'dome': None}"
121,Bates,Bobcats,BAT,"['Bates', 'BAT', 'Bates']",NESCAC,,iii,#a51e36,#b2b3b2,"['http://a.espncdn.com/i/teamlogos/ncaa/500/121.png', 'http://a.espncdn.com/i/teamlogos/ncaa/500-dark/121.png']",,"{'id': 3733, 'name': 'Garcelon Field', 'city': 'Lewiston', 'state': 'ME', 'zip': '04240', 'countryCode': 'US', 'timezone': None, 'latitude': 44.100351, 'longitude': -70.2147764, 'elevation': None, 'capacity': 3500, 'constructionYear': None, 'grass': None, 'dome': False}"
239,Baylor,Bears,BAY,"['BAY', 'Baylor']",Big 12,,fbs,#154734,#ffb81c,"['http://a.espncdn.com/i/teamlogos/ncaa/500/239.png', 'http://a.espncdn.com/i/teamlogos/ncaa/500-dark/239.png']",@BUFootball,"{'id': 4727, 'name': 'McLane Stadium', 'city': 'Waco', 'state': 'TX', 'zip': '76704', 'countryCode': 'US', 'timezone': 'America/Chicago', 'latitude': 31.5582015, 'longitude': -97.1156702, 'elevation': '117.0538101', 'capacity': 45140, 'constructionYear': 2014, 'grass': False, 'dome': False}"
479,Becker College,Hawks,BEC,"['BEC', 'Becker College']",,,,#000000,#null,"['http://a.espncdn.com/i/teamlogos/ncaa/500/479.png', 'http://a.espncdn.com/i/teamlogos/ncaa/500-dark/479.png']",,"{'id': None, 'name': None, 'city': None, 'state': None, 'zip': None, 'countryCode': None, 'timezone': None, 'latitude': None, 'longitude': None, 'elevation': None, 'capacity': None, 'constructionYear': None, 'grass': None, 'dome': None}"
266,Beloit,Buccaneers,BEL,"['Beloit', 'BEL', 'Beloit']",Midwest,,iii,#null,#null,"['http://a.espncdn.com/i/teamlogos/ncaa/500/266.png', 'http://a.espncdn.com/i/teamlogos/ncaa/500-dark/266.png']",,"{'id': 3945, 'name': 'Strong Stadium', 'city': 'Beloit', 'state': 'WI', 'zip': '53500', 'countryCode': 'US', 'timezone': None, 'latitude': 42.5083272, 'longitude': -89.031784, 'elevation': None, 'capacity': 3000, 'constructionYear': None, 'grass': None, 'dome': False}"
132,Bemidji State,Beavers,BST,"['BST', 'Bemidji St']",Northern Sun,,ii,#null,#null,"['http://a.espncdn.com/i/teamlogos/ncaa/500/132.png', 'http://a.espncdn.com/i/teamlogos/ncaa/500-dark/132.png']",,"{'id': 5874, 'name': 'Chet Anderson Stadium', 'city': 'Bemidji', 'state': 'MN', 'zip': '56601', 'countryCode': 'US', 'timezone': None, 'latitude': 47.4785418, 'longitude': -94.8907869, 'elevation': None, 'capacity': 3500, 'constructionYear': None, 'grass': None, 'dome': False}"
490,Benedict College,Tigers,BEN,"['BEN', 'Benedict']",SIAC,,ii,#null,#null,"['http://a.espncdn.com/i/teamlogos/ncaa/500/490.png', 'http://a.espncdn.com/i/teamlogos/ncaa/500-dark/490.png']",,"{'id': 5875, 'name': 'Charlie W. Johnson Stadium', 'city': 'Columbia', 'state': 'SC', 'zip': '29201', 'countryCode': 'US', 'timezone': None, 'latitude': 34.0007493, 'longitude': -81.0343313, 'elevation': None, 'capacity': 10000, 'constructionYear': None, 'grass': None, 'dome': False}"
16111,Benedictine College,Ravens,BENC,"['BENC', 'Bndctn Col']",,,,#null,#null,"['http://a.espncdn.com/i/teamlogos/ncaa/500/16111.png', 'http://a.espncdn.com/i/teamlogos/ncaa/500-dark/16111.png']",,"{'id': None, 'name': None, 'city': None, 'state': None, 'zip': None, 'countryCode': None, 'timezone': None, 'latitude': None, 'longitude': None, 'elevation': None, 'capacity': None, 'constructionYear': None, 'grass': None, 'dome': None}"
2283,Benedictine University,Eagles,BENILL,"['BENILL', 'Benedictine']",NACC,,iii,#null,#null,"['http://a.espncdn.com/i/teamlogos/ncaa/500/2283.png', 'http://a.espncdn.com/i/teamlogos/ncaa/500-dark/2283.png']",,"{'id': 6284, 'name': 'Village of Lisle-Benedictine University Sports Complex', 'city': 'Lisle', 'state': 'IL', 'zip': '60532', 'countryCode': 'US', 'timezone': None, 'latitude': 41.801159, 'longitude': -88.0747687, 'elevation': None, 'capacity': 3071, 'constructionYear': None, 'grass': None, 'dome': False}"
2060,Bentley,Falcons,BENT,"['BENT', 'Bentley']",Northeast 10,,ii,#null,#null,"['http://a.espncdn.com/i/teamlogos/ncaa/500/2060.png', 'http://a.espncdn.com/i/teamlogos/ncaa/500-dark/2060.png']",,"{'id': 5876, 'name': 'Bentley University Football Stadium', 'city': 'Waltham', 'state': 'MA', 'zip': '05491', 'countryCode': 'US', 'timezone': None, 'latitude': 42.3756401, 'longitude': -71.2358004, 'elevation': None, 'capacity': 4800, 'constructionYear': None, 'grass': None, 'dome': False}"
2757,Berry College,Vikings,BER,"['BER', 'Berry']",Southern Athletic,,iii,#null,#null,"['http://a.espncdn.com/i/teamlogos/ncaa/500/2757.png', 'http://a.espncdn.com/i/teamlogos/ncaa/500-dark/2757.png']",,"{'id': 4422, 'name': 'Valhalla Stadium', 'city': 'Mount Berry', 'state': 'GA', 'zip': '30149', 'countryCode': 'US', 'timezone': None, 'latitude': 34.275093, 'longitude': -85.1832843, 'elevation': None, 'capacity': 2500, 'constructionYear': None, 'grass': None, 'dome': False}"
121695,Bethany Co,Bethany Co,,['Bethany Co'],,,,#null,#null,,,"{'id': None, 'name': None, 'city': None, 'state': None, 'zip': None, 'countryCode': None, 'timezone': None, 'latitude': None, 'longitude': None, 'elevation': None, 'capacity': None, 'constructionYear': None, 'grass': None, 'dome': None}"
492,Bethany (KS),Bethany (Ks),BETHA,"['Bethany (Kansas)', 'BETHA', 'Bethany KS']",,,,#null,#null,"['http://a.espncdn.com/i/teamlogos/ncaa/500/492.png', 'http://a.espncdn.com/i/teamlogos/ncaa/500-dark/492.png']",,"{'id': None, 'name': None, 'city': None, 'state': None, 'zip': None, 'countryCode': None, 'timezone': None, 'latitude': None, 'longitude': None, 'elevation': None, 'capacity': None, 'constructionYear': None, 'grass': None, 'dome': None}"
2062,Bethany (WV),Bison,BETHWV,"['Bethany (West Virginia)', 'BETHWV', 'Bethany (WV)']",Presidents',,iii,#null,#null,"['http://a.espncdn.com/i/teamlogos/ncaa/500/2062.png', 'http://a.espncdn.com/i/teamlogos/ncaa/500-dark/2062.png']",,"{'id': 5803, 'name': 'Bison Stadium', 'city': 'Bethany', 'state': 'WV', 'zip': None, 'countryCode': 'US', 'timezone': None, 'latitude': 40.205627, 'longitude': -80.5567384, 'elevation': None, 'capacity': 1000, 'constructionYear': None, 'grass': None, 'dome': False}"
121754,Bethel Col,Bethel Col,,['Bethel Col'],,,,#null,#null,,,"{'id': None, 'name': None, 'city': None, 'state': None, 'zip': None, 'countryCode': None, 'timezone': None, 'latitude': None, 'longitude': None, 'elevation': None, 'capacity': None, 'constructionYear': None, 'grass': None, 'dome': None}"
2802,Bethel (MN),Royals,BET,"['BET', 'Bethel (MN)']",Minnesota,,iii,#002d62,#b59859,"['http://a.espncdn.com/i/teamlogos/ncaa/500/2802.png', 'http://a.espncdn.com/i/teamlogos/ncaa/500-dark/2802.png']",,"{'id': 5804, 'name': 'Royal Stadium', 'city': 'Arden Hills', 'state': 'MN', 'zip': '55126', 'countryCode': 'US', 'timezone': None, 'latitude': 45.0761409, 'longitude': -93.1666945, 'elevation': None, 'capacity': 8000, 'constructionYear': None, 'grass': None, 'dome': False}"
2064,Bethel University Tennessee,Wildcats,BETHTN,"['BETHTN', 'Bethel TN']",,,,#null,#null,"['http://a.espncdn.com/i/teamlogos/ncaa/500/2064.png', 'http://a.espncdn.com/i/teamlogos/ncaa/500-dark/2064.png']",,"{'id': None, 'name': None, 'city': None, 'state': None, 'zip': None, 'countryCode': None, 'timezone': None, 'latitude': None, 'longitude': None, 'elevation': None, 'capacity': None, 'constructionYear': None, 'grass': None, 'dome': None}"
2065,Bethune-Cookman,Wildcats,BCU,"['BCU', 'Bethune']",SWAC,East,fcs,#7b1831,#e9aa12,"['http://a.espncdn.com/i/teamlogos/ncaa/500/2065.png', 'http://a.espncdn.com/i/teamlogos/ncaa/500-dark/2065.png']",@BCUGridiron,"{'id': 3850, 'name': 'Municipal Stadium', 'city': 'Daytona Beach', 'state': 'FL', 'zip': '32114', 'countryCode': 'US', 'timezone': 'America/New_York', 'latitude': 29.173466, 'longitude': -81.117511, 'elevation': '9.516305923', 'capacity': 10000, 'constructionYear': 1979, 'grass': False, 'dome': False}"
111675,Biddeford,Nor'easters,NWENG,"['NWENG', 'NEWENGLAND']",Commonwealth Coast,,iii,#null,#null,,,"{'id': 6135, 'name': 'Blue Storm Stadium', 'city': 'Portland', 'state': 'ME', 'zip': '04102', 'countryCode': 'US', 'timezone': None, 'latitude': 43.6610277, 'longitude': -70.2548596, 'elevation': None, 'capacity': 1600, 'constructionYear': None, 'grass': None, 'dome': False}"
3,Birmingham-Southern,Panthers,BIR,"['BIR', 'Birmingham-Southern']",Southern Athletic,,iii,#000000,#null,"['http://a.espncdn.com/i/teamlogos/ncaa/500/3.png', 'http://a.espncdn.com/i/teamlogos/ncaa/500-dark/3.png']",,"{'id': 3871, 'name': 'General Charles C. Krulak Stadium', 'city': 'Birmingham', 'state': 'AL', 'zip': '35202', 'countryCode': 'US', 'timezone': None, 'latitude': 33.5206824, 'longitude': -86.8024326, 'elevation': None, 'capacity': 1600, 'constructionYear': None, 'grass': None, 'dome': False}"
2070,Blackburn,Beavers,BLA,"['BLA', 'Blackburn']",,,,#000000,#null,"['http://a.espncdn.com/i/teamlogos/ncaa/500/2070.png', 'http://a.espncdn.com/i/teamlogos/ncaa/500-dark/2070.png']",,"{'id': None, 'name': None, 'city': None, 'state': None, 'zip': None, 'countryCode': None, 'timezone': None, 'latitude': None, 'longitude': None, 'elevation': None, 'capacity': None, 'constructionYear': None, 'grass': None, 'dome': None}"
2069,Black Hills State,Yellow Jackets,BHST,"['BHST', 'Black Hills St']",Rocky Mountain,,ii,#null,#null,"['http://a.espncdn.com/i/teamlogos/ncaa/500/2069.png', 'http://a.espncdn.com/i/teamlogos/ncaa/500-dark/2069.png']",,"{'id': 5877, 'name': 'Lyle Hare Stadium', 'city': 'Spearfish', 'state': 'SD', 'zip': '57783', 'countryCode': 'US', 'timezone': None, 'latitude': 44.490817, 'longitude': -103.85937, 'elevation': None, 'capacity': 4200, 'constructionYear': None, 'grass': None, 'dome': False}"
1000949,Blinn College,,,[],,,,#null,#null,,,"{'id': None, 'name': None, 'city': None, 'state': None, 'zip': None, 'countryCode': None, 'timezone': None, 'latitude': None, 'longitude': None, 'elevation': None, 'capacity': None, 'constructionYear': None, 'grass': None, 'dome': None}"
1000959,Blinn College,,,[],,,,#null,#null,,,"{'id': None, 'name': None, 'city': None, 'state': None, 'zip': None, 'countryCode': None, 'timezone': None, 'latitude': None, 'longitude': None, 'elevation': None, 'capacity': None, 'constructionYear': None, 'grass': None, 'dome': None}"
1000962,Blinn College,,,[],,,,#null,#null,,,"{'id': None, 'name': None, 'city': None, 'state': None, 'zip': None, 'countryCode': None, 'timezone': None, 'latitude': None, 'longitude': None, 'elevation': None, 'capacity': None, 'constructionYear': None, 'grass': None, 'dome': None}"
1000961,Blinn College,,,[],,,,#null,#null,,,"{'id': None, 'name': None, 'city': None, 'state': None, 'zip': None, 'countryCode': None, 'timezone': None, 'latitude': None, 'longitude': None, 'elevation': None, 'capacity': None, 'constructionYear': None, 'grass': None, 'dome': None}"
2071,Bloomsburg,Huskies,BLMSB,"['BLMSB', 'Bloomsburg']",Pennsylvania State Athletic,Eastern,ii,#null,#null,"['http://a.espncdn.com/i/teamlogos/ncaa/500/2071.png', 'http://a.espncdn.com/i/teamlogos/ncaa/500-dark/2071.png']",,"{'id': 4435, 'name': 'Robert B. Redman Stadium', 'city': 'Bloomsburg', 'state': 'PA', 'zip': '17815', 'countryCode': 'US', 'timezone': None, 'latitude': 41.0044958, 'longitude': -76.4537302, 'elevation': None, 'capacity': 5000, 'constructionYear': None, 'grass': None, 'dome': False}"
495,BLUEFIELD,Ramblin' Rams,BLU,"['BLU', 'Bluefield']",,,,#null,#null,"['http://a.espncdn.com/i/teamlogos/ncaa/500/495.png', 'http://a.espncdn.com/i/teamlogos/ncaa/500-dark/495.png']",,"{'id': None, 'name': None, 'city': None, 'state': None, 'zip': None, 'countryCode': None, 'timezone': None, 'latitude': None, 'longitude': None, 'elevation': None, 'capacity': None, 'constructionYear': None, 'grass': None, 'dome': None}"
124180,Bluefield State,Big Blue,BLU,"['BLU', 'Bluefield St']",CIAA,Northern,ii,#null,#null,,,"{'id': 6221, 'name': 'Mitchell Stadium', 'city': 'Bluefield', 'state': 'WV', 'zip': '24701', 'countryCode': 'US', 'timezone': None, 'latitude': 37.2698395, 'longitude': -81.2223195, 'elevation': None, 'capacity': 10000, 'constructionYear': None, 'grass': None, 'dome': False}"
2074,Bluffton,Beavers,BLUFFTON,"['BLUFFTON', 'Bluffton']",Heartland,,iii,#46166a,#ffffff,"['http://a.espncdn.com/i/teamlogos/ncaa/500/2074.png', 'http://a.espncdn.com/i/teamlogos/ncaa/500-dark/2074.png']",,"{'id': 5805, 'name': 'Alumni Field (OH)', 'city': 'Bluffton', 'state': 'OH', 'zip': '45817', 'countryCode': 'US', 'timezone': None, 'latitude': 40.8934459, 'longitude': -83.8917849, 'elevation': None, 'capacity': 2600, 'constructionYear': None, 'grass': None, 'dome': False}"
68,Boise State,Broncos,BOIS,"['BOIS', 'Boise St']",Pac-12,,fbs,#0033a0,#fa4616,"['http://a.espncdn.com/i/teamlogos/ncaa/500/68.png', 'http://a.espncdn.com/i/teamlogos/ncaa/500-dark/68.png']",@BroncoSportsFB,"{'id': 3653, 'name': 'Albertsons Stadium', 'city': 'Boise', 'state': 'ID', 'zip': '83725', 'countryCode': 'US', 'timezone': 'America/Boise', 'latitude': 43.6028839, 'longitude': -116.1958882, 'elevation': '823.2221069', 'capacity': 36387, 'constructionYear': 1970, 'grass': False, 'dome': False}"
103,Boston College,Eagles,BC,"['BC', 'Boston College']",ACC,,fbs,#8c2232,#dbcca6,"['http://a.espncdn.com/i/teamlogos/ncaa/500/103.png', 'http://a.espncdn.com/i/teamlogos/ncaa/500-dark/103.png']",@BCFootball,"{'id': 3615, 'name': 'Alumni Stadium (Chestnut Hill, MA)', 'city': 'Chestnut Hill', 'state': 'MA', 'zip': '2467 ', 'countryCode': 'US', 'timezone': 'America/New_York', 'latitude': 42.335104, 'longitude': -71.1664413, 'elevation': '39.82634354', 'capacity': 44500, 'constructionYear': 1957, 'grass': False, 'dome': False}"
340,Bowdoin,Polar Bears,BOW,"['BOW', 'Bowdoin']",NESCAC,,iii,#ffffff,#000000,"['http://a.espncdn.com/i/teamlogos/ncaa/500/340.png', 'http://a.espncdn.com/i/teamlogos/ncaa/500-dark/340.png']",,"{'id': 5806, 'name': 'Whittier Field', 'city': 'Brunswick', 'state': 'ME', 'zip': '04011', 'countryCode': 'US', 'timezone': None, 'latitude': 43.9145244, 'longitude': -69.9653278, 'elevation': None, 'capacity': 9000, 'constructionYear': None, 'grass': None, 'dome': False}"
2075,Bowie State,Bulldogs,BSU,"['BSU', 'Bowie St']",CIAA,Northern,ii,#null,#null,"['http://a.espncdn.com/i/teamlogos/ncaa/500/2075.png', 'http://a.espncdn.com/i/teamlogos/ncaa/500-dark/2075.png']",,"{'id': 5873, 'name': 'Bulldogs Stadium', 'city': 'Bowie', 'state': 'MD', 'zip': '20720', 'countryCode': 'US', 'timezone': None, 'latitude': 38.9424464, 'longitude': -76.7301718, 'elevation': None, 'capacity': 2964, 'constructionYear': None, 'grass': None, 'dome': False}"
189,Bowling Green,Falcons,BGSU,"['Bowling Green State', 'BGSU', 'Bowling Green']",Mid-American,,fbs,#2b1000,#492000,"['http://a.espncdn.com/i/teamlogos/ncaa/500/189.png', 'http://a.espncdn.com/i/teamlogos/ncaa/500-dark/189.png']",@BG_Football,"{'id': 3700, 'name': 'Doyt L. Perry Stadium', 'city': 'Bowling Green', 'state': 'OH', 'zip': '43403', 'countryCode': 'US', 'timezone': 'America/New_York', 'latitude': 41.3780114, 'longitude': -83.6225, 'elevation': '205.9057465', 'capacity': 24000, 'constructionYear': 1966, 'grass': False, 'dome': False}"
2913,Brevard College,Tornados,BRE,"['BRE', 'Brevard']",USA South,,iii,#null,#null,"['http://a.espncdn.com/i/teamlogos/ncaa/500/2913.png', 'http://a.espncdn.com/i/teamlogos/ncaa/500-dark/2913.png']",,"{'id': 5807, 'name': 'Brevard Memorial Stadium', 'city': 'Brevard', 'state': 'NC', 'zip': None, 'countryCode': 'US', 'timezone': None, 'latitude': 35.2334472, 'longitude': -82.7342919, 'elevation': None, 'capacity': 7000, 'constructionYear': None, 'grass': None, 'dome': False}"
18,Bridgewater State,Bears,BRST,"['BRST', 'Bridgewater St']",MSCAC,,iii,#bf2f38,#000000,"['http://a.espncdn.com/i/teamlogos/ncaa/500/18.png', 'http://a.espncdn.com/i/teamlogos/ncaa/500-dark/18.png']",,"{'id': 5808, 'name': 'Edward C. Swenson Athletic Complex', 'city': 'Bridgewater', 'state': 'MA', 'zip': '50837', 'countryCode': 'US', 'timezone': None, 'latitude': 41.9903787, 'longitude': -70.9750426, 'elevation': None, 'capacity': 1560, 'constructionYear': None, 'grass': None, 'dome': False}"
2079,Bridgewater (VA),Eagles,BRVA,"['BRVA', 'Bridgewater VA']",Old Dominion,,iii,#990022,#8d724b,"['http://a.espncdn.com/i/teamlogos/ncaa/500/2079.png', 'http://a.espncdn.com/i/teamlogos/ncaa/500-dark/2079.png']",,"{'id': 5800, 'name': 'Jopson Athletic Complex', 'city': 'Bridgewater', 'state': 'VA', 'zip': None, 'countryCode': 'US', 'timezone': None, 'latitude': 38.3820655, 'longitude': -78.9766975, 'elevation': None, 'capacity': 3500, 'constructionYear': None, 'grass': None, 'dome': False}"
2080,British Columbia,British Col,BBM,"['BBM', 'Britsh Col']",,,,#null,#null,"['http://a.espncdn.com/i/teamlogos/ncaa/500/2080.png', 'http://a.espncdn.com/i/teamlogos/ncaa/500-dark/2080.png']",,"{'id': None, 'name': None, 'city': None, 'state': None, 'zip': None, 'countryCode': None, 'timezone': None, 'latitude': None, 'longitude': None, 'elevation': None, 'capacity': None, 'constructionYear': None, 'grass': None, 'dome': None}"
2781,Brockport,Golden Eagles,BRO,"['BRO', 'Brockport']",Empire 8,,iii,#null,#null,"['http://a.espncdn.com/i/teamlogos/ncaa/500/2781.png', 'http://a.espncdn.com/i/teamlogos/ncaa/500-dark/2781.png']",,"{'id': 6126, 'name': 'Bob Boozer Field', 'city': 'Brockport', 'state': 'NY', 'zip': '14420', 'countryCode': 'US', 'timezone': None, 'latitude': 43.213671, 'longitude': -77.93918, 'elevation': None, 'capacity': 10000, 'constructionYear': None, 'grass': None, 'dome': False}"
225,Brown,Bears,BRWN,"['BRWN', 'Brown']",Ivy,,fcs,#411e09,#949300,"['http://a.espncdn.com/i/teamlogos/ncaa/500/225.png', 'http://a.espncdn.com/i/teamlogos/ncaa/500-dark/225.png']",@BrownU_Football,"{'id': 3656, 'name': 'Brown Stadium', 'city': 'Providence', 'state': 'RI', 'zip': '2912 ', 'countryCode': 'US', 'timezone': 'America/New_York', 'latitude': 41.842114, 'longitude': -71.3939416, 'elevation': '33.87348557', 'capacity': 20000, 'constructionYear': 1925, 'grass': False, 'dome': False}"
2803,Bryant,Bulldogs,BRY,"['BRY', 'Bryant']",CAA,,fcs,#null,#9f8343,"['http://a.espncdn.com/i/teamlogos/ncaa/500/2803.png', 'http://a.espncdn.com/i/teamlogos/ncaa/500-dark/2803.png']",@BryantUFootball,"{'id': 3661, 'name': 'Bulldog Stadium', 'city': 'Smithfield', 'state': 'RI', 'zip': '93710', 'countryCode': 'US', 'timezone': 'America/New_York', 'latitude': 41.924206, 'longitude': -71.5385124, 'elevation': '124.471344', 'capacity': 4400, 'constructionYear': 1999, 'grass': False, 'dome': False}"
2083,Bucknell,Bison,BUCK,"['BUCK', 'Bucknell']",Patriot,,fcs,#000060,#00316e,"['http://a.espncdn.com/i/teamlogos/ncaa/500/2083.png', 'http://a.espncdn.com/i/teamlogos/ncaa/500-dark/2083.png']",@Bucknell_FB,"{'id': 3676, 'name': 'Christy Mathewson-Memorial Stadium', 'city': 'Lewisburg', 'state': 'PA', 'zip': '17837', 'countryCode': 'US', 'timezone': 'America/New_York', 'latitude': 40.9519411, 'longitude': -76.884752, 'elevation': '151.194931', 'capacity': 13100, 'constructionYear': 1924, 'grass': False, 'dome': False}"
63,Buena Vista,Beavers,BUENA,"['BUENA', 'Buena Vista']",American Rivers,,iii,#feba12,#001440,"['http://a.espncdn.com/i/teamlogos/ncaa/500/63.png', 'http://a.espncdn.com/i/teamlogos/ncaa/500-dark/63.png']",,"{'id': 5809, 'name': 'J. Leslie Rollins Stadium', 'city': 'Storm Lake', 'state': 'IA', 'zip': '50588', 'countryCode': 'US', 'timezone': None, 'latitude': 42.6452817, 'longitude': -95.1992726, 'elevation': None, 'capacity': 3000, 'constructionYear': None, 'grass': None, 'dome': False}"
2084,Buffalo,Bulls,BUF,"['BUF', 'Buffalo']",Mid-American,,fbs,#041A9B,#ebebeb,"['http://a.espncdn.com/i/teamlogos/ncaa/500/2084.png', 'http://a.espncdn.com/i/teamlogos/ncaa/500-dark/2084.png']",@UBFootball,"{'id': 3965, 'name': 'UB Stadium', 'city': 'Amherst', 'state': 'NY', 'zip': '14260', 'countryCode': 'US', 'timezone': 'America/New_York', 'latitude': 42.9991334, 'longitude': -78.7775113, 'elevation': '181.5759735', 'capacity': 30270, 'constructionYear': 1993, 'grass': False, 'dome': False}"
2085,Buffalo State,Bengals,BUF,"['BUF', 'Buffalo State']",Liberty League,,iii,#null,#null,"['http://a.espncdn.com/i/teamlogos/ncaa/500/2085.png', 'http://a.espncdn.com/i/teamlogos/ncaa/500-dark/2085.png']",,"{'id': 5810, 'name': 'Coyer Field', 'city': 'Buffalo', 'state': 'NY', 'zip': '14026', 'countryCode': 'US', 'timezone': None, 'latitude': 42.8867166, 'longitude': -78.8783922, 'elevation': None, 'capacity': 3000, 'constructionYear': None, 'grass': None, 'dome': False}"
2086,Butler,Bulldogs,BUT,"['BUT', 'Butler']",Pioneer,,fcs,#0d1361,#00a3e0,"['http://a.espncdn.com/i/teamlogos/ncaa/500/2086.png', 'http://a.espncdn.com/i/teamlogos/ncaa/500-dark/2086.png']",@ButlerUFootball,"{'id': 3664, 'name': 'Butler Bowl', 'city': 'Indianapolis', 'state': 'IN', 'zip': '46721', 'countryCode': 'US', 'timezone': 'America/Indiana/Indianapolis', 'latitude': 39.8444694, 'longitude': -86.1659242, 'elevation': '221.1980591', 'capacity': 5647, 'constructionYear': 1928, 'grass': False, 'dome': False}"
1000948,Butler C.C.,,,[],,,,#null,#null,,,"{'id': None, 'name': None, 'city': None, 'state': None, 'zip': None, 'countryCode': None, 'timezone': None, 'latitude': None, 'longitude': None, 'elevation': None, 'capacity': None, 'constructionYear': None, 'grass': None, 'dome': None}"
1000939,Butler C.C.,,,[],,,,#null,#null,,,"{'id': None, 'name': None, 'city': None, 'state': None, 'zip': None, 'countryCode': None, 'timezone': None, 'latitude': None, 'longitude': None, 'elevation': None, 'capacity': None, 'constructionYear': None, 'grass': None, 'dome': None}"
1000947,Butler C.C.,,,[],,,,#null,#null,,,"{'id': None, 'name': None, 'city': None, 'state': None, 'zip': None, 'countryCode': None, 'timezone': None, 'latitude': None, 'longitude': None, 'elevation': None, 'capacity': None, 'constructionYear': None, 'grass': None, 'dome': None}"
1000965,Butler County (KS),,,[],,,,#null,#null,,,"{'id': None, 'name': None, 'city': None, 'state': None, 'zip': None, 'countryCode': None, 'timezone': None, 'latitude': None, 'longitude': None, 'elevation': None, 'capacity': None, 'constructionYear': None, 'grass': None, 'dome': None}"
252,BYU,Cougars,BYU,"['Brigham Young', 'BYU', 'BYU']",Big 12,,fbs,#003da5,#ffffff,"['http://a.espncdn.com/i/teamlogos/ncaa/500/252.png', 'http://a.espncdn.com/i/teamlogos/ncaa/500-dark/252.png']",@BYUFootball,"{'id': 3801, 'name': 'LaVell Edwards Stadium', 'city': 'Provo', 'state': 'UT', 'zip': '84602', 'countryCode': 'US', 'timezone': 'America/Denver', 'latitude': 40.2575347, 'longitude': -111.6545247, 'elevation': '1412.097046', 'capacity': 63470, 'constructionYear': 1964, 'grass': True, 'dome': False}"
25,California,Golden Bears,CAL,"['CAL', 'California']",ACC,,fbs,#031522,#ffc423,"['http://a.espncdn.com/i/teamlogos/ncaa/500/25.png', 'http://a.espncdn.com/i/teamlogos/ncaa/500-dark/25.png']",@CalFootball,"{'id': 3831, 'name': 'California Memorial Stadium', 'city': 'Berkeley', 'state': 'CA', 'zip': '94720', 'countryCode': 'US', 'timezone': 'America/Los_Angeles', 'latitude': 37.8710434, 'longitude': -122.2507729, 'elevation': '125.3108063', 'capacity': 62467, 'constructionYear': 1923, 'grass': False, 'dome': False}"
2094,California Lutheran University,Kingsmen,CALLUTH,"['California Lutheran', 'CALLUTH', 'Cal Luthrn']",So. Cal.,,iii,#3b2361,#fec223,"['http://a.espncdn.com/i/teamlogos/ncaa/500/2094.png', 'http://a.espncdn.com/i/teamlogos/ncaa/500-dark/2094.png']",,"{'id': 5811, 'name': 'William Rolland Stadium', 'city': 'Thousand Oaks', 'state': 'CA', 'zip': '94707', 'countryCode': 'US', 'timezone': None, 'latitude': 34.1705609, 'longitude': -118.8375937, 'elevation': None, 'capacity': 2000, 'constructionYear': None, 'grass': None, 'dome': False}"
1000987,"California, Pa.",,,[],,,,#null,#null,,,"{'id': None, 'name': None, 'city': None, 'state': None, 'zip': None, 'countryCode': None, 'timezone': None, 'latitude': None, 'longitude': None, 'elevation': None, 'capacity': None, 'constructionYear': None, 'grass': None, 'dome': None}"
13,Cal Poly,Mustangs,CP,"['CP', 'Cal Poly']",Big Sky,,fcs,#1E4D2B,#eed897,"['http://a.espncdn.com/i/teamlogos/ncaa/500/13.png', 'http://a.espncdn.com/i/teamlogos/ncaa/500-dark/13.png']",@CalPolyFootball,"{'id': 1027, 'name': 'Alex G. Spanos Stadium', 'city': 'San Luis Obispo', 'state': 'CA', 'zip': '93405', 'countryCode': 'US', 'timezone': 'America/Los_Angeles', 'latitude': 35.2984123, 'longitude': -120.6650005, 'elevation': '84.6832428', 'capacity': 11075, 'constructionYear': 2006, 'grass': True, 'dome': False}"
129738,Calvin University,Knights,CAL,"['CAL', 'Calvin Univers']",Michigan,,iii,#null,#null,,,"{'id': 10463, 'name': 'Grand Rapids Christian High School', 'city': 'Grand Rapids', 'state': 'MI', 'zip': None, 'countryCode': 'US', 'timezone': None, 'latitude': None, 'longitude': None, 'elevation': None, 'capacity': None, 'constructionYear': None, 'grass': None, 'dome': False}"
2097,Campbell,Fighting Camels,CAM,"['CAM', 'Campbell']",CAA,,fcs,#null,#null,"['http://a.espncdn.com/i/teamlogos/ncaa/500/2097.png', 'http://a.espncdn.com/i/teamlogos/ncaa/500-dark/2097.png']",@GoCamelsFB,"{'id': 3629, 'name': 'Barker-Lane Stadium', 'city': 'Buies Creek', 'state': 'NC', 'zip': '27506', 'countryCode': 'US', 'timezone': 'America/New_York', 'latitude': 35.4047689, 'longitude': -78.7424842, 'elevation': '56.51401138', 'capacity': 5500, 'constructionYear': 2008, 'grass': False, 'dome': False}"
1001042,Campbellsville,,,[],,,,#null,#null,,,"{'id': None, 'name': None, 'city': None, 'state': None, 'zip': None, 'countryCode': None, 'timezone': None, 'latitude': None, 'longitude': None, 'elevation': None, 'capacity': None, 'constructionYear': None, 'grass': None, 'dome': None}"
2098,Campbellsville University,Tigers,CMPBVIL,"['CMPBVIL', 'Camplville']",,,,#null,#null,,,"{'id': None, 'name': None, 'city': None, 'state': None, 'zip': None, 'countryCode': None, 'timezone': None, 'latitude': None, 'longitude': None, 'elevation': None, 'capacity': None, 'constructionYear': None, 'grass': None, 'dome': None}"
424,Capital,Comets,CAPITAL,"['CAPITAL', 'Capital']",Ohio,,iii,#null,#null,"['http://a.espncdn.com/i/teamlogos/ncaa/500/424.png', 'http://a.espncdn.com/i/teamlogos/ncaa/500-dark/424.png']",,"{'id': 5812, 'name': 'Bernlohr Stadium', 'city': 'Bexley', 'state': 'OH', 'zip': '43209', 'countryCode': 'US', 'timezone': None, 'latitude': 39.9692378, 'longitude': -82.936864, 'elevation': None, 'capacity': 3000, 'constructionYear': None, 'grass': None, 'dome': False}"
2101,Carleton,Knights,CARLETON,"['CARLETON', 'Carleton']",Minnesota,,iii,#173a79,#edac09,"['http://a.espncdn.com/i/teamlogos/ncaa/500/2101.png', 'http://a.espncdn.com/i/teamlogos/ncaa/500-dark/2101.png']",,"{'id': 7079, 'name': 'Laird Stadium', 'city': 'Northfield', 'state': 'MN', 'zip': '55057', 'countryCode': 'US', 'timezone': None, 'latitude': 44.4582041, 'longitude': -93.161159, 'elevation': None, 'capacity': 7500, 'constructionYear': None, 'grass': None, 'dome': False}"
2102,Carnegie Mellon,Tartans,CARM,"['CARM', 'Carng Mell']",Presidents',,iii,#null,#null,"['http://a.espncdn.com/i/teamlogos/ncaa/500/2102.png', 'http://a.espncdn.com/i/teamlogos/ncaa/500-dark/2102.png']",,"{'id': 5814, 'name': 'Gesling Stadium', 'city': 'Pittsburgh', 'state': 'PA', 'zip': '15219', 'countryCode': 'US', 'timezone': None, 'latitude': 40.4416941, 'longitude': -79.9900861, 'elevation': None, 'capacity': 3500, 'constructionYear': None, 'grass': None, 'dome': False}"
1001008,Carroll College,,,[],,,,#null,#null,,,"{'id': None, 'name': None, 'city': None, 'state': None, 'zip': None, 'countryCode': None, 'timezone': None, 'latitude': None, 'longitude': None, 'elevation': None, 'capacity': None, 'constructionYear': None, 'grass': None, 'dome': None}"
32,Carroll University (WI),Pioneers,CAR,"['Carroll (Wisconsin)', 'CAR', 'Carroll WI']",CCIW,,iii,#null,#null,"['http://a.espncdn.com/i/teamlogos/ncaa/500/32.png', 'http://a.espncdn.com/i/teamlogos/ncaa/500-dark/32.png']",,"{'id': 5815, 'name': 'Schneider Stadium', 'city': 'Waukesha', 'state': 'WI', 'zip': '53187', 'countryCode': 'US', 'timezone': None, 'latitude': 43.0053145, 'longitude': -88.24736430153254, 'elevation': None, 'capacity': 2000, 'constructionYear': None, 'grass': None, 'dome': False}"
1001060,Carson Newman,,,[],,,,#null,#null,,,"{'id': None, 'name': None, 'city': None, 'state': None, 'zip': None, 'countryCode': None, 'timezone': None, 'latitude': None, 'longitude': None, 'elevation': None, 'capacity': None, 'constructionYear': None, 'grass': None, 'dome': None}"
2105,Carson-Newman College,Eagles,CAR,"['Carson Newman College', 'CAR', 'Carson-Newman']",South Atlantic,,ii,#f2682a,#0c233f,"['http://a.espncdn.com/i/teamlogos/ncaa/500/2105.png', 'http://a.espncdn.com/i/teamlogos/ncaa/500-dark/2105.png']",,"{'id': 3663, 'name': 'Burke-Tarr Stadium', 'city': 'Jefferson City', 'state': 'TN', 'zip': None, 'countryCode': 'US', 'timezone': None, 'latitude': 36.122311, 'longitude': -83.4923961, 'elevation': None, 'capacity': 6500, 'constructionYear': None, 'grass': None, 'dome': False}"
2106,Carthage,Firebirds,CARCWI,"['CARCWI', 'Carthage']",CCIW,,iii,#null,#null,"['http://a.espncdn.com/i/teamlogos/ncaa/500/2106.png', 'http://a.espncdn.com/i/teamlogos/ncaa/500-dark/2106.png']",,"{'id': 5816, 'name': 'Art Keller Field', 'city': 'Kenosha', 'state': 'WI', 'zip': '53140', 'countryCode': 'US', 'timezone': None, 'latitude': 42.5846773, 'longitude': -87.8212263, 'elevation': None, 'capacity': 2448, 'constructionYear': None, 'grass': None, 'dome': False}"
2963,Case Western Reserve,Spartans,CSR,"['CSR', 'Case Wstrn']",Presidents',,iii,#null,#null,"['http://a.espncdn.com/i/teamlogos/ncaa/500/2963.png', 'http://a.espncdn.com/i/teamlogos/ncaa/500-dark/2963.png']",,"{'id': 3671, 'name': 'Case Field', 'city': 'Cleveland', 'state': 'OH', 'zip': '85099', 'countryCode': 'US', 'timezone': 'America/New_York', 'latitude': 41.513447, 'longitude': -81.603634, 'elevation': '-81.603639', 'capacity': 2400, 'constructionYear': 2005, 'grass': False, 'dome': False}"
293,Castleton,Spartans,CAS,"['CAS', 'Castleton']",New Jersey,,iii,#null,#null,"['http://a.espncdn.com/i/teamlogos/ncaa/500/293.png', 'http://a.espncdn.com/i/teamlogos/ncaa/500-dark/293.png']",,"{'id': 5638, 'name': 'Dave Wolk Stadium', 'city': 'Castleton', 'state': 'VT', 'zip': '05735', 'countryCode': 'US', 'timezone': None, 'latitude': 43.6111275, 'longitude': -73.1807089, 'elevation': None, 'capacity': 5000, 'constructionYear': None, 'grass': None, 'dome': False}"
2107,Catawba,Indians,CAT,"['Catawba College', 'CAT', 'Catawba']",South Atlantic,,ii,#0c233f,#cb152f,"['http://a.espncdn.com/i/teamlogos/ncaa/500/2107.png', 'http://a.espncdn.com/i/teamlogos/ncaa/500-dark/2107.png']",,"{'id': 5122, 'name': 'Shuford Stadium', 'city': 'Salisbury', 'state': 'NC', 'zip': '28144', 'countryCode': 'US', 'timezone': None, 'latitude': 35.6709727, 'longitude': -80.4742261, 'elevation': None, 'capacity': 5000, 'constructionYear': None, 'grass': None, 'dome': False}"
2108,Catholic,Cardinals,CATH,"['CATH', 'Catholic']",Landmark Conference,,iii,#null,#null,"['http://a.espncdn.com/i/teamlogos/ncaa/500/2108.png', 'http://a.espncdn.com/i/teamlogos/ncaa/500-dark/2108.png']",,"{'id': 6202, 'name': 'Cardinal Stadium (DC)', 'city': 'Washington', 'state': 'DC', 'zip': '20549', 'countryCode': 'US', 'timezone': None, 'latitude': 38.8950368, 'longitude': -77.0365427, 'elevation': None, 'capacity': 3500, 'constructionYear': None, 'grass': None, 'dome': False}"
101442,CENTENARY,Gentlemen,CEN,"['CEN', 'Centenary']",Southern Collegiate Athletic,,iii,#null,#null,,,"{'id': 10465, 'name': 'Mayo Field', 'city': 'Shreveport', 'state': 'LA', 'zip': None, 'countryCode': 'US', 'timezone': None, 'latitude': None, 'longitude': None, 'elevation': None, 'capacity': None, 'constructionYear': None, 'grass': None, 'dome': False}"
2110,Central Arkansas,Bears,CARK,"['CARK', 'C Arkansas']",UAC,,fcs,#a7a9ac,#8e959a,"['http://a.espncdn.com/i/teamlogos/ncaa/500/2110.png', 'http://a.espncdn.com/i/teamlogos/ncaa/500-dark/2110.png']",@UCA_Football,"{'id': 3711, 'name': 'Estes Stadium', 'city': 'Conway', 'state': 'AR', 'zip': '72035', 'countryCode': 'US', 'timezone': 'America/Chicago', 'latitude': 35.0802599, 'longitude': -92.460045, 'elevation': '94.25577545', 'capacity': 10000, 'constructionYear': 1939, 'grass': False, 'dome': False}"
2964,Central College,Dutch,CNTCIA,"['CNTCIA', 'Central']",American Rivers,,iii,#ea0029,#c8c8c8,"['http://a.espncdn.com/i/teamlogos/ncaa/500/2964.png', 'http://a.espncdn.com/i/teamlogos/ncaa/500-dark/2964.png']",,"{'id': 5817, 'name': 'Ron and Joyce Schipper Stadium', 'city': 'Pella', 'state': 'IA', 'zip': '50219', 'countryCode': 'US', 'timezone': None, 'latitude': 41.4073138, 'longitude': -92.9174074, 'elevation': None, 'capacity': 1000, 'constructionYear': None, 'grass': None, 'dome': False}"
2115,Central Connecticut,Blue Devils,CCSU,"['Central Connecticut State', 'CCSU', 'C Connecticut']",NEC,,fcs,#1B49A2,#d1d5d8,"['http://a.espncdn.com/i/teamlogos/ncaa/500/2115.png', 'http://a.espncdn.com/i/teamlogos/ncaa/500-dark/2115.png']",@CCSUfootball,"{'id': 3624, 'name': 'Arute Field', 'city': 'New Britain', 'state': 'CT', 'zip': '6053 ', 'countryCode': 'US', 'timezone': 'America/New_York', 'latitude': 41.6950591, 'longitude': -72.7616197, 'elevation': '41.29866409', 'capacity': 5500, 'constructionYear': 1969, 'grass': False, 'dome': False}"
2860,Central Methodist,Eagles,CDF,"['CDF', 'C Methodst']",,,,#null,#null,"['http://a.espncdn.com/i/teamlogos/ncaa/500/2860.png', 'http://a.espncdn.com/i/teamlogos/ncaa/500-dark/2860.png']",,"{'id': None, 'name': None, 'city': None, 'state': None, 'zip': None, 'countryCode': None, 'timezone': None, 'latitude': None, 'longitude': None, 'elevation': None, 'capacity': None, 'constructionYear': None, 'grass': None, 'dome': None}"
2117,Central Michigan,Chippewas,CMU,"['CMU', 'C Michigan']",Mid-American,,fbs,#6a0032,#ffc82e,"['http://a.espncdn.com/i/teamlogos/ncaa/500/2117.png', 'http://a.espncdn.com/i/teamlogos/ncaa/500-dark/2117.png']",@CMU_Football,"{'id': 3786, 'name': 'Kelly/Shorts Stadium', 'city': 'Mount Pleasant', 'state': 'MI', 'zip': '48859', 'countryCode': 'US', 'timezone': 'America/Detroit', 'latitude': 43.5777313, 'longitude': -84.7709904, 'elevation': '240.9007721', 'capacity': 30255, 'constructionYear': 1972, 'grass': False, 'dome': False}"
2118,Central Missouri,Mules,CENM,"['CENM', 'C Missouri']",Mid America,,ii,#null,#null,"['http://a.espncdn.com/i/teamlogos/ncaa/500/2118.png', 'http://a.espncdn.com/i/teamlogos/ncaa/500-dark/2118.png']",,"{'id': 4724, 'name': 'Audrey J. Walton Stadium at Vernon Kennedy Field', 'city': 'Warrensburg', 'state': 'MO', 'zip': '64093', 'countryCode': 'US', 'timezone': None, 'latitude': 38.7624373, 'longitude': -93.7409596, 'elevation': None, 'capacity': 12000, 'constructionYear': None, 'grass': None, 'dome': False}"
1001025,Central Missouri State,,,[],,,,#null,#null,,,"{'id': None, 'name': None, 'city': None, 'state': None, 'zip': None, 'countryCode': None, 'timezone': None, 'latitude': None, 'longitude': None, 'elevation': None, 'capacity': None, 'constructionYear': None, 'grass': None, 'dome': None}"
2122,Central Oklahoma,Bronchos,CENO,"['CENO', 'C Okla']",Mid America,,ii,#null,#null,"['http://a.espncdn.com/i/teamlogos/ncaa/500/2122.png', 'http://a.espncdn.com/i/teamlogos/ncaa/500-dark/2122.png']",,"{'id': 5878, 'name': 'Wantland Stadium', 'city': 'Edmond', 'state': 'OK', 'zip': '73083', 'countryCode': 'US', 'timezone': None, 'latitude': 35.6571367, 'longitude': -97.4649038, 'elevation': None, 'capacity': 10000, 'constructionYear': None, 'grass': None, 'dome': False}"
1001059,Central State,,,[],,,,#null,#null,,,"{'id': None, 'name': None, 'city': None, 'state': None, 'zip': None, 'countryCode': None, 'timezone': None, 'latitude': None, 'longitude': None, 'elevation': None, 'capacity': None, 'constructionYear': None, 'grass': None, 'dome': None}"
2119,Central State (OH),Marauders,CEN,"['CEN', 'Central St']",SIAC,,ii,#null,#null,"['http://a.espncdn.com/i/teamlogos/ncaa/500/2119.png', 'http://a.espncdn.com/i/teamlogos/ncaa/500-dark/2119.png']",,"{'id': 4749, 'name': 'McPherson Memorial Stadium', 'city': 'Xenia', 'state': 'OH', 'zip': '45385', 'countryCode': 'US', 'timezone': None, 'latitude': 39.6847822, 'longitude': -83.9296526, 'elevation': None, 'capacity': 7000, 'constructionYear': None, 'grass': None, 'dome': False}"
2120,Central Washington,Wildcats,CENTWASH,"['CENTWASH', 'C Wash']",Lone Star,,ii,#null,#null,"['http://a.espncdn.com/i/teamlogos/ncaa/500/2120.png', 'http://a.espncdn.com/i/teamlogos/ncaa/500-dark/2120.png']",,"{'id': 5879, 'name': 'Tomlinson Stadium', 'city': 'Ellensburg', 'state': 'WA', 'zip': '98926', 'countryCode': 'US', 'timezone': None, 'latitude': 46.9970635, 'longitude': -120.545122, 'elevation': None, 'capacity': 4000, 'constructionYear': None, 'grass': None, 'dome': False}"
2121,Centre College Kentucky,Colonels,CENTRE,"['CENTRE', 'Centre']",Southern Athletic,,iii,#null,#null,"['http://a.espncdn.com/i/teamlogos/ncaa/500/2121.png', 'http://a.espncdn.com/i/teamlogos/ncaa/500-dark/2121.png']",,"{'id': 5818, 'name': 'Farris Stadium', 'city': 'Danville', 'state': 'KY', 'zip': None, 'countryCode': 'US', 'timezone': None, 'latitude': 37.6456488, 'longitude': -84.7721823, 'elevation': None, 'capacity': 3000, 'constructionYear': None, 'grass': None, 'dome': False}"
1000989,Cerritos College,,,[],,,,#null,#null,,,"{'id': None, 'name': None, 'city': None, 'state': None, 'zip': None, 'countryCode': None, 'timezone': None, 'latitude': None, 'longitude': None, 'elevation': None, 'capacity': None, 'constructionYear': None, 'grass': None, 'dome': None}"
2123,Chadron St,Eagles,CHADRONST,"['CHADRONST', 'Chadron St']",Rocky Mountain,,ii,#null,#null,"['http://a.espncdn.com/i/teamlogos/ncaa/500/2123.png', 'http://a.espncdn.com/i/teamlogos/ncaa/500-dark/2123.png']",,"{'id': 5880, 'name': 'Elliott Field at Don Beebe Stadium', 'city': 'Chadron', 'state': 'NE', 'zip': '69337', 'countryCode': 'US', 'timezone': None, 'latitude': 42.8309807, 'longitude': -103.0003729, 'elevation': None, 'capacity': 3500, 'constructionYear': None, 'grass': None, 'dome': False}"
411,Chapman,Panthers,CHA,"['CHA', 'Chapman']",So. Cal.,,iii,#ab1d38,#000000,"['http://a.espncdn.com/i/teamlogos/ncaa/500/411.png', 'http://a.espncdn.com/i/teamlogos/ncaa/500-dark/411.png']",,"{'id': 5819, 'name': 'Ernie Chapman Stadium', 'city': 'Orange', 'state': 'CA', 'zip': '92866', 'countryCode': 'US', 'timezone': None, 'latitude': 33.7500378, 'longitude': -117.8704931, 'elevation': None, 'capacity': 2000, 'constructionYear': None, 'grass': None, 'dome': False}"
2127,Charleston Southern,Buccaneers,CHSO,"['CHSO', 'Charleston So']",Big South-OVC,,fcs,#2e3192,#ded090,"['http://a.espncdn.com/i/teamlogos/ncaa/500/2127.png', 'http://a.espncdn.com/i/teamlogos/ncaa/500-dark/2127.png']",@CSUFB,"{'id': 3658, 'name': 'Buccaneer Field', 'city': 'North Charleston', 'state': 'SC', 'zip': '29406', 'countryCode': 'US', 'timezone': 'America/New_York', 'latitude': 32.9810239, 'longitude': -80.0659664, 'elevation': '12.6744318', 'capacity': 4000, 'constructionYear': 1970, 'grass': False, 'dome': False}"
3253,Charlotte,Saints,COLLE,"['COLLE', 'Faith NC']",,,,#null,#null,"['http://a.espncdn.com/i/teamlogos/ncaa/500/3253.png', 'http://a.espncdn.com/i/teamlogos/ncaa/500-dark/3253.png']",,"{'id': None, 'name': None, 'city': None, 'state': None, 'zip': None, 'countryCode': None, 'timezone': None, 'latitude': None, 'longitude': None, 'elevation': None, 'capacity': None, 'constructionYear': None, 'grass': None, 'dome': None}"
2429,Charlotte,49ers,CLT,"['CLT', 'Charlotte']",American Athletic,,fbs,#046A38,#B9975B,"['http://a.espncdn.com/i/teamlogos/ncaa/500/2429.png', 'http://a.espncdn.com/i/teamlogos/ncaa/500-dark/2429.png']",@CharlotteFTBL,"{'id': 4418, 'name': 'Jerry Richardson Stadium', 'city': 'Charlotte', 'state': 'NC', 'zip': '28223', 'countryCode': 'US', 'timezone': 'America/New_York', 'latitude': 35.3105033, 'longitude': -80.7401194, 'elevation': '190.365509', 'capacity': 15300, 'constructionYear': 2013, 'grass': False, 'dome': False}"
236,Chattanooga,Mocs,UTC,"['UTC', 'Chattanooga']",Southern,,fcs,#00386b,#dca71d,"['http://a.espncdn.com/i/teamlogos/ncaa/500/236.png', 'http://a.espncdn.com/i/teamlogos/ncaa/500-dark/236.png']",@GoMocsFB,"{'id': 3720, 'name': 'Finley Stadium', 'city': 'Chattanooga', 'state': 'TN', 'zip': '37403', 'countryCode': 'US', 'timezone': 'America/New_York', 'latitude': 35.0363792, 'longitude': -85.3158835, 'elevation': '200.1825104', 'capacity': 20668, 'constructionYear': 1997, 'grass': False, 'dome': False}"
2129,Cheyney,Wolves,CHE,"['CHE', 'Cheyney']",Pennsylvania State Athletic,,ii,#000000,#null,"['http://a.espncdn.com/i/teamlogos/ncaa/500/2129.png', 'http://a.espncdn.com/i/teamlogos/ncaa/500-dark/2129.png']",,"{'id': None, 'name': None, 'city': None, 'state': None, 'zip': None, 'countryCode': None, 'timezone': None, 'latitude': None, 'longitude': None, 'elevation': None, 'capacity': None, 'constructionYear': None, 'grass': None, 'dome': None}"
80,Chicago,Maroons,CHI,"['CHI', 'Chicago']",Midwest,,iii,#null,#null,"['http://a.espncdn.com/i/teamlogos/ncaa/500/80.png', 'http://a.espncdn.com/i/teamlogos/ncaa/500-dark/80.png']",,"{'id': 5820, 'name': 'Amos Alonzo Stagg Field', 'city': 'Chicago', 'state': 'IL', 'zip': '60022', 'countryCode': 'US', 'timezone': None, 'latitude': 41.8755616, 'longitude': -87.6244212, 'elevation': None, 'capacity': 3500, 'constructionYear': None, 'grass': None, 'dome': False}"
3112,Christopher Newport,Captains,CHR,"['CHR', 'Chris Nwpt']",New Jersey,,iii,#null,#null,"['http://a.espncdn.com/i/teamlogos/ncaa/500/3112.png', 'http://a.espncdn.com/i/teamlogos/ncaa/500-dark/3112.png']",,"{'id': 3879, 'name': 'TowneBank Stadium', 'city': 'Newport News', 'state': 'VA', 'zip': '23607', 'countryCode': 'US', 'timezone': None, 'latitude': 36.9775016, 'longitude': -76.42977, 'elevation': None, 'capacity': 4200, 'constructionYear': None, 'grass': None, 'dome': False}"
2132,Cincinnati,Bearcats,CIN,"['CIN', 'Cincinnati']",Big 12,,fbs,#E00122,#000000,"['http://a.espncdn.com/i/teamlogos/ncaa/500/2132.png', 'http://a.espncdn.com/i/teamlogos/ncaa/500-dark/2132.png']",@GoBearcatsFB,"{'id': 3854, 'name': 'Nippert Stadium', 'city': 'Cincinnati', 'state': 'OH', 'zip': '45221', 'countryCode': 'US', 'timezone': 'America/New_York', 'latitude': 39.1312495, 'longitude': -84.5161913, 'elevation': '230.0660553', 'capacity': 40000, 'constructionYear': 1915, 'grass': False, 'dome': False}"
110255,Cincinnati Christian,Eagles,CNCU,"['CNCU', 'Cincinnati Christian']",,,,#null,#null,,,"{'id': None, 'name': None, 'city': None, 'state': None, 'zip': None, 'countryCode': None, 'timezone': None, 'latitude': None, 'longitude': None, 'elevation': None, 'capacity': None, 'constructionYear': None, 'grass': None, 'dome': None}"
1000933,Cisco College,,,[],,,,#null,#null,,,"{'id': None, 'name': None, 'city': None, 'state': None, 'zip': None, 'countryCode': None, 'timezone': None, 'latitude': None, 'longitude': None, 'elevation': None, 'capacity': None, 'constructionYear': None, 'grass': None, 'dome': None}"
1000936,City College of San Francisco,,,[],,,,#null,#null,,,"{'id': None, 'name': None, 'city': None, 'state': None, 'zip': None, 'countryCode': None, 'timezone': None, 'latitude': None, 'longitude': None, 'elevation': None, 'capacity': None, 'constructionYear': None, 'grass': None, 'dome': None}"
17,Claremont-Mudd-Scripps College,Stags,CLA,"['CLA', 'Clare Mudd']",So. Cal.,,iii,#981a31,#feba15,"['http://a.espncdn.com/i/teamlogos/ncaa/500/17.png', 'http://a.espncdn.com/i/teamlogos/ncaa/500-dark/17.png']",,"{'id': 5821, 'name': 'Fritz B. Burns Stadium', 'city': 'Claremont', 'state': 'CA', 'zip': '91711', 'countryCode': 'US', 'timezone': None, 'latitude': 34.0966764, 'longitude': -117.7197785, 'elevation': None, 'capacity': 3000, 'constructionYear': None, 'grass': None, 'dome': False}"
2134,Clarion,Golden Eagles,CLARION,"['CLARION', 'Clarion']",Pennsylvania State Athletic,Western,ii,#null,#null,"['http://a.espncdn.com/i/teamlogos/ncaa/500/2134.png', 'http://a.espncdn.com/i/teamlogos/ncaa/500-dark/2134.png']",,"{'id': 4437, 'name': 'Memorial Stadium (Clarion, PA)', 'city': 'Clarion', 'state': 'PA', 'zip': '16214', 'countryCode': 'US', 'timezone': None, 'latitude': 41.2148975, 'longitude': -79.3857047, 'elevation': None, 'capacity': 5000, 'constructionYear': None, 'grass': None, 'dome': False}"
2805,Clark Atlanta,Panthers,CLA,"['CLA', 'Clark Atl']",SIAC,,ii,#null,#null,"['http://a.espncdn.com/i/teamlogos/ncaa/500/2805.png', 'http://a.espncdn.com/i/teamlogos/ncaa/500-dark/2805.png']",,"{'id': 5881, 'name': 'CAU Panther Stadium', 'city': 'Atlanta', 'state': 'GA', 'zip': '30315', 'countryCode': 'US', 'timezone': None, 'latitude': 33.7489924, 'longitude': -84.3902644, 'elevation': None, 'capacity': 5000, 'constructionYear': None, 'grass': None, 'dome': False}"
228,Clemson,Tigers,CLEM,"['CLEM', 'Clemson']",ACC,,fbs,#f56600,#522d80,"['http://a.espncdn.com/i/teamlogos/ncaa/500/228.png', 'http://a.espncdn.com/i/teamlogos/ncaa/500-dark/228.png']",@ClemsonFB,"{'id': 3836, 'name': 'Memorial Stadium (Clemson, SC)', 'city': 'Clemson', 'state': 'SC', 'zip': '29634', 'countryCode': 'US', 'timezone': 'America/New_York', 'latitude': 34.6787737, 'longitude': -82.8432428, 'elevation': '205.6452179', 'capacity': 81500, 'constructionYear': 1942, 'grass': True, 'dome': False}"
324,Coastal Carolina,Chanticleers,CCU,"['CCU', 'Coastal']",Sun Belt,East,fbs,#007073,#876447,"['http://a.espncdn.com/i/teamlogos/ncaa/500/324.png', 'http://a.espncdn.com/i/teamlogos/ncaa/500-dark/324.png']",@CoastalFootball,"{'id': 3654, 'name': 'Brooks Stadium (SC)', 'city': 'Conway', 'state': 'SC', 'zip': '29528', 'countryCode': 'US', 'timezone': 'America/New_York', 'latitude': 33.7928506, 'longitude': -79.0166946, 'elevation': '13.74894905', 'capacity': 21000, 'constructionYear': 2003, 'grass': False, 'dome': False}"
2557,Coast Guard,Bears,USCGA,"['USCGA', 'Coast Guard']",NEWMAC,,iii,#null,#null,"['http://a.espncdn.com/i/teamlogos/ncaa/500/2557.png', 'http://a.espncdn.com/i/teamlogos/ncaa/500-dark/2557.png']",,"{'id': 5822, 'name': 'Cadet Memorial Field', 'city': 'New London', 'state': 'CT', 'zip': '06320', 'countryCode': 'US', 'timezone': None, 'latitude': 41.3556187, 'longitude': -72.0997804, 'elevation': None, 'capacity': 4500, 'constructionYear': None, 'grass': None, 'dome': False}"
2141,Coe College,Kohawks,COE,"['COE', 'Coe']",American Rivers,,iii,#881922,#c8934a,"['http://a.espncdn.com/i/teamlogos/ncaa/500/2141.png', 'http://a.espncdn.com/i/teamlogos/ncaa/500-dark/2141.png']",,"{'id': 5823, 'name': 'Clark Field', 'city': 'Cedar Rapids', 'state': 'IA', 'zip': None, 'countryCode': 'US', 'timezone': None, 'latitude': 41.9758872, 'longitude': -91.6704053, 'elevation': None, 'capacity': 2200, 'constructionYear': None, 'grass': None, 'dome': False}"
1000991,Coffeyville C.C.,,,[],,,,#null,#null,,,"{'id': None, 'name': None, 'city': None, 'state': None, 'zip': None, 'countryCode': None, 'timezone': None, 'latitude': None, 'longitude': None, 'elevation': None, 'capacity': None, 'constructionYear': None, 'grass': None, 'dome': None}"
33,Colby College,White Mules,COLBY,"['COLBY', 'Colby']",NESCAC,,iii,#012778,#ffffff,"['http://a.espncdn.com/i/teamlogos/ncaa/500/33.png', 'http://a.espncdn.com/i/teamlogos/ncaa/500-dark/33.png']",,"{'id': 5689, 'name': 'Seaverns Field At Harold Alfond Stadium', 'city': 'Waterville', 'state': 'ME', 'zip': None, 'countryCode': 'US', 'timezone': None, 'latitude': 44.5520105, 'longitude': -69.6317121, 'elevation': None, 'capacity': 2000, 'constructionYear': None, 'grass': None, 'dome': False}"
3210,Cole College,Jaguars,COLE,"['COLE', 'Cole']",,,,#null,#null,,,"{'id': None, 'name': None, 'city': None, 'state': None, 'zip': None, 'countryCode': None, 'timezone': None, 'latitude': None, 'longitude': None, 'elevation': None, 'capacity': None, 'constructionYear': None, 'grass': None, 'dome': None}"
2142,Colgate,Raiders,COLG,"['COLG', 'Colgate']",Patriot,,fcs,#821019,#ffffff,"['http://a.espncdn.com/i/teamlogos/ncaa/500/2142.png', 'http://a.espncdn.com/i/teamlogos/ncaa/500-dark/2142.png']",@ColgateFB,"{'id': 3617, 'name': 'Andy Kerr Stadium', 'city': 'Hamilton', 'state': 'NY', 'zip': '13346', 'countryCode': 'US', 'timezone': 'America/New_York', 'latitude': 42.8168991, 'longitude': -75.5452721, 'elevation': '337.1443787', 'capacity': 10221, 'constructionYear': 1966, 'grass': False, 'dome': False}"
1000960,College of Charleston,,,[],,,,#null,#null,,,"{'id': None, 'name': None, 'city': None, 'state': None, 'zip': None, 'countryCode': None, 'timezone': None, 'latitude': None, 'longitude': None, 'elevation': None, 'capacity': None, 'constructionYear': None, 'grass': None, 'dome': None}"
108382,College of Idaho,Yotes,COI,"['COI', 'Coll. of Idaho']",,,,#null,#null,,,"{'id': None, 'name': None, 'city': None, 'state': None, 'zip': None, 'countryCode': None, 'timezone': None, 'latitude': None, 'longitude': None, 'elevation': None, 'capacity': None, 'constructionYear': None, 'grass': None, 'dome': None}"
2442,College Of New Jersey,Lions,COL,"['COL', 'C of NJ']",New Jersey,,iii,#154c7d,#fbbc20,"['http://a.espncdn.com/i/teamlogos/ncaa/500/2442.png', 'http://a.espncdn.com/i/teamlogos/ncaa/500-dark/2442.png']",,"{'id': 5824, 'name': 'Lions Stadium', 'city': 'Ewing', 'state': 'NJ', 'zip': '08628', 'countryCode': 'US', 'timezone': None, 'latitude': 40.2688105, 'longitude': -74.8006895, 'elevation': None, 'capacity': 6000, 'constructionYear': None, 'grass': None, 'dome': False}"
1001038,College of San Mateo,,,[],,,,#null,#null,,,"{'id': None, 'name': None, 'city': None, 'state': None, 'zip': None, 'countryCode': None, 'timezone': None, 'latitude': None, 'longitude': None, 'elevation': None, 'capacity': None, 'constructionYear': None, 'grass': None, 'dome': None}"
1000952,College of the Canyons,,,[],,,,#null,#null,,,"{'id': None, 'name': None, 'city': None, 'state': None, 'zip': None, 'countryCode': None, 'timezone': None, 'latitude': None, 'longitude': None, 'elevation': None, 'capacity': None, 'constructionYear': None, 'grass': None, 'dome': None}"
1001072,College of the Sequoias,,,[],,,,#null,#null,,,"{'id': None, 'name': None, 'city': None, 'state': None, 'zip': None, 'countryCode': None, 'timezone': None, 'latitude': None, 'longitude': None, 'elevation': None, 'capacity': None, 'constructionYear': None, 'grass': None, 'dome': None}"
38,Colorado,Buffaloes,COLO,"['COLO', 'Colorado']",Big 12,,fbs,#CFB87C,#000000,"['http://a.espncdn.com/i/teamlogos/ncaa/500/38.png', 'http://a.espncdn.com/i/teamlogos/ncaa/500-dark/38.png']",@CUBuffsFootball,"{'id': 3726, 'name': 'Folsom Field', 'city': 'Boulder', 'state': 'CO', 'zip': '80309', 'countryCode': 'US', 'timezone': 'America/Denver', 'latitude': 40.0094746, 'longitude': -105.266905, 'elevation': '1634.041138', 'capacity': 50183, 'constructionYear': 1924, 'grass': True, 'dome': False}"
2144,Colorado College,Tigers,COL,"['COL', 'Colorado College']",,,,#000000,#null,"['http://a.espncdn.com/i/teamlogos/ncaa/500/2144.png', 'http://a.espncdn.com/i/teamlogos/ncaa/500-dark/2144.png']",,"{'id': None, 'name': None, 'city': None, 'state': None, 'zip': None, 'countryCode': None, 'timezone': None, 'latitude': None, 'longitude': None, 'elevation': None, 'capacity': None, 'constructionYear': None, 'grass': None, 'dome': None}"
11,Colorado Mesa,Mavericks,MESA,"['MESA', 'Colo Mesa']",Rocky Mountain,,ii,#null,#null,"['http://a.espncdn.com/i/teamlogos/ncaa/500/11.png', 'http://a.espncdn.com/i/teamlogos/ncaa/500-dark/11.png']",,"{'id': 5882, 'name': 'Ralph Stocker Stadium', 'city': 'Grand Junction', 'state': 'CO', 'zip': '50107', 'countryCode': 'US', 'timezone': None, 'latitude': 39.063956, 'longitude': -108.5507317, 'elevation': None, 'capacity': 8000, 'constructionYear': None, 'grass': None, 'dome': False}"
2146,Colorado School Of Mines,Orediggers,COLOMINES,"['Colorado School of Mines', 'COLOMINES', 'Colo Mines']",Rocky Mountain,,ii,#null,#null,"['http://a.espncdn.com/i/teamlogos/ncaa/500/2146.png', 'http://a.espncdn.com/i/teamlogos/ncaa/500-dark/2146.png']",,"{'id': 5883, 'name': 'Marv Kay Stadium at Campbell Field', 'city': 'Golden', 'state': 'CO', 'zip': '62339', 'countryCode': 'US', 'timezone': None, 'latitude': 39.7546349, 'longitude': -105.2205809, 'elevation': None, 'capacity': 4000, 'constructionYear': None, 'grass': None, 'dome': False}"
36,Colorado State,Rams,CSU,"['CSU', 'Colorado St']",Pac-12,,fbs,#1e4d2b,#c8c372,"['http://a.espncdn.com/i/teamlogos/ncaa/500/36.png', 'http://a.espncdn.com/i/teamlogos/ncaa/500-dark/36.png']",@CSUFootball,"{'id': 5388, 'name': 'Canvas Stadium', 'city': 'Fort Collins', 'state': 'CO', 'zip': '80521', 'countryCode': 'US', 'timezone': 'America/Denver', 'latitude': 40.570015, 'longitude': -105.088435, 'elevation': '1528.4', 'capacity': 36500, 'constructionYear': 2017, 'grass': False, 'dome': False}"
171,Columbia,Lions,COLU,"['COLU', 'Columbia']",Ivy,,fcs,#174785,#004b85,"['http://a.espncdn.com/i/teamlogos/ncaa/500/171.png', 'http://a.espncdn.com/i/teamlogos/ncaa/500-dark/171.png']",@ColumbiaLionsFB,"{'id': 3802, 'name': 'Lawrence A. Wien Stadium', 'city': 'Manhattan', 'state': 'NY', 'zip': '10034', 'countryCode': 'US', 'timezone': 'America/New_York', 'latitude': 40.8732697, 'longitude': -73.9164594, 'elevation': '10.95070267', 'capacity': 17000, 'constructionYear': 1984, 'grass': False, 'dome': False}"
127946,Columbus State,Colust,,['Columbus State'],,,,#null,#null,,,"{'id': None, 'name': None, 'city': None, 'state': None, 'zip': None, 'countryCode': None, 'timezone': None, 'latitude': None, 'longitude': None, 'elevation': None, 'capacity': None, 'constructionYear': None, 'grass': None, 'dome': None}"
3099,Concordia (AL),Hornets,CON,"['CON', 'Concordia Col.']",,,,#null,#null,"['http://a.espncdn.com/i/teamlogos/ncaa/500/3099.png', 'http://a.espncdn.com/i/teamlogos/ncaa/500-dark/3099.png']",,"{'id': None, 'name': None, 'city': None, 'state': None, 'zip': None, 'countryCode': None, 'timezone': None, 'latitude': None, 'longitude': None, 'elevation': None, 'capacity': None, 'constructionYear': None, 'grass': None, 'dome': None}"
2985,Concordia-Michigan,Cardinals,CONCMI,"['CONCMI', 'Cncrdia MI']",,,,#null,#null,"['http://a.espncdn.com/i/teamlogos/ncaa/500/2985.png', 'http://a.espncdn.com/i/teamlogos/ncaa/500-dark/2985.png']",,"{'id': None, 'name': None, 'city': None, 'state': None, 'zip': None, 'countryCode': None, 'timezone': None, 'latitude': None, 'longitude': None, 'elevation': None, 'capacity': None, 'constructionYear': None, 'grass': None, 'dome': None}"
2152,Concordia Moorhead,Cobbers,CONCOMN,"['CONCOMN', 'Cncrdia MH']",Minnesota,,iii,#701d45,#ffffff,"['http://a.espncdn.com/i/teamlogos/ncaa/500/2152.png', 'http://a.espncdn.com/i/teamlogos/ncaa/500-dark/2152.png']",,"{'id': 5825, 'name': 'Jake Christiansen Stadium', 'city': 'Moorhead', 'state': 'MN', 'zip': None, 'countryCode': 'US', 'timezone': None, 'latitude': 46.8739081, 'longitude': -96.7538674, 'elevation': None, 'capacity': 7000, 'constructionYear': None, 'grass': None, 'dome': False}"
1000978,Concordia University,,,[],,,,#null,#null,,,"{'id': None, 'name': None, 'city': None, 'state': None, 'zip': None, 'countryCode': None, 'timezone': None, 'latitude': None, 'longitude': None, 'elevation': None, 'capacity': None, 'constructionYear': None, 'grass': None, 'dome': None}"
2151,Concordia University Chicago,Cougars,CONCOIL,"['CONCOIL', 'Cncrdia IL']",NACC,,iii,#572a31,#ffc72e,"['http://a.espncdn.com/i/teamlogos/ncaa/500/2151.png', 'http://a.espncdn.com/i/teamlogos/ncaa/500-dark/2151.png']",,"{'id': 5826, 'name': 'Concordia Stadium', 'city': 'River Forest', 'state': 'IL', 'zip': '60305', 'countryCode': 'US', 'timezone': None, 'latitude': 41.8978091, 'longitude': -87.8139483, 'elevation': None, 'capacity': 1500, 'constructionYear': None, 'grass': None, 'dome': False}"
507,Concordia University Nebraska,Clippers,CONCONE,"['CONCONE', 'Cncrdia NE']",,,,#null,#null,,,"{'id': None, 'name': None, 'city': None, 'state': None, 'zip': None, 'countryCode': None, 'timezone': None, 'latitude': None, 'longitude': None, 'elevation': None, 'capacity': None, 'constructionYear': None, 'grass': None, 'dome': None}"
3066,Concordia University St Paul,Golden Bears,CON,"['CON', 'Cncrdia SP']",Northern Sun,,ii,#null,#null,"['http://a.espncdn.com/i/teamlogos/ncaa/500/3066.png', 'http://a.espncdn.com/i/teamlogos/ncaa/500-dark/3066.png']",,"{'id': 5933, 'name': 'Sea Foam Stadium', 'city': 'Saint Paul', 'state': 'MN', 'zip': None, 'countryCode': 'US', 'timezone': None, 'latitude': 44.9497487, 'longitude': -93.0931028, 'elevation': None, 'capacity': 3500, 'constructionYear': None, 'grass': None, 'dome': False}"
1001066,"Concordia University, St. Paul",,,[],,,,#null,#null,,,"{'id': None, 'name': None, 'city': None, 'state': None, 'zip': None, 'countryCode': None, 'timezone': None, 'latitude': None, 'longitude': None, 'elevation': None, 'capacity': None, 'constructionYear': None, 'grass': None, 'dome': None}"
409,Concordia-Wisconsin,Falcons,CONW,"['CONW', 'Cncrdia WI']",NACC,,iii,#245699,#b1b3b3,"['http://a.espncdn.com/i/teamlogos/ncaa/500/409.png', 'http://a.espncdn.com/i/teamlogos/ncaa/500-dark/409.png']",,"{'id': 5827, 'name': 'Tomasini Stadium', 'city': 'Mequon', 'state': 'WI', 'zip': '54537', 'countryCode': 'US', 'timezone': None, 'latitude': 43.2219088, 'longitude': -87.9822969, 'elevation': None, 'capacity': 800, 'constructionYear': None, 'grass': None, 'dome': False}"
2148,Concord University,Mountain Lions,CON,"['CON', 'Concord']",Mountain East,,ii,#null,#null,"['http://a.espncdn.com/i/teamlogos/ncaa/500/2148.png', 'http://a.espncdn.com/i/teamlogos/ncaa/500-dark/2148.png']",,"{'id': 3667, 'name': 'Callaghan Stadium', 'city': 'Princeton', 'state': 'WV', 'zip': '24740', 'countryCode': 'US', 'timezone': None, 'latitude': 37.366328, 'longitude': -81.1026607, 'elevation': None, 'capacity': 2000, 'constructionYear': None, 'grass': None, 'dome': False}"
1000985,Copiah-Lincoln C.C.,,,[],,,,#null,#null,,,"{'id': None, 'name': None, 'city': None, 'state': None, 'zip': None, 'countryCode': None, 'timezone': None, 'latitude': None, 'longitude': None, 'elevation': None, 'capacity': None, 'constructionYear': None, 'grass': None, 'dome': None}"
172,Cornell,Big Red,COR,"['COR', 'Cornell']",Ivy,,fcs,#d60027,#101010,"['http://a.espncdn.com/i/teamlogos/ncaa/500/172.png', 'http://a.espncdn.com/i/teamlogos/ncaa/500-dark/172.png']",@BigRed_Football,"{'id': 3921, 'name': 'Schoellkopf Field', 'city': 'Ithaca', 'state': 'NY', 'zip': '14850', 'countryCode': 'US', 'timezone': 'America/New_York', 'latitude': 42.4439016, 'longitude': -76.4785398, 'elevation': '257.3187561', 'capacity': 21500, 'constructionYear': 1915, 'grass': False, 'dome': False}"
2155,Cornell College (IA),Rams,CORNELLIA,"['Cornell College', 'CORNELLIA', 'Cornellia']",Midwest,,iii,#null,#null,"['http://a.espncdn.com/i/teamlogos/ncaa/500/2155.png', 'http://a.espncdn.com/i/teamlogos/ncaa/500-dark/2155.png']",,"{'id': 5828, 'name': 'Van Metre Field at Ash Park', 'city': 'Mount Vernon', 'state': 'IA', 'zip': None, 'countryCode': 'US', 'timezone': None, 'latitude': 41.9222443, 'longitude': -91.4171209, 'elevation': None, 'capacity': 1100, 'constructionYear': None, 'grass': None, 'dome': False}"
2782,Cortland,Red Dragons,CORTLAND,"['CORTLAND', 'Cortland']",Empire 8,,iii,#null,#null,"['http://a.espncdn.com/i/teamlogos/ncaa/500/2782.png', 'http://a.espncdn.com/i/teamlogos/ncaa/500-dark/2782.png']",,"{'id': 5125, 'name': 'Stadium Red Field', 'city': 'Cortland', 'state': 'NY', 'zip': None, 'countryCode': 'US', 'timezone': None, 'latitude': 41.2446453, 'longitude': -73.9259559, 'elevation': None, 'capacity': 6500, 'constructionYear': None, 'grass': None, 'dome': False}"
509,Crown College,Polars,CROWN,"['CROWN', 'Crown']",Upper Midwest,,iii,#5c2f92,#ffffff,"['http://a.espncdn.com/i/teamlogos/ncaa/500/509.png', 'http://a.espncdn.com/i/teamlogos/ncaa/500-dark/509.png']",,"{'id': 5829, 'name': 'Old National Bank Stadium', 'city': 'Saint Bonifacius', 'state': 'MN', 'zip': None, 'countryCode': 'US', 'timezone': None, 'latitude': None, 'longitude': None, 'elevation': None, 'capacity': 1400, 'constructionYear': None, 'grass': None, 'dome': False}"
2570,CSU Pueblo,Thunderwolves,CSTP,"['CSTP', 'CO St Pueb']",Rocky Mountain,,ii,#null,#null,"['http://a.espncdn.com/i/teamlogos/ncaa/500/2570.png', 'http://a.espncdn.com/i/teamlogos/ncaa/500-dark/2570.png']",,"{'id': 4852, 'name': 'Neta and Eddie DeRose ThunderBowl', 'city': 'Pueblo', 'state': 'CO', 'zip': '81003', 'countryCode': 'US', 'timezone': None, 'latitude': 38.2544472, 'longitude': -104.609141, 'elevation': None, 'capacity': 6500, 'constructionYear': None, 'grass': None, 'dome': False}"
1001011,CSU-Pueblo,,,[],,,,#null,#null,,,"{'id': None, 'name': None, 'city': None, 'state': None, 'zip': None, 'countryCode': None, 'timezone': None, 'latitude': None, 'longitude': None, 'elevation': None, 'capacity': None, 'constructionYear': None, 'grass': None, 'dome': None}"
510,Culver-Stockton College,Wildcats,CULVE,"['CULVE', 'Culvr-Stck']",,,,#null,#null,"['http://a.espncdn.com/i/teamlogos/ncaa/500/510.png', 'http://a.espncdn.com/i/teamlogos/ncaa/500-dark/510.png']",,"{'id': None, 'name': None, 'city': None, 'state': None, 'zip': None, 'countryCode': None, 'timezone': None, 'latitude': None, 'longitude': None, 'elevation': None, 'capacity': None, 'constructionYear': None, 'grass': None, 'dome': None}"
511,Cumberland (KY),Indians,CUMB,"['CUMB', 'Cmbrlnd KY']",,,,#null,#null,"['http://a.espncdn.com/i/teamlogos/ncaa/500/511.png', 'http://a.espncdn.com/i/teamlogos/ncaa/500-dark/511.png']",,"{'id': None, 'name': None, 'city': None, 'state': None, 'zip': None, 'countryCode': None, 'timezone': None, 'latitude': None, 'longitude': None, 'elevation': None, 'capacity': None, 'constructionYear': None, 'grass': None, 'dome': None}"
2161,Cumberland (TN),Bulldogs,CUMBTN,"['CUMBTN', 'Cmbrlnd TN']",,,,#null,#null,"['http://a.espncdn.com/i/teamlogos/ncaa/500/2161.png', 'http://a.espncdn.com/i/teamlogos/ncaa/500-dark/2161.png']",,"{'id': None, 'name': None, 'city': None, 'state': None, 'zip': None, 'countryCode': None, 'timezone': None, 'latitude': None, 'longitude': None, 'elevation': None, 'capacity': None, 'constructionYear': None, 'grass': None, 'dome': None}"
40,Curry College,Colonels,CUR,"['CUR', 'Curry']",Commonwealth Coast,,iii,#65448b,#ffffff,"['http://a.espncdn.com/i/teamlogos/ncaa/500/40.png', 'http://a.espncdn.com/i/teamlogos/ncaa/500-dark/40.png']",,"{'id': 5830, 'name': 'Walter M. Katz Field', 'city': 'Milton', 'state': 'MA', 'zip': '12547', 'countryCode': 'US', 'timezone': None, 'latitude': 42.2501425, 'longitude': -71.065573, 'elevation': None, 'capacity': 1600, 'constructionYear': None, 'grass': None, 'dome': False}"
512,Dakota State University,Trojans,DAKOT,"['DAKOT', 'Dakota St']",,,,#null,#null,"['http://a.espncdn.com/i/teamlogos/ncaa/500/512.png', 'http://a.espncdn.com/i/teamlogos/ncaa/500-dark/512.png']",,"{'id': None, 'name': None, 'city': None, 'state': None, 'zip': None, 'countryCode': None, 'timezone': None, 'latitude': None, 'longitude': None, 'elevation': None, 'capacity': None, 'constructionYear': None, 'grass': None, 'dome': None}"
513,Dakota Wesleyan,Tigers,DWU,"['DWU', 'Dakota Wes']",,,,#null,#null,"['http://a.espncdn.com/i/teamlogos/ncaa/500/513.png', 'http://a.espncdn.com/i/teamlogos/ncaa/500-dark/513.png']",,"{'id': None, 'name': None, 'city': None, 'state': None, 'zip': None, 'countryCode': None, 'timezone': None, 'latitude': None, 'longitude': None, 'elevation': None, 'capacity': None, 'constructionYear': None, 'grass': None, 'dome': None}"
159,Dartmouth,Big Green,DART,"['DART', 'Dartmouth']",Ivy,,fcs,#005730,#000000,"['http://a.espncdn.com/i/teamlogos/ncaa/500/159.png', 'http://a.espncdn.com/i/teamlogos/ncaa/500-dark/159.png']",@DartFootball,"{'id': 3826, 'name': 'Memorial Field', 'city': 'Hanover', 'state': 'NH', 'zip': '3755 ', 'countryCode': 'US', 'timezone': 'America/New_York', 'latitude': 43.701302, 'longitude': -72.2842781, 'elevation': '152.3080139', 'capacity': 11000, 'constructionYear': 1923, 'grass': False, 'dome': False}"
110254,Davenport,Panthers,DU,"['DU', 'Davenport']",GLIAC,,ii,#null,#null,,,"{'id': 5934, 'name': 'Farmers Insurance Athletic Complex', 'city': 'Caledonia', 'state': 'MI', 'zip': '63631', 'countryCode': 'US', 'timezone': None, 'latitude': 37.763382, 'longitude': -90.7729061, 'elevation': None, 'capacity': 2000, 'constructionYear': None, 'grass': None, 'dome': False}"
2166,Davidson,Wildcats,DAV,"['DAV', 'Davidson']",Pioneer,,fcs,#null,#e51837,"['http://a.espncdn.com/i/teamlogos/ncaa/500/2166.png', 'http://a.espncdn.com/i/teamlogos/ncaa/500-dark/2166.png']",@DavidsonFB,"{'id': 3897, 'name': 'Richardson Stadium', 'city': 'Davidson', 'state': 'NC', 'zip': '28036', 'countryCode': 'US', 'timezone': 'America/New_York', 'latitude': 35.4995744, 'longitude': -80.8428419, 'elevation': '249.4658203', 'capacity': 6000, 'constructionYear': 1923, 'grass': False, 'dome': False}"
2168,Dayton,Flyers,DAY,"['DAY', 'Dayton']",Pioneer,,fcs,#004B8D,#ffffff,"['http://a.espncdn.com/i/teamlogos/ncaa/500/2168.png', 'http://a.espncdn.com/i/teamlogos/ncaa/500-dark/2168.png']",@DaytonFootball,"{'id': 3988, 'name': 'Welcome Stadium', 'city': 'Dayton', 'state': 'OH', 'zip': '45417', 'countryCode': 'US', 'timezone': 'America/New_York', 'latitude': 39.7369239, 'longitude': -84.1981068, 'elevation': '222.4020081', 'capacity': 11000, 'constructionYear': 1949, 'grass': False, 'dome': False}"
110438,Dean College,Bulldogs,DEA,"['DEA', 'DEAN']",MSCAC,,iii,#null,#null,,,"{'id': 5831, 'name': 'Dale Lippert Field', 'city': 'Franklin', 'state': 'MA', 'zip': '03235', 'countryCode': 'US', 'timezone': None, 'latitude': 34.440962, 'longitude': -87.8339064, 'elevation': None, 'capacity': 1500, 'constructionYear': None, 'grass': None, 'dome': False}"
1000986,De Anza College,,,[],,,,#null,#null,,,"{'id': None, 'name': None, 'city': None, 'state': None, 'zip': None, 'countryCode': None, 'timezone': None, 'latitude': None, 'longitude': None, 'elevation': None, 'capacity': None, 'constructionYear': None, 'grass': None, 'dome': None}"
190,Defiance College,Yellow Jackets,DEF,"['DEF', 'Defiance']",,,,#4e2d8a,#ded27c,"['http://a.espncdn.com/i/teamlogos/ncaa/500/190.png', 'http://a.espncdn.com/i/teamlogos/ncaa/500-dark/190.png']",,"{'id': 5832, 'name': 'Justin F. Coressel Stadium', 'city': 'Defiance', 'state': 'OH', 'zip': '43512', 'countryCode': 'US', 'timezone': None, 'latitude': 41.2844933, 'longitude': -84.3557802, 'elevation': None, 'capacity': 4000, 'constructionYear': None, 'grass': None, 'dome': False}"
48,Delaware,Blue Hens,DEL,"['DEL', 'Delaware']",Conference USA,,fbs,#033594,#e8ce31,"['http://a.espncdn.com/i/teamlogos/ncaa/500/48.png', 'http://a.espncdn.com/i/teamlogos/ncaa/500-dark/48.png']",@DelawareFB,"{'id': 3695, 'name': 'Delaware Stadium', 'city': 'Newark', 'state': 'DE', 'zip': '19713', 'countryCode': 'US', 'timezone': 'America/New_York', 'latitude': 39.6617428, 'longitude': -75.7488224, 'elevation': '28.74350357', 'capacity': 22000, 'constructionYear': 1952, 'grass': False, 'dome': False}"
2169,Delaware State,Hornets,DSU,"['DSU', 'Delaware St']",MEAC,,fcs,#FF3630,#009cdd,"['http://a.espncdn.com/i/teamlogos/ncaa/500/2169.png', 'http://a.espncdn.com/i/teamlogos/ncaa/500-dark/2169.png']",@DelSt_Football,"{'id': 3613, 'name': 'Alumni Stadium', 'city': 'Dover', 'state': 'DE', 'zip': '19901', 'countryCode': 'US', 'timezone': 'America/New_York', 'latitude': 39.189375, 'longitude': -75.5433185, 'elevation': '10.95275307', 'capacity': 7193, 'constructionYear': 1980, 'grass': False, 'dome': False}"
2808,Delaware Valley,Aggies,DV,"['DV', 'Del Valley']",Mid Atlantic,,iii,#004c23,#e6b71b,"['http://a.espncdn.com/i/teamlogos/ncaa/500/2808.png', 'http://a.espncdn.com/i/teamlogos/ncaa/500-dark/2808.png']",,"{'id': 5833, 'name': 'Robert A. Lipinski Field at James Work Memorial Stadium', 'city': 'New Britain', 'state': 'PA', 'zip': '18901', 'countryCode': 'US', 'timezone': None, 'latitude': 40.30815835, 'longitude': -75.2164370939226, 'elevation': None, 'capacity': 2000, 'constructionYear': None, 'grass': None, 'dome': False}"
2170,Delta State,Statesmen,DELTAST,"['DELTAST', 'Del State']",Gulf South,,ii,#00753e,#000000,"['http://a.espncdn.com/i/teamlogos/ncaa/500/2170.png', 'http://a.espncdn.com/i/teamlogos/ncaa/500-dark/2170.png']",,"{'id': 5935, 'name': 'Parker Field at McCool Stadium', 'city': 'Cleveland', 'state': 'MS', 'zip': '38732', 'countryCode': 'US', 'timezone': None, 'latitude': 33.7440023, 'longitude': -90.7248187, 'elevation': None, 'capacity': 8125, 'constructionYear': None, 'grass': None, 'dome': False}"
2171,Denison University,Big Red,DEN,"['DEN', 'Denison']",North Coast,,iii,#null,#null,"['http://a.espncdn.com/i/teamlogos/ncaa/500/2171.png', 'http://a.espncdn.com/i/teamlogos/ncaa/500-dark/2171.png']",,"{'id': 5834, 'name': 'Deeds Field-Piper Stadium', 'city': 'Granville', 'state': 'OH', 'zip': '43023', 'countryCode': 'US', 'timezone': None, 'latitude': 40.0681192, 'longitude': -82.5196037, 'elevation': None, 'capacity': 3000, 'constructionYear': None, 'grass': None, 'dome': False}"
83,Depauw,Tigers,DEP,"['DEP', 'DePauw']",North Coast,,iii,#null,#null,"['http://a.espncdn.com/i/teamlogos/ncaa/500/83.png', 'http://a.espncdn.com/i/teamlogos/ncaa/500-dark/83.png']",,"{'id': 3640, 'name': 'Blackstock Stadium', 'city': 'Greencastle', 'state': 'IN', 'zip': '46135', 'countryCode': 'US', 'timezone': None, 'latitude': 39.6444898, 'longitude': -86.8647316, 'elevation': None, 'capacity': 3000, 'constructionYear': None, 'grass': None, 'dome': False}"
2254,Des Moines,Vikings,GRANDVIEW,"['GRANDVIEW', 'Grand View']",,,,#null,#null,,,"{'id': None, 'name': None, 'city': None, 'state': None, 'zip': None, 'countryCode': None, 'timezone': None, 'latitude': None, 'longitude': None, 'elevation': None, 'capacity': None, 'constructionYear': None, 'grass': None, 'dome': None}"
2175,Dickinson (PA),Red Devils,DIC,"['DIC', 'Dicknsn PA']",Centennial,,iii,#ed192d,#000000,"['http://a.espncdn.com/i/teamlogos/ncaa/500/2175.png', 'http://a.espncdn.com/i/teamlogos/ncaa/500-dark/2175.png']",,"{'id': 5835, 'name': 'Biddle Field', 'city': 'Carlisle', 'state': 'PA', 'zip': '35956', 'countryCode': 'US', 'timezone': None, 'latitude': 40.201499, 'longitude': -77.1890783, 'elevation': None, 'capacity': 2577, 'constructionYear': None, 'grass': None, 'dome': False}"
316,Dickinson State University,Blue Hawks,DIC,"['DIC', 'Dicknsn St']",,,,#null,#null,"['http://a.espncdn.com/i/teamlogos/ncaa/500/316.png', 'http://a.espncdn.com/i/teamlogos/ncaa/500-dark/316.png']",,"{'id': None, 'name': None, 'city': None, 'state': None, 'zip': None, 'countryCode': None, 'timezone': None, 'latitude': None, 'longitude': None, 'elevation': None, 'capacity': None, 'constructionYear': None, 'grass': None, 'dome': None}"
5829,Doane College,Doane,,['Doane College'],,,,#null,#null,,,"{'id': None, 'name': None, 'city': None, 'state': None, 'zip': None, 'countryCode': None, 'timezone': None, 'latitude': None, 'longitude': None, 'elevation': None, 'capacity': None, 'constructionYear': None, 'grass': None, 'dome': None}"
2181,Drake,Bulldogs,DRKE,"['DRKE', 'Drake']",Pioneer,,fcs,#005596,#bec0c2,"['http://a.espncdn.com/i/teamlogos/ncaa/500/2181.png', 'http://a.espncdn.com/i/teamlogos/ncaa/500-dark/2181.png']",@DrakeBulldogsFB,"{'id': 3701, 'name': 'Drake Stadium', 'city': 'Des Moines', 'state': 'IA', 'zip': '50311', 'countryCode': 'US', 'timezone': 'America/Chicago', 'latitude': 41.605, 'longitude': -93.655, 'elevation': '277.8869934', 'capacity': 14557, 'constructionYear': 1925, 'grass': False, 'dome': False}"
49,Dubuque,Spartans,DUB,"['DUB', 'Dubuque']",American Rivers,,iii,#null,#null,"['http://a.espncdn.com/i/teamlogos/ncaa/500/49.png', 'http://a.espncdn.com/i/teamlogos/ncaa/500-dark/49.png']",,"{'id': 5836, 'name': 'Chalmers Field', 'city': 'Dubuque', 'state': 'IA', 'zip': '50118', 'countryCode': 'US', 'timezone': None, 'latitude': 42.5006243, 'longitude': -90.6647985, 'elevation': None, 'capacity': 4000, 'constructionYear': None, 'grass': None, 'dome': False}"
150,Duke,Blue Devils,DUKE,"['DUKE', 'Duke']",ACC,,fbs,#013088,#ffffff,"['http://a.espncdn.com/i/teamlogos/ncaa/500/150.png', 'http://a.espncdn.com/i/teamlogos/ncaa/500-dark/150.png']",@DukeFootball,"{'id': 3982, 'name': 'Wallace Wade Stadium', 'city': 'Durham', 'state': 'NC', 'zip': '27708', 'countryCode': 'US', 'timezone': 'America/New_York', 'latitude': 35.9953688, 'longitude': -78.9417564, 'elevation': '103.0028152', 'capacity': 40004, 'constructionYear': 1929, 'grass': True, 'dome': False}"
2184,Duquesne,Dukes,DUQ,"['DUQ', 'Duquesne']",NEC,,fcs,#002D62,#b90b2e,"['http://a.espncdn.com/i/teamlogos/ncaa/500/2184.png', 'http://a.espncdn.com/i/teamlogos/ncaa/500-dark/2184.png']",@DuqFB,"{'id': 3623, 'name': 'Arthur J. Rooney Athletic Field', 'city': 'Pittsburgh', 'state': 'PA', 'zip': '15282', 'countryCode': 'US', 'timezone': 'America/New_York', 'latitude': 40.4355808, 'longitude': -79.9900263, 'elevation': '269.4302979', 'capacity': 2200, 'constructionYear': 1993, 'grass': False, 'dome': False}"
2189,Earlham,Quakers,EAR,"['EAR', 'Earlham']",,,,#000000,#null,"['http://a.espncdn.com/i/teamlogos/ncaa/500/2189.png', 'http://a.espncdn.com/i/teamlogos/ncaa/500-dark/2189.png']",,"{'id': None, 'name': None, 'city': None, 'state': None, 'zip': None, 'countryCode': None, 'timezone': None, 'latitude': None, 'longitude': None, 'elevation': None, 'capacity': None, 'constructionYear': None, 'grass': None, 'dome': None}"
3146,East,All-Stars,EAST,"['EAST', 'East']",,,,#000000,#null,,,"{'id': None, 'name': None, 'city': None, 'state': None, 'zip': None, 'countryCode': None, 'timezone': None, 'latitude': None, 'longitude': None, 'elevation': None, 'capacity': None, 'constructionYear': None, 'grass': None, 'dome': None}"
151,East Carolina,Pirates,ECU,"['ECU', 'East Carolina']",American Athletic,,fbs,#4b1869,#f0907b,"['http://a.espncdn.com/i/teamlogos/ncaa/500/151.png', 'http://a.espncdn.com/i/teamlogos/ncaa/500-dark/151.png']",@ECUPiratesFB,"{'id': 3699, 'name': 'Dowdy-Ficklen Stadium', 'city': 'Greenville', 'state': 'NC', 'zip': '27858', 'countryCode': 'US', 'timezone': 'America/New_York', 'latitude': 35.5968486, 'longitude': -77.364564, 'elevation': '19.0564537', 'capacity': 50000, 'constructionYear': 1963, 'grass': True, 'dome': False}"
1001039,East Central C.C.,,,[],,,,#null,#null,,,"{'id': None, 'name': None, 'city': None, 'state': None, 'zip': None, 'countryCode': None, 'timezone': None, 'latitude': None, 'longitude': None, 'elevation': None, 'capacity': None, 'constructionYear': None, 'grass': None, 'dome': None}"
2191,East Central (OK),Tigers,EAS,"['East Central University', 'EAS', 'E Cen OK']",Great American,,ii,#null,#null,"['http://a.espncdn.com/i/teamlogos/ncaa/500/2191.png', 'http://a.espncdn.com/i/teamlogos/ncaa/500-dark/2191.png']",,"{'id': 5936, 'name': 'Koi Ishto Stadium', 'city': 'Ada', 'state': 'OK', 'zip': '74820', 'countryCode': 'US', 'timezone': None, 'latitude': 34.7743383, 'longitude': -96.6783651, 'elevation': None, 'capacity': 5000, 'constructionYear': None, 'grass': None, 'dome': False}"
2197,Eastern Illinois,Panthers,EIU,"['EIU', 'E Illinois']",Big South-OVC,,fcs,#null,#bebab9,"['http://a.espncdn.com/i/teamlogos/ncaa/500/2197.png', 'http://a.espncdn.com/i/teamlogos/ncaa/500-dark/2197.png']",@EIUPantherFB,"{'id': 3858, 'name': ""O'Brien Stadium"", 'city': 'Charleston', 'state': 'IL', 'zip': '61920', 'countryCode': 'US', 'timezone': 'America/Chicago', 'latitude': 39.4804965, 'longitude': -88.1811618, 'elevation': '212.9662933', 'capacity': 10000, 'constructionYear': 1970, 'grass': False, 'dome': False}"
2198,Eastern Kentucky,Colonels,EKU,"['EKU', 'E Kentucky']",UAC,,fcs,#660819,#f0f0f0,"['http://a.espncdn.com/i/teamlogos/ncaa/500/2198.png', 'http://a.espncdn.com/i/teamlogos/ncaa/500-dark/2198.png']",@EKUFootball,"{'id': 3908, 'name': 'Roy Kidd Stadium', 'city': 'Richmond', 'state': 'KY', 'zip': '40475', 'countryCode': 'US', 'timezone': 'America/New_York', 'latitude': 37.7344109, 'longitude': -84.2972854, 'elevation': '298.1834717', 'capacity': 20000, 'constructionYear': 1969, 'grass': False, 'dome': False}"
2199,Eastern Michigan,Eagles,EMU,"['EMU', 'E Michigan']",Mid-American,,fbs,#00331b,#f0f0f0,"['http://a.espncdn.com/i/teamlogos/ncaa/500/2199.png', 'http://a.espncdn.com/i/teamlogos/ncaa/500-dark/2199.png']",@EMUFB,"{'id': 3912, 'name': 'Rynearson Stadium', 'city': 'Ypsilanti', 'state': 'MI', 'zip': '48197', 'countryCode': 'US', 'timezone': 'America/Detroit', 'latitude': 42.256126, 'longitude': -83.647285, 'elevation': '241.248764', 'capacity': 30200, 'constructionYear': 1969, 'grass': False, 'dome': False}"
2201,Eastern New Mexico,Greyhounds,EASTERNNM,"['EASTERNNM', 'Eastern NM']",Lone Star,,ii,#null,#null,"['http://a.espncdn.com/i/teamlogos/ncaa/500/2201.png', 'http://a.espncdn.com/i/teamlogos/ncaa/500-dark/2201.png']",,"{'id': 5938, 'name': 'Al Whitehead Field at Greyhound Stadium', 'city': 'Portales', 'state': 'NM', 'zip': '88130', 'countryCode': 'US', 'timezone': None, 'latitude': 34.1861922, 'longitude': -103.334397, 'elevation': None, 'capacity': 4000, 'constructionYear': None, 'grass': None, 'dome': False}"
2202,Eastern Oregon,Eastern Oregon,EORE,"['EORE', 'E Oregon']",,,,#null,#null,"['http://a.espncdn.com/i/teamlogos/ncaa/500/2202.png', 'http://a.espncdn.com/i/teamlogos/ncaa/500-dark/2202.png']",,"{'id': None, 'name': None, 'city': None, 'state': None, 'zip': None, 'countryCode': None, 'timezone': None, 'latitude': None, 'longitude': None, 'elevation': None, 'capacity': None, 'constructionYear': None, 'grass': None, 'dome': None}"
127954,Eastern University,Eagles,EAS,"['EAS', 'Eastern']",Mid Atlantic,,iii,#null,#null,,,"{'id': 7513, 'name': ""O'Hara Field"", 'city': 'Saint Davids', 'state': 'PA', 'zip': None, 'countryCode': 'US', 'timezone': None, 'latitude': None, 'longitude': None, 'elevation': None, 'capacity': 0, 'constructionYear': None, 'grass': None, 'dome': False}"
331,Eastern Washington,Eagles,EWU,"['EWU', 'E Washington']",Big Sky,,fcs,#a10022,#abb4bc,"['http://a.espncdn.com/i/teamlogos/ncaa/500/331.png', 'http://a.espncdn.com/i/teamlogos/ncaa/500-dark/331.png']",@EWUFootball,"{'id': 3906, 'name': 'Roos Field', 'city': 'Cheney', 'state': 'WA', 'zip': '99004', 'countryCode': 'US', 'timezone': 'America/Los_Angeles', 'latitude': 47.49278, 'longitude': -117.587353, 'elevation': '750.2774658', 'capacity': 8500, 'constructionYear': 1967, 'grass': False, 'dome': False}"
1000997,East Mississippi C.C.,,,[],,,,#null,#null,,,"{'id': None, 'name': None, 'city': None, 'state': None, 'zip': None, 'countryCode': None, 'timezone': None, 'latitude': None, 'longitude': None, 'elevation': None, 'capacity': None, 'constructionYear': None, 'grass': None, 'dome': None}"
2188,East Stroudsburg University,Warriors,ESTROUD,"['ESTROUD', 'E Strouds']",Pennsylvania State Athletic,Eastern,ii,#null,#null,"['http://a.espncdn.com/i/teamlogos/ncaa/500/2188.png', 'http://a.espncdn.com/i/teamlogos/ncaa/500-dark/2188.png']",,"{'id': 4439, 'name': 'Eiler-Martin Stadium', 'city': 'East Stroudsburg', 'state': 'PA', 'zip': '18301', 'countryCode': 'US', 'timezone': None, 'latitude': 40.9995386, 'longitude': -75.1812913, 'elevation': None, 'capacity': 6000, 'constructionYear': None, 'grass': None, 'dome': False}"
2193,East Tennessee State,Buccaneers,ETSU,"['ETSU', 'ETSU']",Southern,,fcs,#002d61,#ffc423,"['http://a.espncdn.com/i/teamlogos/ncaa/500/2193.png', 'http://a.espncdn.com/i/teamlogos/ncaa/500-dark/2193.png']",@ETSUFootball,"{'id': 5400, 'name': 'William B. Greene Jr. Stadium', 'city': 'Johnson City', 'state': 'TN', 'zip': '37604', 'countryCode': 'US', 'timezone': 'America/New_York', 'latitude': 36.299084, 'longitude': -82.374117, 'elevation': '512.5', 'capacity': 7694, 'constructionYear': 2017, 'grass': False, 'dome': False}"
2837,East Texas A&M,Lions,ETAM,"['Texas A&M-Commerce', 'ETAM', 'E Texas A&M']",Southland,,fcs,#null,#null,"['http://a.espncdn.com/i/teamlogos/ncaa/500/2837.png', 'http://a.espncdn.com/i/teamlogos/ncaa/500-dark/2837.png']",,"{'id': 4762, 'name': 'Memorial Stadium (Commerce TX)', 'city': 'Commerce', 'state': 'TX', 'zip': '75428', 'countryCode': 'US', 'timezone': None, 'latitude': 33.2442615, 'longitude': -95.9006353, 'elevation': None, 'capacity': 11582, 'constructionYear': None, 'grass': None, 'dome': False}"
2194,East Texas Baptist University,Tigers,EAS,"['EAS', 'E TX Bapt']",American Southwest,,iii,#002b44,#e0ad13,"['http://a.espncdn.com/i/teamlogos/ncaa/500/2194.png', 'http://a.espncdn.com/i/teamlogos/ncaa/500-dark/2194.png']",,"{'id': 5838, 'name': 'Ornelas Stadium', 'city': 'Marshall', 'state': 'TX', 'zip': '75670', 'countryCode': 'US', 'timezone': None, 'latitude': 32.5447756, 'longitude': -94.3661004, 'elevation': None, 'capacity': 2046, 'constructionYear': None, 'grass': None, 'dome': False}"
1001018,Edinboro University,,,[],,,,#null,#null,,,"{'id': None, 'name': None, 'city': None, 'state': None, 'zip': None, 'countryCode': None, 'timezone': None, 'latitude': None, 'longitude': None, 'elevation': None, 'capacity': None, 'constructionYear': None, 'grass': None, 'dome': None}"
2205,Edinboro University,Fighting Scots,EDI,"['EDI', 'Edinboro']",Pennsylvania State Athletic,Western,ii,#null,#null,"['http://a.espncdn.com/i/teamlogos/ncaa/500/2205.png', 'http://a.espncdn.com/i/teamlogos/ncaa/500-dark/2205.png']",,"{'id': 4440, 'name': 'Sox Harrison Stadium', 'city': 'Edinboro', 'state': 'PA', 'zip': None, 'countryCode': 'US', 'timezone': None, 'latitude': 41.8742225, 'longitude': -80.1317236, 'elevation': None, 'capacity': 6000, 'constructionYear': None, 'grass': None, 'dome': False}"
2206,Edward Waters,Tigers,EDW,"['EDW', 'Ed Waters']",SIAC,,ii,#null,#null,,,"{'id': 3705, 'name': 'Earl Kitchings Stadium', 'city': 'Jacksonville', 'state': 'FL', 'zip': '32209', 'countryCode': 'US', 'timezone': None, 'latitude': 30.3321838, 'longitude': -81.655651, 'elevation': None, 'capacity': 8000, 'constructionYear': None, 'grass': None, 'dome': False}"
1001017,El Camino College,,,[],,,,#null,#null,,,"{'id': None, 'name': None, 'city': None, 'state': None, 'zip': None, 'countryCode': None, 'timezone': None, 'latitude': None, 'longitude': None, 'elevation': None, 'capacity': None, 'constructionYear': None, 'grass': None, 'dome': None}"
122775,Elgin,Eagles,JUDSO,"['JUDSO', 'JUDSON']",,,,#null,#null,,,"{'id': None, 'name': None, 'city': None, 'state': None, 'zip': None, 'countryCode': None, 'timezone': None, 'latitude': None, 'longitude': None, 'elevation': None, 'capacity': None, 'constructionYear': None, 'grass': None, 'dome': None}"
2207,Elizabeth City State,Vikings,ELI,"['ELI', 'Eliz City']",CIAA,Northern,ii,#null,#null,"['http://a.espncdn.com/i/teamlogos/ncaa/500/2207.png', 'http://a.espncdn.com/i/teamlogos/ncaa/500-dark/2207.png']",,"{'id': 5941, 'name': 'Roebuck Stadium', 'city': 'Elizabeth City', 'state': 'NC', 'zip': '28051', 'countryCode': 'US', 'timezone': None, 'latitude': 36.2956836, 'longitude': -76.2247697, 'elevation': None, 'capacity': 3500, 'constructionYear': None, 'grass': None, 'dome': False}"
72,Elmhurst,Bluejays,ELM,"['ELM', 'Elmhurst']",CCIW,,iii,#null,#null,"['http://a.espncdn.com/i/teamlogos/ncaa/500/72.png', 'http://a.espncdn.com/i/teamlogos/ncaa/500-dark/72.png']",,"{'id': 5839, 'name': 'Langhorst Field', 'city': 'Elmhurst', 'state': 'IL', 'zip': '60126', 'countryCode': 'US', 'timezone': None, 'latitude': 41.8994745, 'longitude': -87.9403418, 'elevation': None, 'capacity': 2500, 'constructionYear': None, 'grass': None, 'dome': False}"
2210,Elon,Phoenix,ELON,"['ELON', 'Elon']",CAA,,fcs,#020303,#b59a57,"['http://a.espncdn.com/i/teamlogos/ncaa/500/2210.png', 'http://a.espncdn.com/i/teamlogos/ncaa/500-dark/2210.png']",@ElonFootball,"{'id': 3894, 'name': 'Rhodes Stadium', 'city': 'Elon', 'state': 'NC', 'zip': '77493', 'countryCode': 'US', 'timezone': 'America/New_York', 'latitude': 36.1101269, 'longitude': -79.5079979, 'elevation': '204.2487793', 'capacity': 14000, 'constructionYear': 2001, 'grass': True, 'dome': False}"
2213,Emory & Henry College,Wasps,EMHEN,"['EMHEN', 'Emory & Henry']",South Atlantic,,ii,#1e376d,#daad27,"['http://a.espncdn.com/i/teamlogos/ncaa/500/2213.png', 'http://a.espncdn.com/i/teamlogos/ncaa/500-dark/2213.png']",,"{'id': 5840, 'name': 'Fred Selfe Stadium at Nicewonder Field', 'city': 'Meadowview', 'state': 'VA', 'zip': 'VA 24', 'countryCode': 'US', 'timezone': None, 'latitude': 37.3065238, 'longitude': -80.0267067, 'elevation': None, 'capacity': 5500, 'constructionYear': None, 'grass': None, 'dome': False}"
2214,Emporia State University,Hornets,EMP,"['EMP', 'Emporia St']",Mid America,,ii,#null,#null,"['http://a.espncdn.com/i/teamlogos/ncaa/500/2214.png', 'http://a.espncdn.com/i/teamlogos/ncaa/500-dark/2214.png']",,"{'id': 5942, 'name': 'Francis G. Welch Stadium', 'city': 'Emporia', 'state': 'KS', 'zip': '66801', 'countryCode': 'US', 'timezone': None, 'latitude': 38.4040054, 'longitude': -96.181623, 'elevation': None, 'capacity': 10000, 'constructionYear': None, 'grass': None, 'dome': False}"
452,Endicott College,Gulls,END,"['END', 'Endicott']",Commonwealth Coast,,iii,#null,#null,"['http://a.espncdn.com/i/teamlogos/ncaa/500/452.png', 'http://a.espncdn.com/i/teamlogos/ncaa/500-dark/452.png']",,"{'id': 3709, 'name': 'Hempstead Stadium', 'city': 'Beverly', 'state': 'MA', 'zip': '26253', 'countryCode': 'US', 'timezone': None, 'latitude': 42.5584284, 'longitude': -70.8800491, 'elevation': None, 'capacity': 3000, 'constructionYear': None, 'grass': None, 'dome': False}"
3236,Erie,Kats,ECC,"['ECC', 'Erie']",,,,#null,#null,"['http://a.espncdn.com/i/teamlogos/ncaa/500/3236.png', 'http://a.espncdn.com/i/teamlogos/ncaa/500-dark/3236.png']",,"{'id': None, 'name': None, 'city': None, 'state': None, 'zip': None, 'countryCode': None, 'timezone': None, 'latitude': None, 'longitude': None, 'elevation': None, 'capacity': None, 'constructionYear': None, 'grass': None, 'dome': None}"
101784,ERSKINE,Flying Fleet,ERSKINE,"['ERSKINE', 'ERSKINE']",Carolinas,,ii,#null,#null,,,"{'id': 7076, 'name': 'J.W. Babb Stadium', 'city': 'Greenwood', 'state': 'SC', 'zip': '29153', 'countryCode': 'US', 'timezone': None, 'latitude': 34.1954001, 'longitude': -82.1617883, 'elevation': None, 'capacity': 4000, 'constructionYear': None, 'grass': None, 'dome': False}"
1000992,Erskine College,,,[],,,,#null,#null,,,"{'id': None, 'name': None, 'city': None, 'state': None, 'zip': None, 'countryCode': None, 'timezone': None, 'latitude': None, 'longitude': None, 'elevation': None, 'capacity': None, 'constructionYear': None, 'grass': None, 'dome': None}"
101,Eureka College,Red Devils,EUR,"['EUR', 'Eureka']",NACC,,iii,#960a2c,#c09a05,"['http://a.espncdn.com/i/teamlogos/ncaa/500/101.png', 'http://a.espncdn.com/i/teamlogos/ncaa/500-dark/101.png']",,"{'id': 5841, 'name': 'Pete FioRito Stadium at McKinzie Field', 'city': 'Eureka', 'state': 'IL', 'zip': '61530', 'countryCode': 'US', 'timezone': None, 'latitude': 40.7213015, 'longitude': -89.2726708, 'elevation': None, 'capacity': 2500, 'constructionYear': None, 'grass': None, 'dome': False}"
2865,Evangel University,Crusaders,EVA,"['EVA', 'Evangel']",,,,#null,#null,"['http://a.espncdn.com/i/teamlogos/ncaa/500/2865.png', 'http://a.espncdn.com/i/teamlogos/ncaa/500-dark/2865.png']",,"{'id': None, 'name': None, 'city': None, 'state': None, 'zip': None, 'countryCode': None, 'timezone': None, 'latitude': None, 'longitude': None, 'elevation': None, 'capacity': None, 'constructionYear': None, 'grass': None, 'dome': None}"
2986,Fairmont State,Falcons,FAIRST,"['FAIRST', 'Fairmnt St']",Mountain East,,ii,#null,#null,"['http://a.espncdn.com/i/teamlogos/ncaa/500/2986.png', 'http://a.espncdn.com/i/teamlogos/ncaa/500-dark/2986.png']",,"{'id': 5943, 'name': 'Duvall-Rosier Field', 'city': 'Fairmont', 'state': 'WV', 'zip': None, 'countryCode': 'US', 'timezone': None, 'latitude': 39.4850848, 'longitude': -80.1425781, 'elevation': None, 'capacity': 5000, 'constructionYear': None, 'grass': None, 'dome': False}"
2219,Faulkner University,Eagles,FAULKNER,"['FAULKNER', 'Faulkner']",,,,#null,#null,"['http://a.espncdn.com/i/teamlogos/ncaa/500/2219.png', 'http://a.espncdn.com/i/teamlogos/ncaa/500-dark/2219.png']",,"{'id': None, 'name': None, 'city': None, 'state': None, 'zip': None, 'countryCode': None, 'timezone': None, 'latitude': None, 'longitude': None, 'elevation': None, 'capacity': None, 'constructionYear': None, 'grass': None, 'dome': None}"
2220,Fayetteville State,Broncos,FAY,"['FAY', 'Fayetvl St']",CIAA,Southern,ii,#null,#null,"['http://a.espncdn.com/i/teamlogos/ncaa/500/2220.png', 'http://a.espncdn.com/i/teamlogos/ncaa/500-dark/2220.png']",,"{'id': 3813, 'name': 'Luther ""Nick"" Jeralds Stadium', 'city': 'Fayetteville', 'state': 'NC', 'zip': '28304', 'countryCode': 'US', 'timezone': None, 'latitude': 35.0525759, 'longitude': -78.878292, 'elevation': None, 'capacity': 5520, 'constructionYear': None, 'grass': None, 'dome': False}"
2221,FDU-Florham,Devils,FDUFLOR,"['FDUFLOR', 'FDU Florhm']",Mid Atlantic,,iii,#003f87,#a32638,"['http://a.espncdn.com/i/teamlogos/ncaa/500/2221.png', 'http://a.espncdn.com/i/teamlogos/ncaa/500-dark/2221.png']",,"{'id': 5842, 'name': 'Robert T. Shields Field', 'city': 'Madison', 'state': 'NJ', 'zip': '07940', 'countryCode': 'US', 'timezone': None, 'latitude': 40.7598227, 'longitude': -74.417097, 'elevation': None, 'capacity': 1000, 'constructionYear': None, 'grass': None, 'dome': False}"
2222,Ferris State,Bulldogs,FRST,"['FRST', 'Ferris St']",GLIAC,,ii,#null,#null,"['http://a.espncdn.com/i/teamlogos/ncaa/500/2222.png', 'http://a.espncdn.com/i/teamlogos/ncaa/500-dark/2222.png']",,"{'id': 3960, 'name': 'Top Taggart Field', 'city': 'Big Rapids', 'state': 'MI', 'zip': '49307', 'countryCode': 'US', 'timezone': None, 'latitude': 43.698078, 'longitude': -85.483656, 'elevation': None, 'capacity': 6200, 'constructionYear': None, 'grass': None, 'dome': False}"
366,Ferrum,Panthers,FER,"['FER', 'Ferrum']",Carolinas,,ii,#null,#c0a656,"['http://a.espncdn.com/i/teamlogos/ncaa/500/366.png', 'http://a.espncdn.com/i/teamlogos/ncaa/500-dark/366.png']",,"{'id': 5843, 'name': 'W.B. Adams Stadium', 'city': 'Ferrum', 'state': 'VA', 'zip': '24088', 'countryCode': 'US', 'timezone': None, 'latitude': 36.937856999999994, 'longitude': -80.01424992208018, 'elevation': None, 'capacity': 5500, 'constructionYear': None, 'grass': None, 'dome': False}"
1001061,Ferrum College,,,[],,,,#null,#null,,,"{'id': None, 'name': None, 'city': None, 'state': None, 'zip': None, 'countryCode': None, 'timezone': None, 'latitude': None, 'longitude': None, 'elevation': None, 'capacity': None, 'constructionYear': None, 'grass': None, 'dome': None}"
2224,Findlay,Oilers,FINDLAY,"['FINDLAY', 'Findlay']",Great Midwest Athletic,,ii,#null,#null,"['http://a.espncdn.com/i/teamlogos/ncaa/500/2224.png', 'http://a.espncdn.com/i/teamlogos/ncaa/500-dark/2224.png']",,"{'id': 3698, 'name': 'Donnell Stadium', 'city': 'Findlay', 'state': 'OH', 'zip': '45840', 'countryCode': 'US', 'timezone': None, 'latitude': 41.0413873, 'longitude': -83.6503982, 'elevation': None, 'capacity': 7500, 'constructionYear': None, 'grass': None, 'dome': False}"
114,Fitchburg State,Falcons,FITCH,"['FITCH', 'Fitchburg']",MSCAC,,iii,#024d36,#fbbf16,"['http://a.espncdn.com/i/teamlogos/ncaa/500/114.png', 'http://a.espncdn.com/i/teamlogos/ncaa/500-dark/114.png']",,"{'id': 5845, 'name': 'Elliot Field Athletic Complex', 'city': 'Fitchburg', 'state': 'MA', 'zip': '01420', 'countryCode': 'US', 'timezone': None, 'latitude': 42.5903661, 'longitude': -71.8119837, 'elevation': None, 'capacity': 1200, 'constructionYear': None, 'grass': None, 'dome': False}"
57,Florida,Gators,FLA,"['FLA', 'Florida']",SEC,,fbs,#0021a5,#fa4616,"['http://a.espncdn.com/i/teamlogos/ncaa/500/57.png', 'http://a.espncdn.com/i/teamlogos/ncaa/500-dark/57.png']",@GatorsFB,"{'id': 3634, 'name': 'Ben Hill Griffin Stadium', 'city': 'Gainesville', 'state': 'FL', 'zip': '32653', 'countryCode': 'US', 'timezone': 'America/New_York', 'latitude': 29.6499357, 'longitude': -82.3485788, 'elevation': '44.97250748', 'capacity': 88548, 'constructionYear': 1930, 'grass': True, 'dome': False}"
50,Florida A&M,Rattlers,FAMU,"['FAMU', 'Florida A&M']",SWAC,East,fcs,#F89728,#00843d,"['http://a.espncdn.com/i/teamlogos/ncaa/500/50.png', 'http://a.espncdn.com/i/teamlogos/ncaa/500-dark/50.png']",@FAMUAthletics,"{'id': 3650, 'name': 'Bragg Memorial Stadium', 'city': 'Tallahassee', 'state': 'FL', 'zip': '32307', 'countryCode': 'US', 'timezone': 'America/New_York', 'latitude': 30.4261632, 'longitude': -84.2923095, 'elevation': '31.18483925', 'capacity': 25500, 'constructionYear': 1957, 'grass': False, 'dome': False}"
2226,Florida Atlantic,Owls,FAU,"['FAU', 'FAU']",American Athletic,,fbs,#00447c,#d31245,"['http://a.espncdn.com/i/teamlogos/ncaa/500/2226.png', 'http://a.espncdn.com/i/teamlogos/ncaa/500-dark/2226.png']",@FAUFootball,"{'id': 3715, 'name': 'FAU Stadium', 'city': 'Boca Raton', 'state': 'FL', 'zip': '33499', 'countryCode': 'US', 'timezone': 'America/New_York', 'latitude': 26.3763763, 'longitude': -80.1015759, 'elevation': '3.613628864', 'capacity': 29419, 'constructionYear': 2011, 'grass': False, 'dome': False}"
2229,Florida International,Panthers,FIU,"['Florida Intl', 'FIU', 'FIU']",Conference USA,,fbs,#001538,#c5960c,"['http://a.espncdn.com/i/teamlogos/ncaa/500/2229.png', 'http://a.espncdn.com/i/teamlogos/ncaa/500-dark/2229.png']",@FIUFootball,"{'id': 2031, 'name': 'Pitbull Stadium', 'city': 'Miami', 'state': 'FL', 'zip': None, 'countryCode': 'US', 'timezone': None, 'latitude': None, 'longitude': None, 'elevation': None, 'capacity': None, 'constructionYear': None, 'grass': None, 'dome': False}"
125762,Florida Memorial University,Lions,FLAMEMRL,"['FLAMEMRL', 'Florida Memori']",,,,#null,#null,,,"{'id': None, 'name': None, 'city': None, 'state': None, 'zip': None, 'countryCode': None, 'timezone': None, 'latitude': None, 'longitude': None, 'elevation': None, 'capacity': None, 'constructionYear': None, 'grass': None, 'dome': None}"
52,Florida State,Seminoles,FSU,"['FSU', 'Florida St']",ACC,,fbs,#782f40,#ceb888,"['http://a.espncdn.com/i/teamlogos/ncaa/500/52.png', 'http://a.espncdn.com/i/teamlogos/ncaa/500-dark/52.png']",@FSUFootball,"{'id': 3697, 'name': 'Doak Campbell Stadium', 'city': 'Tallahassee', 'state': 'FL', 'zip': '32306', 'countryCode': 'US', 'timezone': 'America/New_York', 'latitude': 30.4381692, 'longitude': -84.3044032, 'elevation': '19.55942535', 'capacity': 67277, 'constructionYear': 1950, 'grass': True, 'dome': False}"
53,Florida Tech,Panthers,FLTH,"['FLTH', 'Florida Tech']",,,,#000000,#null,"['http://a.espncdn.com/i/teamlogos/ncaa/500/53.png', 'http://a.espncdn.com/i/teamlogos/ncaa/500-dark/53.png']",,"{'id': None, 'name': None, 'city': None, 'state': None, 'zip': None, 'countryCode': None, 'timezone': None, 'latitude': None, 'longitude': None, 'elevation': None, 'capacity': None, 'constructionYear': None, 'grass': None, 'dome': None}"
2230,Fordham,Rams,FOR,"['FOR', 'Fordham']",Patriot,,fcs,#830032,#909090,"['http://a.espncdn.com/i/teamlogos/ncaa/500/2230.png', 'http://a.espncdn.com/i/teamlogos/ncaa/500-dark/2230.png']",@FordhamFootball,"{'id': 150, 'name': 'Jack Coffey Field', 'city': 'Bronx', 'state': 'NY', 'zip': None, 'countryCode': 'US', 'timezone': None, 'latitude': 40.8466508, 'longitude': -73.8785937, 'elevation': None, 'capacity': 7000, 'constructionYear': None, 'grass': None, 'dome': False}"
109423,Fork Union,Blue Devils,FORK,"['FORK', 'Fork Union']",,,,#null,#null,,,"{'id': None, 'name': None, 'city': None, 'state': None, 'zip': None, 'countryCode': None, 'timezone': None, 'latitude': None, 'longitude': None, 'elevation': None, 'capacity': None, 'constructionYear': None, 'grass': None, 'dome': None}"
2231,Fort Hays State,Tigers,FTHAYST,"['FTHAYST', 'Ft Hays St']",Mid America,,ii,#null,#null,"['http://a.espncdn.com/i/teamlogos/ncaa/500/2231.png', 'http://a.espncdn.com/i/teamlogos/ncaa/500-dark/2231.png']",,"{'id': 5890, 'name': 'Lewis Field Stadium', 'city': 'Hays', 'state': 'KS', 'zip': '67601', 'countryCode': 'US', 'timezone': None, 'latitude': 38.8791783, 'longitude': -99.3267702, 'elevation': None, 'capacity': 6362, 'constructionYear': None, 'grass': None, 'dome': False}"
2237,Fort Lewis,Skyhawks,FORTLEW,"['FORTLEW', 'Ft Lewis']",Rocky Mountain,,ii,#null,#null,"['http://a.espncdn.com/i/teamlogos/ncaa/500/2237.png', 'http://a.espncdn.com/i/teamlogos/ncaa/500-dark/2237.png']",,"{'id': 5944, 'name': 'Ray Dennison Memorial Field', 'city': 'Durango', 'state': 'CO', 'zip': '81302', 'countryCode': 'US', 'timezone': None, 'latitude': 37.2395367, 'longitude': -107.82158179169292, 'elevation': None, 'capacity': 4000, 'constructionYear': None, 'grass': None, 'dome': False}"
2232,Fort Valley State,Wildcats,FOR,"['FOR', 'Ft Valley']",SIAC,,ii,#f9bd0a,#2a307f,"['http://a.espncdn.com/i/teamlogos/ncaa/500/2232.png', 'http://a.espncdn.com/i/teamlogos/ncaa/500-dark/2232.png']",,"{'id': 5945, 'name': 'Wildcat Stadium (GA)', 'city': 'Fort Valley', 'state': 'GA', 'zip': None, 'countryCode': 'US', 'timezone': None, 'latitude': 32.5537585, 'longitude': -83.8874084, 'elevation': None, 'capacity': 10000, 'constructionYear': None, 'grass': None, 'dome': False}"
2967,Framingham State,Rams,FRA,"['FRA', 'Framingham']",MSCAC,,iii,#null,#null,"['http://a.espncdn.com/i/teamlogos/ncaa/500/2967.png', 'http://a.espncdn.com/i/teamlogos/ncaa/500-dark/2967.png']",,"{'id': 3819, 'name': 'Bowditch Field', 'city': 'Framingham', 'state': 'MA', 'zip': '01702', 'countryCode': 'US', 'timezone': None, 'latitude': 42.3095704, 'longitude': -71.4413097, 'elevation': None, 'capacity': 5300, 'constructionYear': None, 'grass': None, 'dome': False}"
2233,Franklin,Grizzlies,FRANKLIN,"['FRANKLIN', 'Franklin']",Heartland,,iii,#1b295b,#fdd106,"['http://a.espncdn.com/i/teamlogos/ncaa/500/2233.png', 'http://a.espncdn.com/i/teamlogos/ncaa/500-dark/2233.png']",,"{'id': 3716, 'name': 'Stewart """"Red"""" Faught Stadium', 'city': 'Franklin', 'state': 'IN', 'zip': '92620', 'countryCode': 'US', 'timezone': None, 'latitude': 33.704156, 'longitude': -117.75109, 'elevation': '222.7', 'capacity': 4000, 'constructionYear': 1999, 'grass': None, 'dome': False}"
1001005,Franklin College,,,[],,,,#null,#null,,,"{'id': None, 'name': None, 'city': None, 'state': None, 'zip': None, 'countryCode': None, 'timezone': None, 'latitude': None, 'longitude': None, 'elevation': None, 'capacity': None, 'constructionYear': None, 'grass': None, 'dome': None}"
2234,Franklin & Marshall,Diplomats,FRKLNMAR,"['FRKLNMAR', 'Frkln Mrsh']",Centennial,,iii,#25377d,#6cb3e9,"['http://a.espncdn.com/i/teamlogos/ncaa/500/2234.png', 'http://a.espncdn.com/i/teamlogos/ncaa/500-dark/2234.png']",,"{'id': 7077, 'name': 'Shadek Stadium', 'city': 'Lancaster', 'state': 'PA', 'zip': '17603', 'countryCode': 'US', 'timezone': None, 'latitude': 40.03813, 'longitude': -76.3056686, 'elevation': None, 'capacity': 2500, 'constructionYear': None, 'grass': None, 'dome': False}"
112334,Franklin Pierce,Ravens,FRANK,"['FRANK', 'FRNKLNPRCE']",Northeast 10,,ii,#null,#null,,,"{'id': 6211, 'name': 'Sodexo Field', 'city': 'Rindge', 'state': 'NH', 'zip': '03461', 'countryCode': 'US', 'timezone': None, 'latitude': 42.7517669, 'longitude': -72.01012902437412, 'elevation': None, 'capacity': 2000, 'constructionYear': None, 'grass': None, 'dome': False}"
278,Fresno State,Bulldogs,FRES,"['FRES', 'Fresno St']",Pac-12,,fbs,#db0032,#002e6d,"['http://a.espncdn.com/i/teamlogos/ncaa/500/278.png', 'http://a.espncdn.com/i/teamlogos/ncaa/500-dark/278.png']",@FresnoStateFB,"{'id': 3660, 'name': ""Valley Children's Stadium"", 'city': 'Fresno', 'state': 'CA', 'zip': '93740', 'countryCode': 'US', 'timezone': 'America/Los_Angeles', 'latitude': 36.8143527, 'longitude': -119.7580092, 'elevation': '102.564064', 'capacity': 41031, 'constructionYear': 1980, 'grass': False, 'dome': False}"
527,Friends University,Friends,FRIE,"['FRIE', 'Friends']",,,,#null,#null,,,"{'id': None, 'name': None, 'city': None, 'state': None, 'zip': None, 'countryCode': None, 'timezone': None, 'latitude': None, 'longitude': None, 'elevation': None, 'capacity': None, 'constructionYear': None, 'grass': None, 'dome': None}"
341,Frostburg State,Bobcats,FRO,"['FRO', 'Frostburg']",Mountain East,,ii,#null,#null,"['http://a.espncdn.com/i/teamlogos/ncaa/500/341.png', 'http://a.espncdn.com/i/teamlogos/ncaa/500-dark/341.png']",,"{'id': 3642, 'name': 'Bobcat Stadium (MD)', 'city': 'Frostburg', 'state': 'MD', 'zip': '21532', 'countryCode': 'US', 'timezone': None, 'latitude': 39.6581425, 'longitude': -78.928357, 'elevation': None, 'capacity': 4000, 'constructionYear': None, 'grass': None, 'dome': False}"
231,Furman,Paladins,FUR,"['FUR', 'Furman']",Southern,,fcs,#582c83,#ffffff,"['http://a.espncdn.com/i/teamlogos/ncaa/500/231.png', 'http://a.espncdn.com/i/teamlogos/ncaa/500-dark/231.png']",@PaladinFootball,"{'id': 3868, 'name': 'Paladin Stadium', 'city': 'Greenville', 'state': 'SC', 'zip': '29617', 'countryCode': 'US', 'timezone': 'America/New_York', 'latitude': 34.920192, 'longitude': -82.4370917, 'elevation': '303.2829285', 'capacity': 16000, 'constructionYear': 1981, 'grass': False, 'dome': False}"
417,Gallaudet,Bison,GAL,"['GAL', 'Gallaudet']",Old Dominion,,iii,#null,#null,"['http://a.espncdn.com/i/teamlogos/ncaa/500/417.png', 'http://a.espncdn.com/i/teamlogos/ncaa/500-dark/417.png']",,"{'id': 5848, 'name': 'Hotchkiss Field', 'city': 'Washington', 'state': 'DC', 'zip': '20549', 'countryCode': 'US', 'timezone': None, 'latitude': 38.8950368, 'longitude': -77.0365427, 'elevation': None, 'capacity': 1500, 'constructionYear': None, 'grass': None, 'dome': False}"
367,Gannon,Golden Knights,GAN,"['GAN', 'Gannon']",Pennsylvania State Athletic,Western,ii,#null,#null,"['http://a.espncdn.com/i/teamlogos/ncaa/500/367.png', 'http://a.espncdn.com/i/teamlogos/ncaa/500-dark/367.png']",,"{'id': 4441, 'name': 'McConnell Family Stadium', 'city': 'Erie', 'state': 'PA', 'zip': '16530', 'countryCode': 'US', 'timezone': None, 'latitude': 42.1294712, 'longitude': -80.0852695, 'elevation': None, 'capacity': 2500, 'constructionYear': None, 'grass': None, 'dome': False}"
1000957,Garden City C.C. ,,,[],,,,#null,#null,,,"{'id': None, 'name': None, 'city': None, 'state': None, 'zip': None, 'countryCode': None, 'timezone': None, 'latitude': None, 'longitude': None, 'elevation': None, 'capacity': None, 'constructionYear': None, 'grass': None, 'dome': None}"
2241,Gardner-Webb,Runnin' Bulldogs,GWEB,"['Gardner Webb', 'GWEB', 'Gardner-Webb']",Big South-OVC,,fcs,#c12535,#909090,"['http://a.espncdn.com/i/teamlogos/ncaa/500/2241.png', 'http://a.espncdn.com/i/teamlogos/ncaa/500-dark/2241.png']",@GWUFootball,"{'id': 3710, 'name': 'Ernest W. Spangler Stadium', 'city': 'Boiling Springs', 'state': 'NC', 'zip': '28152', 'countryCode': 'US', 'timezone': 'America/New_York', 'latitude': 35.2457593, 'longitude': -81.6739887, 'elevation': '253.207016', 'capacity': 9000, 'constructionYear': 1969, 'grass': False, 'dome': False}"
2242,Geneva,Golden Tornadoes,GENEVA,"['GENEVA', 'Geneva']",Presidents',,iii,#null,#null,"['http://a.espncdn.com/i/teamlogos/ncaa/500/2242.png', 'http://a.espncdn.com/i/teamlogos/ncaa/500-dark/2242.png']",,"{'id': 5849, 'name': 'Reeves Field (PA)', 'city': 'Beaver Falls', 'state': 'PA', 'zip': '15010', 'countryCode': 'US', 'timezone': None, 'latitude': 40.7520097, 'longitude': -80.3192295, 'elevation': None, 'capacity': 6000, 'constructionYear': None, 'grass': None, 'dome': False}"
2244,George Mason University,Patriots,GMU,"['GMU', 'George Mason']",,,,#016600,#ecb010,"['http://a.espncdn.com/i/teamlogos/ncaa/500/2244.png', 'http://a.espncdn.com/i/teamlogos/ncaa/500-dark/2244.png']",,"{'id': None, 'name': None, 'city': None, 'state': None, 'zip': None, 'countryCode': None, 'timezone': None, 'latitude': None, 'longitude': None, 'elevation': None, 'capacity': None, 'constructionYear': None, 'grass': None, 'dome': None}"
46,Georgetown,Hoyas,GTWN,"['GTWN', 'Georgetown']",Patriot,,fcs,#110E42,#001c58,"['http://a.espncdn.com/i/teamlogos/ncaa/500/46.png', 'http://a.espncdn.com/i/teamlogos/ncaa/500-dark/46.png']",@HoyasFB,"{'id': 3847, 'name': 'Cooper Field', 'city': 'Washington', 'state': 'DC', 'zip': '20007', 'countryCode': 'US', 'timezone': 'America/New_York', 'latitude': 38.9080248, 'longitude': -77.0753144, 'elevation': '32.38431549', 'capacity': 3750, 'constructionYear': 2003, 'grass': False, 'dome': False}"
2245,Georgetown College Kentucky,Tigers,GTOWNCOLL,"['GTOWNCOLL', ""G'Town Col""]",,,,#null,#null,,,"{'id': None, 'name': None, 'city': None, 'state': None, 'zip': None, 'countryCode': None, 'timezone': None, 'latitude': None, 'longitude': None, 'elevation': None, 'capacity': None, 'constructionYear': None, 'grass': None, 'dome': None}"
61,Georgia,Bulldogs,UGA,"['UGA', 'Georgia']",SEC,,fbs,#ba0c2f,#000000,"['http://a.espncdn.com/i/teamlogos/ncaa/500/61.png', 'http://a.espncdn.com/i/teamlogos/ncaa/500-dark/61.png']",@GeorgiaFootball,"{'id': 3917, 'name': 'Sanford Stadium', 'city': 'Athens', 'state': 'GA', 'zip': '30602', 'countryCode': 'US', 'timezone': 'America/New_York', 'latitude': 33.9498197, 'longitude': -83.3733813, 'elevation': '186.1120758', 'capacity': 92746, 'constructionYear': 1929, 'grass': True, 'dome': False}"
1001053,Georgia Military,,,[],,,,#null,#null,,,"{'id': None, 'name': None, 'city': None, 'state': None, 'zip': None, 'countryCode': None, 'timezone': None, 'latitude': None, 'longitude': None, 'elevation': None, 'capacity': None, 'constructionYear': None, 'grass': None, 'dome': None}"
1001045,Georgia Military College Prep,,,[],,,,#null,#null,,,"{'id': None, 'name': None, 'city': None, 'state': None, 'zip': None, 'countryCode': None, 'timezone': None, 'latitude': None, 'longitude': None, 'elevation': None, 'capacity': None, 'constructionYear': None, 'grass': None, 'dome': None}"
290,Georgia Southern,Eagles,GASO,"['GASO', 'GA Southern']",Sun Belt,East,fbs,#003775,#f0f0f0,"['http://a.espncdn.com/i/teamlogos/ncaa/500/290.png', 'http://a.espncdn.com/i/teamlogos/ncaa/500-dark/290.png']",@GSAthletics_FB,"{'id': 3608, 'name': 'Allen E. Paulson Stadium', 'city': 'Statesboro', 'state': 'GA', 'zip': '30460', 'countryCode': 'US', 'timezone': 'America/New_York', 'latitude': 32.4122471, 'longitude': -81.7849296, 'elevation': '61.25376892', 'capacity': 25000, 'constructionYear': 1984, 'grass': False, 'dome': False}"
2247,Georgia State,Panthers,GAST,"['GAST', 'Georgia St']",Sun Belt,East,fbs,#1e539a,#ebebeb,"['http://a.espncdn.com/i/teamlogos/ncaa/500/2247.png', 'http://a.espncdn.com/i/teamlogos/ncaa/500-dark/2247.png']",@GeorgiaStateFB,"{'id': 4246, 'name': 'Center Parc Stadium', 'city': 'Atlanta', 'state': 'GA', 'zip': '30315', 'countryCode': 'US', 'timezone': 'America/New_York', 'latitude': 33.735267, 'longitude': -84.389949, 'elevation': '287', 'capacity': 25000, 'constructionYear': 2017, 'grass': False, 'dome': False}"
59,Georgia Tech,Yellow Jackets,GT,"['GT', 'Georgia Tech']",ACC,,fbs,#003057,#b3a369,"['http://a.espncdn.com/i/teamlogos/ncaa/500/59.png', 'http://a.espncdn.com/i/teamlogos/ncaa/500-dark/59.png']",@GeorgiaTechFB,"{'id': 721, 'name': 'Bobby Dodd Stadium', 'city': 'Atlanta', 'state': 'GA', 'zip': '30332', 'countryCode': 'US', 'timezone': 'America/New_York', 'latitude': 33.7724449, 'longitude': -84.3928054, 'elevation': '279.300415', 'capacity': 55000, 'constructionYear': 1913, 'grass': False, 'dome': False}"
2248,Gettysburg,Bullets,GETTY,"['GETTY', 'Gettysburg']",Centennial,,iii,#null,#null,"['http://a.espncdn.com/i/teamlogos/ncaa/500/2248.png', 'http://a.espncdn.com/i/teamlogos/ncaa/500-dark/2248.png']",,"{'id': 5851, 'name': 'Shirk Field at Musselman Stadium', 'city': 'Gettysburg', 'state': 'PA', 'zip': '17325', 'countryCode': 'US', 'timezone': None, 'latitude': 39.8308973, 'longitude': -77.231012, 'elevation': None, 'capacity': 6000, 'constructionYear': None, 'grass': None, 'dome': False}"
2249,Glenville State,Pioneers,GLENVILLE,"['GLENVILLE', 'Glenville']",Mountain East,,ii,#null,#null,"['http://a.espncdn.com/i/teamlogos/ncaa/500/2249.png', 'http://a.espncdn.com/i/teamlogos/ncaa/500-dark/2249.png']",,"{'id': 5887, 'name': 'I.L. & Sue Morris Stadium', 'city': 'Glenville', 'state': 'WV', 'zip': '26351', 'countryCode': 'US', 'timezone': None, 'latitude': 38.9342573, 'longitude': -80.8376033, 'elevation': None, 'capacity': 2800, 'constructionYear': None, 'grass': None, 'dome': False}"
1001027,Glenville State ,,,[],,,,#null,#null,,,"{'id': None, 'name': None, 'city': None, 'state': None, 'zip': None, 'countryCode': None, 'timezone': None, 'latitude': None, 'longitude': None, 'elevation': None, 'capacity': None, 'constructionYear': None, 'grass': None, 'dome': None}"
530,Graceland University,Graceland,GRC,"['GRC', 'Graceland']",,,,#null,#null,"['http://a.espncdn.com/i/teamlogos/ncaa/500/530.png', 'http://a.espncdn.com/i/teamlogos/ncaa/500-dark/530.png']",,"{'id': None, 'name': None, 'city': None, 'state': None, 'zip': None, 'countryCode': None, 'timezone': None, 'latitude': None, 'longitude': None, 'elevation': None, 'capacity': None, 'constructionYear': None, 'grass': None, 'dome': None}"
2755,Grambling,Tigers,GRAM,"['Grambling State', 'GRAM', 'Grambling']",SWAC,West,fcs,#ee8601,#ffd10a,"['http://a.espncdn.com/i/teamlogos/ncaa/500/2755.png', 'http://a.espncdn.com/i/teamlogos/ncaa/500-dark/2755.png']",@GSU_Tigers,"{'id': 3902, 'name': 'Eddie Robinson Stadium', 'city': 'Grambling', 'state': 'LA', 'zip': '71245', 'countryCode': 'US', 'timezone': 'America/Chicago', 'latitude': 32.5258665, 'longitude': -92.7146412, 'elevation': '94.58428955', 'capacity': 19600, 'constructionYear': 1983, 'grass': False, 'dome': False}"
125,Grand Valley State University,Lakers,GVSU,"['GVSU', 'Grand Vall']",GLIAC,,ii,#null,#null,"['http://a.espncdn.com/i/teamlogos/ncaa/500/125.png', 'http://a.espncdn.com/i/teamlogos/ncaa/500-dark/125.png']",,"{'id': 3811, 'name': 'Lubbers Stadium', 'city': 'Allendale', 'state': 'MI', 'zip': '49401', 'countryCode': 'US', 'timezone': 'America/Detroit', 'latitude': 42.968996, 'longitude': -85.894735, 'elevation': '205.8', 'capacity': 10444, 'constructionYear': 1973, 'grass': False, 'dome': False}"
2839,Greeneville,Pioneers,TUS,"['TUS', 'Tusculum']",South Atlantic,,ii,#f2682a,#000000,"['http://a.espncdn.com/i/teamlogos/ncaa/500/2839.png', 'http://a.espncdn.com/i/teamlogos/ncaa/500-dark/2839.png']",,"{'id': 6078, 'name': 'Pioneer Field (TN)', 'city': 'Greeneville', 'state': 'TN', 'zip': None, 'countryCode': 'US', 'timezone': None, 'latitude': 36.1631575, 'longitude': -82.8309861, 'elevation': None, 'capacity': 3500, 'constructionYear': None, 'grass': None, 'dome': False}"
2256,Greensboro College,Pride,GRNSBORO,"['GRNSBORO', 'Greensboro']",USA South,,iii,#null,#null,"['http://a.espncdn.com/i/teamlogos/ncaa/500/2256.png', 'http://a.espncdn.com/i/teamlogos/ncaa/500-dark/2256.png']",,"{'id': 5852, 'name': 'Jamieson Stadium', 'city': 'Greensboro', 'state': 'NC', 'zip': '27401', 'countryCode': 'US', 'timezone': None, 'latitude': 36.0726355, 'longitude': -79.7919754, 'elevation': None, 'capacity': 10000, 'constructionYear': None, 'grass': None, 'dome': False}"
2257,Greenville,Panthers,GRNVIL,"['GRNVIL', 'Greenville']",Upper Midwest,,iii,#f36917,#000000,"['http://a.espncdn.com/i/teamlogos/ncaa/500/2257.png', 'http://a.espncdn.com/i/teamlogos/ncaa/500-dark/2257.png']",,"{'id': 5853, 'name': 'Francis Field (IL)', 'city': 'Greenville', 'state': 'IL', 'zip': '62246', 'countryCode': 'US', 'timezone': None, 'latitude': 38.8922687, 'longitude': -89.4131356, 'elevation': None, 'capacity': 2000, 'constructionYear': None, 'grass': None, 'dome': False}"
65,Grinnell,Pioneers,GRI,"['GRI', 'Grinnell']",Midwest,,iii,#null,#null,"['http://a.espncdn.com/i/teamlogos/ncaa/500/65.png', 'http://a.espncdn.com/i/teamlogos/ncaa/500-dark/65.png']",,"{'id': 5861, 'name': 'Rosenbloom Field', 'city': 'Grinnell', 'state': 'IA', 'zip': '50112', 'countryCode': 'US', 'timezone': None, 'latitude': 41.7430237, 'longitude': -92.7239637, 'elevation': None, 'capacity': 1500, 'constructionYear': None, 'grass': None, 'dome': False}"
146,Grove City College,Wolverines,GRO,"['GRO', 'Grove City']",Presidents',,iii,#null,#null,"['http://a.espncdn.com/i/teamlogos/ncaa/500/146.png', 'http://a.espncdn.com/i/teamlogos/ncaa/500-dark/146.png']",,"{'id': 5864, 'name': 'Robert E. Thorn Field', 'city': 'Grove City', 'state': 'PA', 'zip': None, 'countryCode': 'US', 'timezone': None, 'latitude': 41.1579008, 'longitude': -80.0886631, 'elevation': None, 'capacity': 3500, 'constructionYear': None, 'grass': None, 'dome': False}"
2258,Guilford College,Quakers,GUI,"['GUI', 'Guilford']",Old Dominion,,iii,#910028,#dcddde,"['http://a.espncdn.com/i/teamlogos/ncaa/500/2258.png', 'http://a.espncdn.com/i/teamlogos/ncaa/500-dark/2258.png']",,"{'id': 5892, 'name': 'Armfield Athletic Center', 'city': 'Greensboro', 'state': 'NC', 'zip': '27401', 'countryCode': 'US', 'timezone': None, 'latitude': 36.0726355, 'longitude': -79.7919754, 'elevation': None, 'capacity': 2200, 'constructionYear': None, 'grass': None, 'dome': False}"
2968,Gustavus Adolphus,Golden Gusties,GUSADOL,"['GUSADOL', 'Gustvs Adl']",Minnesota,,iii,#null,#ebb700,"['http://a.espncdn.com/i/teamlogos/ncaa/500/2968.png', 'http://a.espncdn.com/i/teamlogos/ncaa/500-dark/2968.png']",,"{'id': 5893, 'name': 'Hollingsworth Field', 'city': 'Saint Peter', 'state': 'MN', 'zip': '56082', 'countryCode': 'US', 'timezone': None, 'latitude': 44.3238384, 'longitude': -93.9585295, 'elevation': None, 'capacity': 3000, 'constructionYear': None, 'grass': None, 'dome': False}"
348,Hamilton,Continentals,HAM,"['HAM', 'Hamilton']",NESCAC,,iii,#062f87,#d5b98b,"['http://a.espncdn.com/i/teamlogos/ncaa/500/348.png', 'http://a.espncdn.com/i/teamlogos/ncaa/500-dark/348.png']",,"{'id': 5894, 'name': 'Steuben Field', 'city': 'Clinton', 'state': 'NY', 'zip': '12923', 'countryCode': 'US', 'timezone': None, 'latitude': 44.7278943, 'longitude': -73.6686982, 'elevation': None, 'capacity': 2000, 'constructionYear': None, 'grass': None, 'dome': False}"
162,Hamline University,Pipers,HAM,"['HAM', 'Hamline']",Minnesota,,iii,#98012e,#ffffff,"['http://a.espncdn.com/i/teamlogos/ncaa/500/162.png', 'http://a.espncdn.com/i/teamlogos/ncaa/500-dark/162.png']",,"{'id': 5895, 'name': 'Klas Field', 'city': 'Saint Paul', 'state': 'MN', 'zip': None, 'countryCode': 'US', 'timezone': None, 'latitude': 44.9497487, 'longitude': -93.0931028, 'elevation': None, 'capacity': 2000, 'constructionYear': None, 'grass': None, 'dome': False}"
297,Hampden-Sydney,Tigers,HAM,"['HAM', 'Hamp Sdney']",Old Dominion,,iii,#900028,#a8b1b7,"['http://a.espncdn.com/i/teamlogos/ncaa/500/297.png', 'http://a.espncdn.com/i/teamlogos/ncaa/500-dark/297.png']",,"{'id': 5896, 'name': 'Lewis C. Everett Stadium', 'city': 'Farmville', 'state': 'VA', 'zip': '23901', 'countryCode': 'US', 'timezone': None, 'latitude': 37.3024713, 'longitude': -78.3923813, 'elevation': None, 'capacity': 1850, 'constructionYear': None, 'grass': None, 'dome': False}"
2261,Hampton,Pirates,HAMP,"['HAMP', 'Hampton']",CAA,,fcs,#0067AC,#null,"['http://a.espncdn.com/i/teamlogos/ncaa/500/2261.png', 'http://a.espncdn.com/i/teamlogos/ncaa/500-dark/2261.png']",@Hampton_FB,"{'id': 3620, 'name': 'Armstrong Stadium', 'city': 'Hampton', 'state': 'VA', 'zip': '23669', 'countryCode': 'US', 'timezone': 'America/New_York', 'latitude': 37.0200894, 'longitude': -76.3331555, 'elevation': '2.574624538', 'capacity': 12000, 'constructionYear': 1928, 'grass': False, 'dome': False}"
2262,Hanover College,Panthers,HAN,"['HAN', 'Hanover']",Heartland,,iii,#0b486d,#990000,"['http://a.espncdn.com/i/teamlogos/ncaa/500/2262.png', 'http://a.espncdn.com/i/teamlogos/ncaa/500-dark/2262.png']",,"{'id': 3614, 'name': 'Alumni Stadium (IN)', 'city': 'Hanover', 'state': 'IN', 'zip': None, 'countryCode': 'US', 'timezone': None, 'latitude': 38.7142263, 'longitude': -85.4735707, 'elevation': None, 'capacity': 4000, 'constructionYear': None, 'grass': None, 'dome': False}"
2264,Harding University,Bisons,HARDING,"['HARDING', 'Harding']",Great American,,ii,#null,#null,"['http://a.espncdn.com/i/teamlogos/ncaa/500/2264.png', 'http://a.espncdn.com/i/teamlogos/ncaa/500-dark/2264.png']",,"{'id': 5885, 'name': 'First Security Stadium', 'city': 'Searcy', 'state': 'AR', 'zip': '72121', 'countryCode': 'US', 'timezone': None, 'latitude': 35.9018987, 'longitude': -92.7098744, 'elevation': None, 'capacity': 5854, 'constructionYear': None, 'grass': None, 'dome': False}"
2810,Hardin-Simmons,Cowboys,HARDSIM,"['HARDSIM', 'Hardn-Simm']",American Southwest,,iii,#5b2d83,#fec52f,"['http://a.espncdn.com/i/teamlogos/ncaa/500/2810.png', 'http://a.espncdn.com/i/teamlogos/ncaa/500-dark/2810.png']",,"{'id': 5114, 'name': 'Shelton Stadium', 'city': 'Abilene', 'state': 'TX', 'zip': '79697', 'countryCode': 'US', 'timezone': None, 'latitude': 32.44645, 'longitude': -99.7475905, 'elevation': None, 'capacity': 4000, 'constructionYear': None, 'grass': None, 'dome': False}"
173,Hartwick,Hawks,HAR,"['HAR', 'Hartwick']",Empire 8,,iii,#null,#null,"['http://a.espncdn.com/i/teamlogos/ncaa/500/173.png', 'http://a.espncdn.com/i/teamlogos/ncaa/500-dark/173.png']",,"{'id': 5636, 'name': 'Wright Stadium', 'city': 'Oneonta', 'state': 'NY', 'zip': '13820', 'countryCode': 'US', 'timezone': None, 'latitude': 42.453492, 'longitude': -75.0629531, 'elevation': None, 'capacity': 1200, 'constructionYear': None, 'grass': None, 'dome': False}"
108,Harvard,Crimson,HARV,"['HARV', 'Harvard']",Ivy,,fcs,#990000,#dbdbdb,"['http://a.espncdn.com/i/teamlogos/ncaa/500/108.png', 'http://a.espncdn.com/i/teamlogos/ncaa/500-dark/108.png']",@HarvardFootball,"{'id': 3750, 'name': 'Harvard Stadium', 'city': 'Boston', 'state': 'MA', 'zip': '2134 ', 'countryCode': 'US', 'timezone': 'America/New_York', 'latitude': 42.366704, 'longitude': -71.1267511, 'elevation': '1.96428895', 'capacity': 30323, 'constructionYear': 1903, 'grass': False, 'dome': False}"
535,Haskell Indian Nations Univ,Jayhawks,HASKELL,"['Haskell Indian Nations', 'HASKELL', 'Haskell']",,,,#null,#null,"['http://a.espncdn.com/i/teamlogos/ncaa/500/535.png', 'http://a.espncdn.com/i/teamlogos/ncaa/500-dark/535.png']",,"{'id': None, 'name': None, 'city': None, 'state': None, 'zip': None, 'countryCode': None, 'timezone': None, 'latitude': None, 'longitude': None, 'elevation': None, 'capacity': None, 'constructionYear': None, 'grass': None, 'dome': None}"
62,Hawai'i,Rainbow Warriors,HAW,"['HAW', 'Hawai’i']",Mountain West,,fbs,#003420,#ffffff,"['http://a.espncdn.com/i/teamlogos/ncaa/500/62.png', 'http://a.espncdn.com/i/teamlogos/ncaa/500-dark/62.png']",@HawaiiFootball,"{'id': 7220, 'name': 'Clarence T.C. Ching Athletics Complex', 'city': 'Honolulu', 'state': 'HI', 'zip': '96822', 'countryCode': None, 'timezone': None, 'latitude': 21.294294, 'longitude': -157.819338, 'elevation': '20', 'capacity': 9000, 'constructionYear': None, 'grass': True, 'dome': False}"
191,Heidelberg,Student Princes,HEI,"['HEI', 'Heidelberg']",Ohio,,iii,#null,#null,"['http://a.espncdn.com/i/teamlogos/ncaa/500/191.png', 'http://a.espncdn.com/i/teamlogos/ncaa/500-dark/191.png']",,"{'id': 5854, 'name': 'Hoernemann Stadium', 'city': 'Tiffin', 'state': 'OH', 'zip': '44883', 'countryCode': 'US', 'timezone': None, 'latitude': 41.114485, 'longitude': -83.1779537, 'elevation': None, 'capacity': 1300, 'constructionYear': None, 'grass': None, 'dome': False}"
2271,Henderson State,Reddies,HENDERSON,"['HENDERSON', 'Henderson']",Great American,,ii,#null,#null,"['http://a.espncdn.com/i/teamlogos/ncaa/500/2271.png', 'http://a.espncdn.com/i/teamlogos/ncaa/500-dark/2271.png']",,"{'id': 5113, 'name': 'Ruggles Field at Carpenter-Haygood Stadium', 'city': 'Arkadelphia', 'state': 'AR', 'zip': '71998', 'countryCode': 'US', 'timezone': None, 'latitude': 34.1209292, 'longitude': -93.053784, 'elevation': None, 'capacity': 9600, 'constructionYear': None, 'grass': None, 'dome': False}"
418,Hendrix College,Warriors,HENDRIX,"['HENDRIX', 'Hendrix']",Southern Athletic,,iii,#null,#null,"['http://a.espncdn.com/i/teamlogos/ncaa/500/418.png', 'http://a.espncdn.com/i/teamlogos/ncaa/500-dark/418.png']",,"{'id': 4423, 'name': 'Young-Wise Memorial Stadium', 'city': 'Conway', 'state': 'AR', 'zip': '72112', 'countryCode': 'US', 'timezone': None, 'latitude': 35.2521996, 'longitude': -92.6888936, 'elevation': None, 'capacity': 1500, 'constructionYear': None, 'grass': None, 'dome': False}"
1001016,Highland C.C.,,,[],,,,#null,#null,,,"{'id': None, 'name': None, 'city': None, 'state': None, 'zip': None, 'countryCode': None, 'timezone': None, 'latitude': None, 'longitude': None, 'elevation': None, 'capacity': None, 'constructionYear': None, 'grass': None, 'dome': None}"
125974,Hilbert College,Hawks,HIL,"['HIL', 'Hilbert College']",Empire 8,,iii,#null,#null,,,"{'id': 7512, 'name': 'St. Francis High School', 'city': 'Hamburg', 'state': 'NY', 'zip': None, 'countryCode': 'US', 'timezone': None, 'latitude': None, 'longitude': None, 'elevation': None, 'capacity': 0, 'constructionYear': None, 'grass': None, 'dome': False}"
2273,Hillsdale,Chargers,HILLSDALE,"['HILLSDALE', 'Hillsdale']",Great Midwest Athletic,,ii,#null,#null,"['http://a.espncdn.com/i/teamlogos/ncaa/500/2273.png', 'http://a.espncdn.com/i/teamlogos/ncaa/500-dark/2273.png']",,"{'id': 3729, 'name': 'Frank ""Muddy"" Waters Stadium', 'city': 'Hillsdale', 'state': 'MI', 'zip': '66036', 'countryCode': 'US', 'timezone': None, 'latitude': 41.8779105, 'longitude': -84.5984396, 'elevation': None, 'capacity': 8500, 'constructionYear': None, 'grass': None, 'dome': False}"
1000984,Hillsdale College,,,[],,,,#null,#null,,,"{'id': None, 'name': None, 'city': None, 'state': None, 'zip': None, 'countryCode': None, 'timezone': None, 'latitude': None, 'longitude': None, 'elevation': None, 'capacity': None, 'constructionYear': None, 'grass': None, 'dome': None}"
1000979,Hinds C.C.,,,[],,,,#null,#null,,,"{'id': None, 'name': None, 'city': None, 'state': None, 'zip': None, 'countryCode': None, 'timezone': None, 'latitude': None, 'longitude': None, 'elevation': None, 'capacity': None, 'constructionYear': None, 'grass': None, 'dome': None}"
2274,Hiram College,Terriers,HIR,"['HIR', 'Hiram']",Presidents',,iii,#null,#null,"['http://a.espncdn.com/i/teamlogos/ncaa/500/2274.png', 'http://a.espncdn.com/i/teamlogos/ncaa/500-dark/2274.png']",,"{'id': 5855, 'name': 'Charles A. Henry Field', 'city': 'Hiram', 'state': 'OH', 'zip': '44234', 'countryCode': 'US', 'timezone': None, 'latitude': 41.312555, 'longitude': -81.14371, 'elevation': None, 'capacity': 2500, 'constructionYear': None, 'grass': None, 'dome': False}"
174,Hobart College,Statesmen,HBRT,"['HBRT', 'Hobart']",Liberty League,,iii,#null,#null,"['http://a.espncdn.com/i/teamlogos/ncaa/500/174.png', 'http://a.espncdn.com/i/teamlogos/ncaa/500-dark/174.png']",,"{'id': 5856, 'name': 'Boswell Field at David J. Urick Stadium', 'city': 'Geneva', 'state': 'NY', 'zip': '14456', 'countryCode': 'US', 'timezone': None, 'latitude': 42.8690271, 'longitude': -76.9786122, 'elevation': None, 'capacity': 3000, 'constructionYear': None, 'grass': None, 'dome': False}"
108354,Holland College,Hurricanes,HOL,"['HOL', 'Holland College']",,,,#null,#null,,,"{'id': None, 'name': None, 'city': None, 'state': None, 'zip': None, 'countryCode': None, 'timezone': None, 'latitude': None, 'longitude': None, 'elevation': None, 'capacity': None, 'constructionYear': None, 'grass': None, 'dome': None}"
1000982,Holmes C.C.,,,[],,,,#null,#null,,,"{'id': None, 'name': None, 'city': None, 'state': None, 'zip': None, 'countryCode': None, 'timezone': None, 'latitude': None, 'longitude': None, 'elevation': None, 'capacity': None, 'constructionYear': None, 'grass': None, 'dome': None}"
107,Holy Cross,Crusaders,HC,"['HC', 'Holy Cross']",Patriot,,fcs,#0a0a0a,#080808,"['http://a.espncdn.com/i/teamlogos/ncaa/500/107.png', 'http://a.espncdn.com/i/teamlogos/ncaa/500-dark/107.png']",@HCrossFB,"{'id': 3722, 'name': 'Fitton Field', 'city': 'Worcester', 'state': 'MA', 'zip': '1601 ', 'countryCode': 'US', 'timezone': 'America/New_York', 'latitude': 42.2403564, 'longitude': -71.8111424, 'elevation': '137.3915253', 'capacity': 23500, 'constructionYear': 1924, 'grass': True, 'dome': False}"
1001002,Hope ,,,[],,,,#null,#null,,,"{'id': None, 'name': None, 'city': None, 'state': None, 'zip': None, 'countryCode': None, 'timezone': None, 'latitude': None, 'longitude': None, 'elevation': None, 'capacity': None, 'constructionYear': None, 'grass': None, 'dome': None}"
2812,Hope College,Flying Dutchmen,HOP,"['HOP', 'Hope']",Michigan,,iii,#null,#null,"['http://a.espncdn.com/i/teamlogos/ncaa/500/2812.png', 'http://a.espncdn.com/i/teamlogos/ncaa/500-dark/2812.png']",,"{'id': 3755, 'name': 'Ray and Sue Smith Stadium', 'city': 'Holland', 'state': 'MI', 'zip': '49423', 'countryCode': 'US', 'timezone': None, 'latitude': 42.7876022, 'longitude': -86.1090828, 'elevation': None, 'capacity': 5300, 'constructionYear': None, 'grass': None, 'dome': False}"
248,Houston,Cougars,HOU,"['HOU', 'Houston']",Big 12,,fbs,#c92a39,#ffffff,"['http://a.espncdn.com/i/teamlogos/ncaa/500/248.png', 'http://a.espncdn.com/i/teamlogos/ncaa/500-dark/248.png']",@UHCougarFB,"{'id': 4728, 'name': 'TDECU Stadium', 'city': 'Houston', 'state': 'TX', 'zip': '77004', 'countryCode': 'US', 'timezone': 'America/Chicago', 'latitude': 29.7219885, 'longitude': -95.3491623, 'elevation': '9.57440567', 'capacity': 40000, 'constructionYear': 2014, 'grass': False, 'dome': False}"
2277,Houston Christian,Huskies,HCU,"['Houston Baptist', 'HCU', 'Hou Christian']",Southland,,fcs,#00539c,#null,"['http://a.espncdn.com/i/teamlogos/ncaa/500/2277.png', 'http://a.espncdn.com/i/teamlogos/ncaa/500-dark/2277.png']",@HCUFootball,"{'id': 4424, 'name': 'Husky Stadium', 'city': 'Houston', 'state': 'TX', 'zip': '77074', 'countryCode': 'US', 'timezone': 'America/Chicago', 'latitude': 29.6949025, 'longitude': -95.5167353, 'elevation': '19.87884521', 'capacity': 5000, 'constructionYear': 2014, 'grass': False, 'dome': False}"
47,Howard,Bison,HOW,"['HOW', 'Howard']",MEAC,,fcs,#003a63,#e51937,"['http://a.espncdn.com/i/teamlogos/ncaa/500/47.png', 'http://a.espncdn.com/i/teamlogos/ncaa/500-dark/47.png']",@HUBisonFootball,"{'id': 3990, 'name': 'William H. Greene Stadium', 'city': 'Washington', 'state': 'DC', 'zip': '20059', 'countryCode': 'US', 'timezone': 'America/New_York', 'latitude': 38.925487, 'longitude': -77.021047, 'elevation': '53.46718979', 'capacity': 10000, 'constructionYear': 1926, 'grass': False, 'dome': False}"
2758,Howard Payne,Yellow Jackets,HOWPAY,"['HOWPAY', 'Hwrd Payne']",American Southwest,,iii,#02215b,#b5985b,"['http://a.espncdn.com/i/teamlogos/ncaa/500/2758.png', 'http://a.espncdn.com/i/teamlogos/ncaa/500-dark/2758.png']",,"{'id': 5857, 'name': 'Gordon Wood Stadium', 'city': 'Brownwood', 'state': 'TX', 'zip': '76801', 'countryCode': 'US', 'timezone': None, 'latitude': 31.7070026, 'longitude': -98.9831022, 'elevation': None, 'capacity': 7500, 'constructionYear': None, 'grass': None, 'dome': False}"
3237,Hudson Valley,Vikings,HVCC,"['HVCC', 'Hudson']",,,,#null,#null,,,"{'id': None, 'name': None, 'city': None, 'state': None, 'zip': None, 'countryCode': None, 'timezone': None, 'latitude': None, 'longitude': None, 'elevation': None, 'capacity': None, 'constructionYear': None, 'grass': None, 'dome': None}"
2278,Humboldt State,Lumberjacks,HUM,"['HUM', 'Humboldt St']",,,,#000000,#null,"['http://a.espncdn.com/i/teamlogos/ncaa/500/2278.png', 'http://a.espncdn.com/i/teamlogos/ncaa/500-dark/2278.png']",,"{'id': None, 'name': None, 'city': None, 'state': None, 'zip': None, 'countryCode': None, 'timezone': None, 'latitude': None, 'longitude': None, 'elevation': None, 'capacity': None, 'constructionYear': None, 'grass': None, 'dome': None}"
2938,Huntingdon College (AL),Hawks,HNTNGDN,"['HNTNGDN', 'Huntingdon']",USA South,,iii,#null,#null,"['http://a.espncdn.com/i/teamlogos/ncaa/500/2938.png', 'http://a.espncdn.com/i/teamlogos/ncaa/500-dark/2938.png']",,"{'id': 3915, 'name': 'Charles Lee Field at Samford Stadium', 'city': 'Montgomery', 'state': 'AL', 'zip': None, 'countryCode': 'US', 'timezone': None, 'latitude': 32.3669656, 'longitude': -86.3006485, 'elevation': None, 'capacity': 2500, 'constructionYear': None, 'grass': None, 'dome': False}"
2280,Husson,Eagles,HUSSON,"['HUSSON', 'Husson']",Commonwealth Coast,,iii,#004b44,#b09a5f,"['http://a.espncdn.com/i/teamlogos/ncaa/500/2280.png', 'http://a.espncdn.com/i/teamlogos/ncaa/500-dark/2280.png']",,"{'id': 3995, 'name': 'Dr. John W. Winkin Sports Complex', 'city': 'Bangor', 'state': 'ME', 'zip': '04401', 'countryCode': 'US', 'timezone': None, 'latitude': 44.8011821, 'longitude': -68.7778138, 'elevation': None, 'capacity': 3000, 'constructionYear': None, 'grass': None, 'dome': False}"
1000953,Hutchinson C.C.,,,[],,,,#null,#null,,,"{'id': None, 'name': None, 'city': None, 'state': None, 'zip': None, 'countryCode': None, 'timezone': None, 'latitude': None, 'longitude': None, 'elevation': None, 'capacity': None, 'constructionYear': None, 'grass': None, 'dome': None}"
1000940,Hutchinson C.C.,,,[],,,,#null,#null,,,"{'id': None, 'name': None, 'city': None, 'state': None, 'zip': None, 'countryCode': None, 'timezone': None, 'latitude': None, 'longitude': None, 'elevation': None, 'capacity': None, 'constructionYear': None, 'grass': None, 'dome': None}"
70,Idaho,Vandals,IDHO,"['IDHO', 'Idaho']",Big Sky,,fcs,#null,#8c6e4a,"['http://a.espncdn.com/i/teamlogos/ncaa/500/70.png', 'http://a.espncdn.com/i/teamlogos/ncaa/500-dark/70.png']",@VandalFootball,"{'id': 3791, 'name': 'Kibbie Dome', 'city': 'Moscow', 'state': 'ID', 'zip': '83843', 'countryCode': 'US', 'timezone': 'America/Los_Angeles', 'latitude': 46.7262921, 'longitude': -117.0173713, 'elevation': '794.4794922', 'capacity': 16000, 'constructionYear': 1975, 'grass': False, 'dome': True}"
304,Idaho State,Bengals,IDST,"['IDST', 'Idaho St']",Big Sky,,fcs,#ef8c00,#e9a126,"['http://a.espncdn.com/i/teamlogos/ncaa/500/304.png', 'http://a.espncdn.com/i/teamlogos/ncaa/500-dark/304.png']",@IdahoStateFB,"{'id': 1930, 'name': 'Holt Arena', 'city': 'Pocatello', 'state': 'ID', 'zip': '83201', 'countryCode': 'US', 'timezone': 'America/Boise', 'latitude': 42.8702052, 'longitude': -112.4281274, 'elevation': '1390.252441', 'capacity': 12000, 'constructionYear': 1970, 'grass': False, 'dome': True}"
356,Illinois,Fighting Illini,ILL,"['ILL', 'Illinois']",Big Ten,,fbs,#ff5f05,#13294b,"['http://a.espncdn.com/i/teamlogos/ncaa/500/356.png', 'http://a.espncdn.com/i/teamlogos/ncaa/500-dark/356.png']",@IlliniFootball,"{'id': 3832, 'name': 'Memorial Stadium (Champaign, IL)', 'city': 'Champaign', 'state': 'IL', 'zip': '61820', 'countryCode': 'US', 'timezone': 'America/Chicago', 'latitude': 40.0993268, 'longitude': -88.2359569, 'elevation': '223.2471619', 'capacity': 60670, 'constructionYear': 1923, 'grass': False, 'dome': False}"
2286,Illinois College,Blueboys,ILLCOLL,"['ILLCOLL', 'Ill Col']",Midwest,,iii,#null,#null,"['http://a.espncdn.com/i/teamlogos/ncaa/500/2286.png', 'http://a.espncdn.com/i/teamlogos/ncaa/500-dark/2286.png']",,"{'id': 5858, 'name': 'England Stadium', 'city': 'Jacksonville', 'state': 'IL', 'zip': None, 'countryCode': 'US', 'timezone': None, 'latitude': 39.7343037, 'longitude': -90.2288356, 'elevation': None, 'capacity': 1468, 'constructionYear': None, 'grass': None, 'dome': False}"
2287,Illinois State,Redbirds,ILST,"['ILST', 'Illinois St']",MVFC,,fcs,#CE1126,#ffe716,"['http://a.espncdn.com/i/teamlogos/ncaa/500/2287.png', 'http://a.espncdn.com/i/teamlogos/ncaa/500-dark/2287.png']",@RedbirdFB,"{'id': 3744, 'name': 'Hancock Stadium', 'city': 'Normal', 'state': 'IL', 'zip': '61761', 'countryCode': 'US', 'timezone': 'America/Chicago', 'latitude': 40.5125091, 'longitude': -88.9967177, 'elevation': '242.8722687', 'capacity': 15000, 'constructionYear': 1963, 'grass': False, 'dome': False}"
306,Illinois Wesleyan,Titans,ILLWES,"['ILLWES', 'IL Weslyan']",CCIW,,iii,#null,#null,"['http://a.espncdn.com/i/teamlogos/ncaa/500/306.png', 'http://a.espncdn.com/i/teamlogos/ncaa/500-dark/306.png']",,"{'id': 5859, 'name': 'Tucci Stadium', 'city': 'Bloomington', 'state': 'IL', 'zip': None, 'countryCode': 'US', 'timezone': None, 'latitude': 40.4797828, 'longitude': -88.9939147, 'elevation': None, 'capacity': 3500, 'constructionYear': None, 'grass': None, 'dome': False}"
2916,Incarnate Word,Cardinals,UIW,"['UIW', 'Incarnate Word']",Southland,,fcs,#null,#080808,"['http://a.espncdn.com/i/teamlogos/ncaa/500/2916.png', 'http://a.espncdn.com/i/teamlogos/ncaa/500-dark/2916.png']",@UIWFootball,"{'id': 3734, 'name': 'Gayle and Tom Benson Stadium', 'city': 'San Antonio', 'state': 'TX', 'zip': '78209', 'countryCode': 'US', 'timezone': 'America/Chicago', 'latitude': 29.4674787, 'longitude': -98.470014, 'elevation': '208.4659576', 'capacity': 6000, 'constructionYear': 2008, 'grass': False, 'dome': False}"
1000964,Independence C.C.,,,[],,,,#null,#null,,,"{'id': None, 'name': None, 'city': None, 'state': None, 'zip': None, 'countryCode': None, 'timezone': None, 'latitude': None, 'longitude': None, 'elevation': None, 'capacity': None, 'constructionYear': None, 'grass': None, 'dome': None}"
1000942,Independence C.C.,,,[],,,,#null,#null,,,"{'id': None, 'name': None, 'city': None, 'state': None, 'zip': None, 'countryCode': None, 'timezone': None, 'latitude': None, 'longitude': None, 'elevation': None, 'capacity': None, 'constructionYear': None, 'grass': None, 'dome': None}"
1000963,Independence C.C.,,,[],,,,#null,#null,,,"{'id': None, 'name': None, 'city': None, 'state': None, 'zip': None, 'countryCode': None, 'timezone': None, 'latitude': None, 'longitude': None, 'elevation': None, 'capacity': None, 'constructionYear': None, 'grass': None, 'dome': None}"
84,Indiana,Hoosiers,IU,"['IU', 'Indiana']",Big Ten,,fbs,#990000,#edebeb,"['http://a.espncdn.com/i/teamlogos/ncaa/500/84.png', 'http://a.espncdn.com/i/teamlogos/ncaa/500-dark/84.png']",@IndianaFootball,"{'id': 3830, 'name': 'Memorial Stadium (Bloomington, IN)', 'city': 'Bloomington', 'state': 'IN', 'zip': '47408', 'countryCode': 'US', 'timezone': 'America/Indiana/Indianapolis', 'latitude': 39.1808959, 'longitude': -86.5256217, 'elevation': '231.6500854', 'capacity': 52656, 'constructionYear': 1960, 'grass': False, 'dome': False}"
2291,Indiana-Pennsylvania,Crimson Hawks,INDIANAPA,"['IUP', 'INDIANAPA', 'Indiana PA']",Pennsylvania State Athletic,Western,ii,#null,#null,"['http://a.espncdn.com/i/teamlogos/ncaa/500/2291.png', 'http://a.espncdn.com/i/teamlogos/ncaa/500-dark/2291.png']",,"{'id': 4433, 'name': 'George P. Miller Stadium', 'city': 'Indiana', 'state': 'PA', 'zip': '15102', 'countryCode': 'US', 'timezone': None, 'latitude': 40.6214551, 'longitude': -79.1525349, 'elevation': None, 'capacity': 6000, 'constructionYear': None, 'grass': None, 'dome': False}"
2292,Indianapolis,Greyhounds,INDY,"['INDY', 'Indy']",Great Lakes,,ii,#null,#null,"['http://a.espncdn.com/i/teamlogos/ncaa/500/2292.png', 'http://a.espncdn.com/i/teamlogos/ncaa/500-dark/2292.png']",,"{'id': 6040, 'name': 'Key Stadium', 'city': 'Indianapolis', 'state': 'IN', 'zip': '46222', 'countryCode': 'US', 'timezone': None, 'latitude': 39.7683331, 'longitude': -86.1583502, 'elevation': None, 'capacity': 5500, 'constructionYear': None, 'grass': None, 'dome': False}"
282,Indiana State,Sycamores,INST,"['INST', 'Indiana St']",MVFC,,fcs,#00669a,#f0f0f0,"['http://a.espncdn.com/i/teamlogos/ncaa/500/282.png', 'http://a.espncdn.com/i/teamlogos/ncaa/500-dark/282.png']",@IndianaStateFB,"{'id': 3829, 'name': 'Memorial Stadium', 'city': 'Terre Haute', 'state': 'IN', 'zip': '47809', 'countryCode': 'US', 'timezone': 'America/Indiana/Indianapolis', 'latitude': 39.4746858, 'longitude': -87.3669599, 'elevation': '155.5213165', 'capacity': 12764, 'constructionYear': 1925, 'grass': False, 'dome': False}"
111756,Indiana Wesleyan,Wildcats,INWESL,"['INWESL', 'INDWESLYAN']",,,,#null,#null,,,"{'id': None, 'name': None, 'city': None, 'state': None, 'zip': None, 'countryCode': None, 'timezone': None, 'latitude': None, 'longitude': None, 'elevation': None, 'capacity': None, 'constructionYear': None, 'grass': None, 'dome': None}"
314,Iona,Gaels,IONA,"['IONA', 'Iona']",,,,#null,#null,,,"{'id': None, 'name': None, 'city': None, 'state': None, 'zip': None, 'countryCode': None, 'timezone': None, 'latitude': None, 'longitude': None, 'elevation': None, 'capacity': None, 'constructionYear': None, 'grass': None, 'dome': None}"
2294,Iowa,Hawkeyes,IOWA,"['IOWA', 'Iowa']",Big Ten,,fbs,#000000,#FFCD00,"['http://a.espncdn.com/i/teamlogos/ncaa/500/2294.png', 'http://a.espncdn.com/i/teamlogos/ncaa/500-dark/2294.png']",@HawkeyeFootball,"{'id': 3793, 'name': 'Kinnick Stadium', 'city': 'Iowa City', 'state': 'IA', 'zip': '52242', 'countryCode': 'US', 'timezone': 'America/Chicago', 'latitude': 41.6586045, 'longitude': -91.5510829, 'elevation': '220.6357727', 'capacity': 69250, 'constructionYear': 1929, 'grass': False, 'dome': False}"
1000943,Iowa Central C.C.,,,[],,,,#null,#null,,,"{'id': None, 'name': None, 'city': None, 'state': None, 'zip': None, 'countryCode': None, 'timezone': None, 'latitude': None, 'longitude': None, 'elevation': None, 'capacity': None, 'constructionYear': None, 'grass': None, 'dome': None}"
66,Iowa State,Cyclones,ISU,"['ISU', 'Iowa State']",Big 12,,fbs,#822433,#fdca2f,"['http://a.espncdn.com/i/teamlogos/ncaa/500/66.png', 'http://a.espncdn.com/i/teamlogos/ncaa/500-dark/66.png']",@CycloneFB,"{'id': 3772, 'name': 'Jack Trice Stadium', 'city': 'Ames', 'state': 'IA', 'zip': '50011', 'countryCode': 'US', 'timezone': 'America/Chicago', 'latitude': 42.0139977, 'longitude': -93.6357716, 'elevation': '274.9135437', 'capacity': 61500, 'constructionYear': 1975, 'grass': True, 'dome': False}"
2295,Iowa Wesleyan,Tigers,IOW,"['IOW', 'Iowa Wesleyan']",,,,#000000,#null,"['http://a.espncdn.com/i/teamlogos/ncaa/500/2295.png', 'http://a.espncdn.com/i/teamlogos/ncaa/500-dark/2295.png']",,"{'id': None, 'name': None, 'city': None, 'state': None, 'zip': None, 'countryCode': None, 'timezone': None, 'latitude': None, 'longitude': None, 'elevation': None, 'capacity': None, 'constructionYear': None, 'grass': None, 'dome': None}"
1000973,Iowa Western C.C.,,,[],,,,#null,#null,,,"{'id': None, 'name': None, 'city': None, 'state': None, 'zip': None, 'countryCode': None, 'timezone': None, 'latitude': None, 'longitude': None, 'elevation': None, 'capacity': None, 'constructionYear': None, 'grass': None, 'dome': None}"
1001021,Itawamba C.C.,,,[],,,,#null,#null,,,"{'id': None, 'name': None, 'city': None, 'state': None, 'zip': None, 'countryCode': None, 'timezone': None, 'latitude': None, 'longitude': None, 'elevation': None, 'capacity': None, 'constructionYear': None, 'grass': None, 'dome': None}"
175,Ithaca College,Bombers,ITH,"['ITH', 'Ithaca']",Liberty League,,iii,#null,#null,"['http://a.espncdn.com/i/teamlogos/ncaa/500/175.png', 'http://a.espncdn.com/i/teamlogos/ncaa/500-dark/175.png']",,"{'id': 5862, 'name': 'Butterfield Stadium', 'city': 'Ithaca', 'state': 'NY', 'zip': None, 'countryCode': 'US', 'timezone': None, 'latitude': 42.4396039, 'longitude': -76.4968019, 'elevation': None, 'capacity': 5000, 'constructionYear': None, 'grass': None, 'dome': False}"
2296,Jackson State,Tigers,JKST,"['JKST', 'Jackson St']",SWAC,East,fcs,#123297,#b5b7ba,"['http://a.espncdn.com/i/teamlogos/ncaa/500/2296.png', 'http://a.espncdn.com/i/teamlogos/ncaa/500-dark/2296.png']",@GoJSUTigersFB,"{'id': 3976, 'name': 'Mississippi Veterans Memorial Stadium', 'city': 'Jackson', 'state': 'MS', 'zip': '39216', 'countryCode': 'US', 'timezone': 'America/Chicago', 'latitude': 32.3300053, 'longitude': -90.1795578, 'elevation': '108.4067383', 'capacity': 44215, 'constructionYear': 1941, 'grass': True, 'dome': False}"
294,Jacksonville,Dolphins,JAC,"['JAC', 'Jacksonville']",,,,#00523e,#null,"['http://a.espncdn.com/i/teamlogos/ncaa/500/294.png', 'http://a.espncdn.com/i/teamlogos/ncaa/500-dark/294.png']",,"{'id': None, 'name': None, 'city': None, 'state': None, 'zip': None, 'countryCode': None, 'timezone': None, 'latitude': None, 'longitude': None, 'elevation': None, 'capacity': None, 'constructionYear': None, 'grass': None, 'dome': None}"
55,Jacksonville State,Gamecocks,JXST,"['JXST', 'Jax State']",Conference USA,,fbs,#b50500,#b5b7ba,"['http://a.espncdn.com/i/teamlogos/ncaa/500/55.png', 'http://a.espncdn.com/i/teamlogos/ncaa/500-dark/55.png']",@JSUGamecocksFB,"{'id': 3662, 'name': 'AmFirst Stadium', 'city': 'Jacksonville', 'state': 'AL', 'zip': '36265', 'countryCode': 'US', 'timezone': 'America/Chicago', 'latitude': 33.8201052, 'longitude': -85.76647, 'elevation': '198.0679016', 'capacity': 24000, 'constructionYear': 1947, 'grass': False, 'dome': False}"
256,James Madison,Dukes,JMU,"['JMU', 'James Madison']",Sun Belt,East,fbs,#450084,#b5a068,"['http://a.espncdn.com/i/teamlogos/ncaa/500/256.png', 'http://a.espncdn.com/i/teamlogos/ncaa/500-dark/256.png']",@JMUFootball,"{'id': 3651, 'name': 'Bridgeforth Stadium', 'city': 'Harrisonburg', 'state': 'VA', 'zip': '22807', 'countryCode': 'US', 'timezone': 'America/New_York', 'latitude': 38.4352919, 'longitude': -78.8729349, 'elevation': '399.303009', 'capacity': 24877, 'constructionYear': 1975, 'grass': False, 'dome': False}"
2939,Jamestown College,Jimmies,JAM,"['JAM', 'Jamestown']",Northern Sun,,ii,#null,#null,"['http://a.espncdn.com/i/teamlogos/ncaa/500/2939.png', 'http://a.espncdn.com/i/teamlogos/ncaa/500-dark/2939.png']",,"{'id': None, 'name': None, 'city': None, 'state': None, 'zip': None, 'countryCode': None, 'timezone': None, 'latitude': None, 'longitude': None, 'elevation': None, 'capacity': None, 'constructionYear': None, 'grass': None, 'dome': None}"
2302,John Carroll University,Blue Streaks,JOH,"['JOH', 'John Carrl']",Ohio,,iii,#null,#null,"['http://a.espncdn.com/i/teamlogos/ncaa/500/2302.png', 'http://a.espncdn.com/i/teamlogos/ncaa/500-dark/2302.png']",,"{'id': 5863, 'name': 'Don Shula Stadium at Wasmer Field', 'city': 'University Heights', 'state': 'OH', 'zip': '45220', 'countryCode': 'US', 'timezone': None, 'latitude': 41.497831, 'longitude': -81.537346, 'elevation': None, 'capacity': 5416, 'constructionYear': None, 'grass': None, 'dome': False}"
118,Johns Hopkins University,Blue Jays,JHU,"['JHU', 'Johns Hopkins']",Centennial,,iii,#null,#null,"['http://a.espncdn.com/i/teamlogos/ncaa/500/118.png', 'http://a.espncdn.com/i/teamlogos/ncaa/500-dark/118.png']",,"{'id': 5124, 'name': 'Homewood Field', 'city': 'Baltimore', 'state': 'MD', 'zip': '21221', 'countryCode': 'US', 'timezone': None, 'latitude': 39.2908816, 'longitude': -76.610759, 'elevation': None, 'capacity': 8500, 'constructionYear': None, 'grass': None, 'dome': False}"
2304,Johnson C Smith,Golden Bulls,JOH,"['Johnson Smith', 'JOH', 'Jsn C Smth']",CIAA,Southern,ii,#null,#null,"['http://a.espncdn.com/i/teamlogos/ncaa/500/2304.png', 'http://a.espncdn.com/i/teamlogos/ncaa/500-dark/2304.png']",,"{'id': 6041, 'name': 'Irwin Belk Complex', 'city': 'Charlotte', 'state': 'NC', 'zip': '28206', 'countryCode': 'US', 'timezone': None, 'latitude': 35.2272086, 'longitude': -80.8430827, 'elevation': None, 'capacity': 4500, 'constructionYear': None, 'grass': None, 'dome': False}"
1001009,Johnson C. Smith University,,,[],,,,#null,#null,,,"{'id': None, 'name': None, 'city': None, 'state': None, 'zip': None, 'countryCode': None, 'timezone': None, 'latitude': None, 'longitude': None, 'elevation': None, 'capacity': None, 'constructionYear': None, 'grass': None, 'dome': None}"
246,Juniata College,Eagles,JUN,"['JUN', 'Juniata']",Landmark Conference,,iii,#031832,#ac9c66,"['http://a.espncdn.com/i/teamlogos/ncaa/500/246.png', 'http://a.espncdn.com/i/teamlogos/ncaa/500-dark/246.png']",,"{'id': 5902, 'name': 'Knox Stadium', 'city': 'Huntingdon', 'state': 'PA', 'zip': '16652', 'countryCode': 'US', 'timezone': None, 'latitude': 40.4847959, 'longitude': -78.0102813, 'elevation': None, 'capacity': 3000, 'constructionYear': None, 'grass': None, 'dome': False}"
126,Kalamazoo,Hornets,KAL,"['KAL', 'Kalamazoo']",Michigan,,iii,#null,#null,"['http://a.espncdn.com/i/teamlogos/ncaa/500/126.png', 'http://a.espncdn.com/i/teamlogos/ncaa/500-dark/126.png']",,"{'id': 5904, 'name': 'Angell Field', 'city': 'Kalamazoo', 'state': 'MI', 'zip': '49007', 'countryCode': 'US', 'timezone': None, 'latitude': 42.291707, 'longitude': -85.5872286, 'elevation': None, 'capacity': 2458, 'constructionYear': None, 'grass': None, 'dome': False}"
2305,Kansas,Jayhawks,KU,"['KU', 'Kansas']",Big 12,,fbs,#0051ba,#e8000d,"['http://a.espncdn.com/i/teamlogos/ncaa/500/2305.png', 'http://a.espncdn.com/i/teamlogos/ncaa/500-dark/2305.png']",@KU_Football,"{'id': 3833, 'name': 'Memorial Stadium', 'city': 'Lawrence', 'state': 'KS', 'zip': '66045', 'countryCode': 'US', 'timezone': 'America/Chicago', 'latitude': 38.9629418, 'longitude': -95.2463686, 'elevation': '274.855957', 'capacity': 47000, 'constructionYear': 1921, 'grass': False, 'dome': False}"
2306,Kansas State,Wildcats,KSU,"['KSU', 'Kansas St']",Big 12,,fbs,#3c0969,#e2e3e4,"['http://a.espncdn.com/i/teamlogos/ncaa/500/2306.png', 'http://a.espncdn.com/i/teamlogos/ncaa/500-dark/2306.png']",@KStateFB,"{'id': 3636, 'name': 'Bill Snyder Family Stadium', 'city': 'Manhattan', 'state': 'KS', 'zip': '66502', 'countryCode': 'US', 'timezone': 'America/Chicago', 'latitude': 39.2020096, 'longitude': -96.5938395, 'elevation': '328.0574646', 'capacity': 50000, 'constructionYear': 1968, 'grass': False, 'dome': False}"
547,Kansas Wesleyan,Ks Wesleyan,KANSA,"['KANSA', 'KS Weslyan']",,,,#null,#null,"['http://a.espncdn.com/i/teamlogos/ncaa/500/547.png', 'http://a.espncdn.com/i/teamlogos/ncaa/500-dark/547.png']",,"{'id': None, 'name': None, 'city': None, 'state': None, 'zip': None, 'countryCode': None, 'timezone': None, 'latitude': None, 'longitude': None, 'elevation': None, 'capacity': None, 'constructionYear': None, 'grass': None, 'dome': None}"
127230,Keiser (Fl),Keiser (Fl),,['Keiser (Fl)'],,,,#null,#null,,,"{'id': None, 'name': None, 'city': None, 'state': None, 'zip': None, 'countryCode': None, 'timezone': None, 'latitude': None, 'longitude': None, 'elevation': None, 'capacity': None, 'constructionYear': None, 'grass': None, 'dome': None}"
126110,Keiser University,Keiser,KEISER,"['KEISER', 'Keiser Univers']",,,,#null,#null,,,"{'id': None, 'name': None, 'city': None, 'state': None, 'zip': None, 'countryCode': None, 'timezone': None, 'latitude': None, 'longitude': None, 'elevation': None, 'capacity': None, 'constructionYear': None, 'grass': None, 'dome': None}"
338,Kennesaw State,Owls,KENN,"['Kennesaw', 'KENN', 'Kennesaw St']",Conference USA,,fbs,#fdbb30,#000000,"['http://a.espncdn.com/i/teamlogos/ncaa/500/338.png', 'http://a.espncdn.com/i/teamlogos/ncaa/500-dark/338.png']",@KennesawStFB,"{'id': 4899, 'name': 'Fifth Third Stadium', 'city': 'Kennesaw', 'state': 'GA', 'zip': '48187', 'countryCode': 'US', 'timezone': None, 'latitude': 34.0289318, 'longitude': -84.5676234, 'elevation': '296.9589844', 'capacity': 8318, 'constructionYear': 2010, 'grass': None, 'dome': False}"
2309,Kent State,Golden Flashes,KENT,"['KENT', 'Kent State']",Mid-American,,fbs,#003976,#efab00,"['http://a.espncdn.com/i/teamlogos/ncaa/500/2309.png', 'http://a.espncdn.com/i/teamlogos/ncaa/500-dark/2309.png']",@KentStFootball,"{'id': 3696, 'name': 'Dix Stadium', 'city': 'Kent', 'state': 'OH', 'zip': '44242', 'countryCode': 'US', 'timezone': 'America/New_York', 'latitude': 41.1390935, 'longitude': -81.31346, 'elevation': '321.3641663', 'capacity': 25319, 'constructionYear': 1969, 'grass': False, 'dome': False}"
96,Kentucky,Wildcats,UK,"['UK', 'Kentucky']",SEC,,fbs,#0033a0,#ffffff,"['http://a.espncdn.com/i/teamlogos/ncaa/500/96.png', 'http://a.espncdn.com/i/teamlogos/ncaa/500-dark/96.png']",@UKFootball,"{'id': 3683, 'name': 'Kroger Field', 'city': 'Lexington', 'state': 'KY', 'zip': '40506', 'countryCode': 'US', 'timezone': 'America/New_York', 'latitude': 38.0220905, 'longitude': -84.5053408, 'elevation': '307.4248962', 'capacity': 61000, 'constructionYear': 1973, 'grass': False, 'dome': False}"
2310,Kentucky State,Thorobreds,KYST,"['KYST', 'Kentucky St']",SIAC,,ii,#null,#null,"['http://a.espncdn.com/i/teamlogos/ncaa/500/2310.png', 'http://a.espncdn.com/i/teamlogos/ncaa/500-dark/2310.png']",,"{'id': 6042, 'name': 'Alumni Stadium (KY)', 'city': 'Frankfort', 'state': 'KY', 'zip': '40601', 'countryCode': 'US', 'timezone': None, 'latitude': 38.2009055, 'longitude': -84.8732836, 'elevation': None, 'capacity': 6000, 'constructionYear': None, 'grass': None, 'dome': False}"
2316,Kentucky Wesleyan,Panthers,KYWESL,"['KYWESL', 'KY Wesleyn']",Great Midwest Athletic,,ii,#null,#null,"['http://a.espncdn.com/i/teamlogos/ncaa/500/2316.png', 'http://a.espncdn.com/i/teamlogos/ncaa/500-dark/2316.png']",,"{'id': 5263, 'name': 'Steele Stadium', 'city': 'Owensboro', 'state': 'KY', 'zip': '42   ', 'countryCode': 'US', 'timezone': None, 'latitude': 37.742297, 'longitude': -87.119976, 'elevation': '122.5809097', 'capacity': 3000, 'constructionYear': 2004, 'grass': None, 'dome': False}"
352,Kenyon,Owls,KEN,"['KEN', 'Kenyon']",North Coast,,iii,#null,#null,"['http://a.espncdn.com/i/teamlogos/ncaa/500/352.png', 'http://a.espncdn.com/i/teamlogos/ncaa/500-dark/352.png']",,"{'id': 5906, 'name': 'McBride Field', 'city': 'Gambier', 'state': 'OH', 'zip': '43022', 'countryCode': 'US', 'timezone': None, 'latitude': 40.375643, 'longitude': -82.3970994, 'elevation': None, 'capacity': 1762, 'constructionYear': None, 'grass': None, 'dome': False}"
122774,Keystone,Giants,KEY,"['KEY', 'KYSTN']",Independent DIII,,iii,#null,#null,,,"{'id': 7082, 'name': 'Athletic Field Complex', 'city': 'La Plume', 'state': 'PA', 'zip': '18440', 'countryCode': 'US', 'timezone': None, 'latitude': 41.5565738, 'longitude': -75.7551655, 'elevation': None, 'capacity': 1250, 'constructionYear': None, 'grass': None, 'dome': False}"
1001043,Kilgore College,,,[],,,,#null,#null,,,"{'id': None, 'name': None, 'city': None, 'state': None, 'zip': None, 'countryCode': None, 'timezone': None, 'latitude': None, 'longitude': None, 'elevation': None, 'capacity': None, 'constructionYear': None, 'grass': None, 'dome': None}"
1000954,Kilgore J.C.,,,[],,,,#null,#null,,,"{'id': None, 'name': None, 'city': None, 'state': None, 'zip': None, 'countryCode': None, 'timezone': None, 'latitude': None, 'longitude': None, 'elevation': None, 'capacity': None, 'constructionYear': None, 'grass': None, 'dome': None}"
1001044,King's College,,,[],,,,#null,#null,,,"{'id': None, 'name': None, 'city': None, 'state': None, 'zip': None, 'countryCode': None, 'timezone': None, 'latitude': None, 'longitude': None, 'elevation': None, 'capacity': None, 'constructionYear': None, 'grass': None, 'dome': None}"
247,Kings College (PA),Monarchs,KIN,"['KIN', 'Kings PA']",Mid Atlantic,,iii,#c41230,#000000,"['http://a.espncdn.com/i/teamlogos/ncaa/500/247.png', 'http://a.espncdn.com/i/teamlogos/ncaa/500-dark/247.png']",,"{'id': 5907, 'name': 'McCarthy Stadium (Wilkes Barre)', 'city': 'Wilkes Barre Township', 'state': 'PA', 'zip': '18702', 'countryCode': 'US', 'timezone': None, 'latitude': 41.23369915, 'longitude': -75.85364178943517, 'elevation': None, 'capacity': 3000, 'constructionYear': None, 'grass': None, 'dome': False}"
2315,Kutztown University,Golden Bears,KUTZTOWN,"['KUTZTOWN', 'Kutztown']",Pennsylvania State Athletic,Eastern,ii,#null,#null,"['http://a.espncdn.com/i/teamlogos/ncaa/500/2315.png', 'http://a.espncdn.com/i/teamlogos/ncaa/500-dark/2315.png']",,"{'id': 4432, 'name': 'Andre Reed Stadium', 'city': 'Kutztown', 'state': 'PA', 'zip': '17067', 'countryCode': 'US', 'timezone': None, 'latitude': 40.5173165, 'longitude': -75.7774177, 'elevation': None, 'capacity': 5600, 'constructionYear': None, 'grass': None, 'dome': False}"
1000990,Lackawanna C.C.,,,[],,,,#null,#null,,,"{'id': None, 'name': None, 'city': None, 'state': None, 'zip': None, 'countryCode': None, 'timezone': None, 'latitude': None, 'longitude': None, 'elevation': None, 'capacity': None, 'constructionYear': None, 'grass': None, 'dome': None}"
1000993,Lackawanna College,,,[],,,,#null,#null,,,"{'id': None, 'name': None, 'city': None, 'state': None, 'zip': None, 'countryCode': None, 'timezone': None, 'latitude': None, 'longitude': None, 'elevation': None, 'capacity': None, 'constructionYear': None, 'grass': None, 'dome': None}"
322,Lafayette,Leopards,LAF,"['LAF', 'Lafayette']",Patriot,,fcs,#790000,#a59474,"['http://a.espncdn.com/i/teamlogos/ncaa/500/322.png', 'http://a.espncdn.com/i/teamlogos/ncaa/500-dark/322.png']",@LafColFootball,"{'id': 3721, 'name': 'Fisher Field', 'city': 'Easton', 'state': 'PA', 'zip': '18042', 'countryCode': 'US', 'timezone': 'America/New_York', 'latitude': 40.7009796, 'longitude': -75.2106499, 'elevation': '81.43208313', 'capacity': 13132, 'constructionYear': 1926, 'grass': False, 'dome': False}"
548,Lagrange College,Panthers,LAG,"['LAG', 'LaGrange']",USA South,,iii,#null,#null,"['http://a.espncdn.com/i/teamlogos/ncaa/500/548.png', 'http://a.espncdn.com/i/teamlogos/ncaa/500-dark/548.png']",,"{'id': 5910, 'name': 'Callaway Stadium', 'city': 'Lagrange', 'state': 'GA', 'zip': None, 'countryCode': 'US', 'timezone': None, 'latitude': 33.039291, 'longitude': -85.0313269, 'elevation': None, 'capacity': 5000, 'constructionYear': None, 'grass': None, 'dome': False}"
437,Lake Erie,Storm,LAKEERIE,"['LAKEERIE', 'Lake Erie']",Great Midwest Athletic,,ii,#null,#null,"['http://a.espncdn.com/i/teamlogos/ncaa/500/437.png', 'http://a.espncdn.com/i/teamlogos/ncaa/500-dark/437.png']",,"{'id': 3769, 'name': 'Jack Britt Memorial Stadium', 'city': 'Painesville', 'state': 'OH', 'zip': '44077', 'countryCode': 'US', 'timezone': None, 'latitude': 41.7244885, 'longitude': -81.245657, 'elevation': None, 'capacity': 3000, 'constructionYear': None, 'grass': None, 'dome': False}"
1001052,Lake Erie College,,,[],,,,#null,#null,,,"{'id': None, 'name': None, 'city': None, 'state': None, 'zip': None, 'countryCode': None, 'timezone': None, 'latitude': None, 'longitude': None, 'elevation': None, 'capacity': None, 'constructionYear': None, 'grass': None, 'dome': None}"
262,Lake Forest College,Foresters,LAK,"['LAK', 'Lake Forst']",Midwest,,iii,#null,#null,"['http://a.espncdn.com/i/teamlogos/ncaa/500/262.png', 'http://a.espncdn.com/i/teamlogos/ncaa/500-dark/262.png']",,"{'id': 5915, 'name': 'Farwell Field', 'city': 'Lake Forest', 'state': 'IL', 'zip': '60045', 'countryCode': 'US', 'timezone': None, 'latitude': 42.2586342, 'longitude': -87.840625, 'elevation': None, 'capacity': 2000, 'constructionYear': None, 'grass': None, 'dome': False}"
267,LAKELAND,Fires,SEU,"['SEU', 'Southeastern']",,,,#007dc3,#ffc423,"['http://a.espncdn.com/i/teamlogos/ncaa/500/267.png', 'http://a.espncdn.com/i/teamlogos/ncaa/500-dark/267.png']",,"{'id': None, 'name': None, 'city': None, 'state': None, 'zip': None, 'countryCode': None, 'timezone': None, 'latitude': None, 'longitude': None, 'elevation': None, 'capacity': None, 'constructionYear': None, 'grass': None, 'dome': None}"
2320,Lamar,Cardinals,LAM,"['LAM', 'Lamar']",Southland,,fcs,#null,#ebebeb,"['http://a.espncdn.com/i/teamlogos/ncaa/500/2320.png', 'http://a.espncdn.com/i/teamlogos/ncaa/500-dark/2320.png']",@LamarFootball,"{'id': 3882, 'name': 'Provost Umphrey Stadium', 'city': 'Beaumont', 'state': 'TX', 'zip': '77705', 'countryCode': 'US', 'timezone': 'America/Chicago', 'latitude': 30.04313, 'longitude': -94.069963, 'elevation': '3.981505394', 'capacity': 16000, 'constructionYear': 1964, 'grass': False, 'dome': False}"
1001075,Lamar Christian School,,,[],,,,#null,#null,,,"{'id': None, 'name': None, 'city': None, 'state': None, 'zip': None, 'countryCode': None, 'timezone': None, 'latitude': None, 'longitude': None, 'elevation': None, 'capacity': None, 'constructionYear': None, 'grass': None, 'dome': None}"
2321,Lambuth,Eagles,LAM,"['LAM', 'Lambuth']",,,,#000000,#null,"['http://a.espncdn.com/i/teamlogos/ncaa/500/2321.png', 'http://a.espncdn.com/i/teamlogos/ncaa/500-dark/2321.png']",,"{'id': None, 'name': None, 'city': None, 'state': None, 'zip': None, 'countryCode': None, 'timezone': None, 'latitude': None, 'longitude': None, 'elevation': None, 'capacity': None, 'constructionYear': None, 'grass': None, 'dome': None}"
1000994,Laney College,,,[],,,,#null,#null,,,"{'id': None, 'name': None, 'city': None, 'state': None, 'zip': None, 'countryCode': None, 'timezone': None, 'latitude': None, 'longitude': None, 'elevation': None, 'capacity': None, 'constructionYear': None, 'grass': None, 'dome': None}"
2324,Langston University,Lions,LANGSTON,"['LANGSTON', 'Langston']",,,,#null,#null,"['http://a.espncdn.com/i/teamlogos/ncaa/500/2324.png', 'http://a.espncdn.com/i/teamlogos/ncaa/500-dark/2324.png']",,"{'id': None, 'name': None, 'city': None, 'state': None, 'zip': None, 'countryCode': None, 'timezone': None, 'latitude': None, 'longitude': None, 'elevation': None, 'capacity': None, 'constructionYear': None, 'grass': None, 'dome': None}"
2325,La Salle,Explorers,LAS,"['LAS', 'La Salle']",,,,#null,#null,,,"{'id': None, 'name': None, 'city': None, 'state': None, 'zip': None, 'countryCode': None, 'timezone': None, 'latitude': None, 'longitude': None, 'elevation': None, 'capacity': None, 'constructionYear': None, 'grass': None, 'dome': None}"
1001078,Laurier,,,[],,,,#null,#null,,,"{'id': None, 'name': None, 'city': None, 'state': None, 'zip': None, 'countryCode': None, 'timezone': None, 'latitude': None, 'longitude': None, 'elevation': None, 'capacity': None, 'constructionYear': None, 'grass': None, 'dome': None}"
111610,Laurinburg,Knights,ST. A,"['ST. A', 'St. Andrew']",,,,#null,#null,,,"{'id': None, 'name': None, 'city': None, 'state': None, 'zip': None, 'countryCode': None, 'timezone': None, 'latitude': None, 'longitude': None, 'elevation': None, 'capacity': None, 'constructionYear': None, 'grass': None, 'dome': None}"
2318,La Verne,Leopards,LAVERNE,"['LAVERNE', 'Laverne']",So. Cal.,,iii,#004812,#f89828,"['http://a.espncdn.com/i/teamlogos/ncaa/500/2318.png', 'http://a.espncdn.com/i/teamlogos/ncaa/500-dark/2318.png']",,"{'id': 5909, 'name': 'Ortmayer Stadium', 'city': 'La Verne', 'state': 'CA', 'zip': '91750', 'countryCode': 'US', 'timezone': None, 'latitude': 34.1008426, 'longitude': -117.7678355, 'elevation': None, 'capacity': 2500, 'constructionYear': None, 'grass': None, 'dome': False}"
102071,Lawrence Tech,Blue Devils,LWTC,"['LWTC', 'Lawrence Tech']",,,,#null,#null,,,"{'id': None, 'name': None, 'city': None, 'state': None, 'zip': None, 'countryCode': None, 'timezone': None, 'latitude': None, 'longitude': None, 'elevation': None, 'capacity': None, 'constructionYear': None, 'grass': None, 'dome': None}"
268,Lawrence University,Vikings,LAW,"['LAW', 'Lawrence']",Midwest,,iii,#null,#null,"['http://a.espncdn.com/i/teamlogos/ncaa/500/268.png', 'http://a.espncdn.com/i/teamlogos/ncaa/500-dark/268.png']",,"{'id': 5919, 'name': 'Ron Roberts Field at the Banta Bowl', 'city': 'Appleton', 'state': 'WI', 'zip': None, 'countryCode': 'US', 'timezone': None, 'latitude': 44.2613967, 'longitude': -88.4069744, 'elevation': None, 'capacity': 3634, 'constructionYear': None, 'grass': None, 'dome': False}"
388,Lebanon Valley,Flying Dutchmen,LEB,"['LEB', 'Lebanon']",Mid Atlantic,,iii,#003767,#ffffff,"['http://a.espncdn.com/i/teamlogos/ncaa/500/388.png', 'http://a.espncdn.com/i/teamlogos/ncaa/500-dark/388.png']",,"{'id': 3621, 'name': 'Arnold Field (PA)', 'city': 'Annville', 'state': 'PA', 'zip': '17003', 'countryCode': 'US', 'timezone': None, 'latitude': 40.3295901, 'longitude': -76.515226, 'elevation': None, 'capacity': 2000, 'constructionYear': None, 'grass': None, 'dome': False}"
2329,Lehigh,Mountain Hawks,LEH,"['LEH', 'Lehigh']",Patriot,,fcs,#6c2b2a,#b69e70,"['http://a.espncdn.com/i/teamlogos/ncaa/500/2329.png', 'http://a.espncdn.com/i/teamlogos/ncaa/500-dark/2329.png']",@LehighFootball,"{'id': 3741, 'name': 'Goodman Stadium', 'city': 'Bethlehem', 'state': 'PA', 'zip': '18015', 'countryCode': 'US', 'timezone': 'America/New_York', 'latitude': 40.5890837, 'longitude': -75.3553874, 'elevation': '90.32305145', 'capacity': 16000, 'constructionYear': 1988, 'grass': False, 'dome': False}"
1001069,LeMoyne-Owen,,,[],,,,#null,#null,,,"{'id': None, 'name': None, 'city': None, 'state': None, 'zip': None, 'countryCode': None, 'timezone': None, 'latitude': None, 'longitude': None, 'elevation': None, 'capacity': None, 'constructionYear': None, 'grass': None, 'dome': None}"
2331,Lenoir-Rhyne,Bears,LENRHYNE,"['LENRHYNE', 'Len-Rhyne']",South Atlantic,,ii,#null,#ffffff,"['http://a.espncdn.com/i/teamlogos/ncaa/500/2331.png', 'http://a.espncdn.com/i/teamlogos/ncaa/500-dark/2331.png']",,"{'id': 6553, 'name': 'Helen and Leonard Moretz Stadium', 'city': 'Hickory', 'state': 'NC', 'zip': '28602', 'countryCode': 'US', 'timezone': None, 'latitude': 35.7333312, 'longitude': -81.3442915, 'elevation': None, 'capacity': 8500, 'constructionYear': None, 'grass': None, 'dome': False}"
2333,Lewis & Clark College,Pioneers,LEW,"['LEW', 'Lws & Clrk']",Northwest,,iii,#f37737,#000000,"['http://a.espncdn.com/i/teamlogos/ncaa/500/2333.png', 'http://a.espncdn.com/i/teamlogos/ncaa/500-dark/2333.png']",,"{'id': 5920, 'name': 'Griswold Stadium', 'city': 'Portland', 'state': 'OR', 'zip': '97201', 'countryCode': 'US', 'timezone': None, 'latitude': 45.5202471, 'longitude': -122.6741949, 'elevation': None, 'capacity': 3000, 'constructionYear': None, 'grass': None, 'dome': False}"
2335,Liberty,Flames,LIB,"['LIB', 'Liberty']",Conference USA,,fbs,#071740,#a61f21,"['http://a.espncdn.com/i/teamlogos/ncaa/500/2335.png', 'http://a.espncdn.com/i/teamlogos/ncaa/500-dark/2335.png']",@LibertyFootball,"{'id': 3992, 'name': 'Williams Stadium (VA)', 'city': 'Lynchburg', 'state': 'VA', 'zip': '24502', 'countryCode': 'US', 'timezone': 'America/New_York', 'latitude': 37.3544305, 'longitude': -79.1750239, 'elevation': '272.9237061', 'capacity': 25000, 'constructionYear': 1989, 'grass': False, 'dome': False}"
2336,Limestone,Saints,LIMESTONE,"['LIMESTONE', 'Limestone']",South Atlantic,,ii,#19468d,#fff607,"['http://a.espncdn.com/i/teamlogos/ncaa/500/2336.png', 'http://a.espncdn.com/i/teamlogos/ncaa/500-dark/2336.png']",,"{'id': 4750, 'name': 'The Reservation', 'city': 'Gaffney', 'state': 'SC', 'zip': '29342', 'countryCode': 'US', 'timezone': None, 'latitude': 35.0717945, 'longitude': -81.6498195, 'elevation': '212.4', 'capacity': 10000, 'constructionYear': 2008, 'grass': None, 'dome': False}"
1000971,Limestone College,,,[],,,,#null,#null,,,"{'id': None, 'name': None, 'city': None, 'state': None, 'zip': None, 'countryCode': None, 'timezone': None, 'latitude': None, 'longitude': None, 'elevation': None, 'capacity': None, 'constructionYear': None, 'grass': None, 'dome': None}"
1001034,Limestone University,,,[],,,,#null,#null,,,"{'id': None, 'name': None, 'city': None, 'state': None, 'zip': None, 'countryCode': None, 'timezone': None, 'latitude': None, 'longitude': None, 'elevation': None, 'capacity': None, 'constructionYear': None, 'grass': None, 'dome': None}"
124179,Lincoln (CA),Oaklanders,LIN,"['LIN', 'Lincoln (CA)']",Independent DII,,ii,#null,#null,,,"{'id': None, 'name': None, 'city': None, 'state': None, 'zip': None, 'countryCode': None, 'timezone': None, 'latitude': None, 'longitude': None, 'elevation': None, 'capacity': None, 'constructionYear': None, 'grass': None, 'dome': None}"
2876,Lincoln (MO),Blue Tigers,LIN,"['LIN', 'Lincoln (MO)']",Great Lakes,,ii,#null,#null,"['http://a.espncdn.com/i/teamlogos/ncaa/500/2876.png', 'http://a.espncdn.com/i/teamlogos/ncaa/500-dark/2876.png']",,"{'id': 6045, 'name': 'Dwight T. Reed Stadium', 'city': 'Jefferson City', 'state': 'MO', 'zip': '65101', 'countryCode': 'US', 'timezone': None, 'latitude': 38.577359, 'longitude': -92.1724265, 'elevation': None, 'capacity': 5500, 'constructionYear': None, 'grass': None, 'dome': False}"
2339,Lincoln (PA),Lions,LINP,"['LINP', 'Lincoln (PA)']",CIAA,Northern,ii,#null,#null,"['http://a.espncdn.com/i/teamlogos/ncaa/500/2339.png', 'http://a.espncdn.com/i/teamlogos/ncaa/500-dark/2339.png']",,"{'id': 3808, 'name': 'Lincoln University Stadium', 'city': 'Lincoln University', 'state': 'PA', 'zip': '19352', 'countryCode': 'US', 'timezone': None, 'latitude': 39.8065518, 'longitude': -75.92870551247694, 'elevation': None, 'capacity': 5000, 'constructionYear': None, 'grass': None, 'dome': False}"
2815,Lindenwood,Lions,LIN,"['LIN', 'Lindenwood']",Big South-OVC,,fcs,#null,#null,"['http://a.espncdn.com/i/teamlogos/ncaa/500/2815.png', 'http://a.espncdn.com/i/teamlogos/ncaa/500-dark/2815.png']",@LindenwoodFB,"{'id': 3749, 'name': 'Hunter Stadium', 'city': 'Saint Charles', 'state': 'MO', 'zip': '63301', 'countryCode': 'US', 'timezone': None, 'latitude': 38.7946252, 'longitude': -90.519829, 'elevation': None, 'capacity': 7450, 'constructionYear': None, 'grass': None, 'dome': False}"
3209,Lindenwood Belleville,Lynx,LINB,"['LINB', 'Lind Bellv']",,,,#null,#null,"['http://a.espncdn.com/i/teamlogos/ncaa/500/3209.png', 'http://a.espncdn.com/i/teamlogos/ncaa/500-dark/3209.png']",,"{'id': None, 'name': None, 'city': None, 'state': None, 'zip': None, 'countryCode': None, 'timezone': None, 'latitude': None, 'longitude': None, 'elevation': None, 'capacity': None, 'constructionYear': None, 'grass': None, 'dome': None}"
1000955,Lindenwood University,,,[],,,,#null,#null,,,"{'id': None, 'name': None, 'city': None, 'state': None, 'zip': None, 'countryCode': None, 'timezone': None, 'latitude': None, 'longitude': None, 'elevation': None, 'capacity': None, 'constructionYear': None, 'grass': None, 'dome': None}"
2877,Lindsey Wilson College,Lindsey,LINDWIL,"['LINDWIL', 'Lindsey Wilson']",,,,#null,#null,"['http://a.espncdn.com/i/teamlogos/ncaa/500/2877.png', 'http://a.espncdn.com/i/teamlogos/ncaa/500-dark/2877.png']",,"{'id': None, 'name': None, 'city': None, 'state': None, 'zip': None, 'countryCode': None, 'timezone': None, 'latitude': None, 'longitude': None, 'elevation': None, 'capacity': None, 'constructionYear': None, 'grass': None, 'dome': None}"
203,Linfield College,Wildcats,LIN,"['LIN', 'Linfield']",Northwest,,iii,#46256a,#d41e47,"['http://a.espncdn.com/i/teamlogos/ncaa/500/203.png', 'http://a.espncdn.com/i/teamlogos/ncaa/500-dark/203.png']",,"{'id': 5119, 'name': 'Maxwell Field', 'city': 'Mcminnville', 'state': 'OR', 'zip': '97128', 'countryCode': 'US', 'timezone': None, 'latitude': 45.2100367, 'longitude': -123.194463, 'elevation': None, 'capacity': 4000, 'constructionYear': None, 'grass': None, 'dome': False}"
124386,Little Rock,Buffaloes,ARKAN,"['ARKAN', 'Arkansas Bapti']",,,,#null,#null,,,"{'id': None, 'name': None, 'city': None, 'state': None, 'zip': None, 'countryCode': None, 'timezone': None, 'latitude': None, 'longitude': None, 'elevation': None, 'capacity': None, 'constructionYear': None, 'grass': None, 'dome': None}"
2089,LIU Post,Pioneers,LIU,"['LIU-C.W. Post', 'LIU', 'LIU Post']",,,,#000000,#null,"['http://a.espncdn.com/i/teamlogos/ncaa/500/2089.png', 'http://a.espncdn.com/i/teamlogos/ncaa/500-dark/2089.png']",,"{'id': None, 'name': None, 'city': None, 'state': None, 'zip': None, 'countryCode': None, 'timezone': None, 'latitude': None, 'longitude': None, 'elevation': None, 'capacity': None, 'constructionYear': None, 'grass': None, 'dome': None}"
2940,Livingstone,Blue Bears,LIV,"['LIV', 'Lvingstone']",CIAA,Southern,ii,#null,#null,"['http://a.espncdn.com/i/teamlogos/ncaa/500/2940.png', 'http://a.espncdn.com/i/teamlogos/ncaa/500-dark/2940.png']",,"{'id': 3612, 'name': 'Alumni Memorial Stadium (NC)', 'city': 'Salisbury', 'state': 'NC', 'zip': '28144', 'countryCode': 'US', 'timezone': None, 'latitude': 35.6709727, 'longitude': -80.4742261, 'elevation': None, 'capacity': 6000, 'constructionYear': None, 'grass': None, 'dome': False}"
1000972,Livingstone College,,,[],,,,#null,#null,,,"{'id': None, 'name': None, 'city': None, 'state': None, 'zip': None, 'countryCode': None, 'timezone': None, 'latitude': None, 'longitude': None, 'elevation': None, 'capacity': None, 'constructionYear': None, 'grass': None, 'dome': None}"
209,Lock Haven University,Bald Eagles,LHU,"['LHU', 'Lock Haven']",Pennsylvania State Athletic,Eastern,ii,#null,#null,"['http://a.espncdn.com/i/teamlogos/ncaa/500/209.png', 'http://a.espncdn.com/i/teamlogos/ncaa/500-dark/209.png']",,"{'id': 3760, 'name': 'Hubert Jack Stadium', 'city': 'Lock Haven', 'state': 'PA', 'zip': None, 'countryCode': 'US', 'timezone': None, 'latitude': 41.1369077, 'longitude': -77.4471641, 'elevation': None, 'capacity': 3500, 'constructionYear': None, 'grass': None, 'dome': False}"
1001022,Long Beach City College,,,[],,,,#null,#null,,,"{'id': None, 'name': None, 'city': None, 'state': None, 'zip': None, 'countryCode': None, 'timezone': None, 'latitude': None, 'longitude': None, 'elevation': None, 'capacity': None, 'constructionYear': None, 'grass': None, 'dome': None}"
2341,Long Island University,Sharks,LIU,"['LIU', 'Long Island']",NEC,,fcs,#null,#null,['https://a.espncdn.com/i/teamlogos/ncaa/500/112358.png'],,"{'id': 6043, 'name': 'Bethpage Federal Credit Union Stadium', 'city': 'Brookville', 'state': 'NY', 'zip': '11545', 'countryCode': 'US', 'timezone': 'America/New_York', 'latitude': 40.816284, 'longitude': -73.589546, 'elevation': '236', 'capacity': 6000, 'constructionYear': 1966, 'grass': False, 'dome': False}"
102118,Louisburg,Hurricanes,LSBG,"['LSBG', 'Louisburg']",,,,#null,#null,,,"{'id': None, 'name': None, 'city': None, 'state': None, 'zip': None, 'countryCode': None, 'timezone': None, 'latitude': None, 'longitude': None, 'elevation': None, 'capacity': None, 'constructionYear': None, 'grass': None, 'dome': None}"
309,Louisiana,Ragin' Cajuns,UL,"['UL Lafayette', 'UL', 'Louisiana']",Sun Belt,West,fbs,#ce181e,#ffffff,"['http://a.espncdn.com/i/teamlogos/ncaa/500/309.png', 'http://a.espncdn.com/i/teamlogos/ncaa/500-dark/309.png']",@RaginCajunsFB,"{'id': 3666, 'name': 'Cajun Field', 'city': 'Lafayette', 'state': 'LA', 'zip': '70506', 'countryCode': 'US', 'timezone': 'America/Chicago', 'latitude': 30.2158434, 'longitude': -92.0417371, 'elevation': '3.556508303', 'capacity': 41426, 'constructionYear': 1971, 'grass': False, 'dome': False}"
2347,Louisiana College,Wildcats,LACOLLEGE,"['LACOLLEGE', 'LA College']",,,,#null,#null,"['http://a.espncdn.com/i/teamlogos/ncaa/500/2347.png', 'http://a.espncdn.com/i/teamlogos/ncaa/500-dark/2347.png']",,"{'id': None, 'name': None, 'city': None, 'state': None, 'zip': None, 'countryCode': None, 'timezone': None, 'latitude': None, 'longitude': None, 'elevation': None, 'capacity': None, 'constructionYear': None, 'grass': None, 'dome': None}"
2348,Louisiana Tech,Bulldogs,LT,"['LT', 'Louisiana Tech']",Sun Belt,,fbs,#002d65,#d3313a,"['http://a.espncdn.com/i/teamlogos/ncaa/500/2348.png', 'http://a.espncdn.com/i/teamlogos/ncaa/500-dark/2348.png']",@LATechFB,"{'id': 3776, 'name': 'Joe Aillet Stadium', 'city': 'Ruston', 'state': 'LA', 'zip': '71272', 'countryCode': 'US', 'timezone': 'America/Chicago', 'latitude': 32.5321487, 'longitude': -92.6560019, 'elevation': '72.87982941', 'capacity': 28019, 'constructionYear': 1968, 'grass': False, 'dome': False}"
97,Louisville,Cardinals,LOU,"['LOU', 'Louisville']",ACC,,fbs,#c9001f,#000000,"['http://a.espncdn.com/i/teamlogos/ncaa/500/97.png', 'http://a.espncdn.com/i/teamlogos/ncaa/500-dark/97.png']",@LouisvilleFB,"{'id': 3873, 'name': 'L&N Federal Credit Union Stadium', 'city': 'Louisville', 'state': 'KY', 'zip': '40292', 'countryCode': 'US', 'timezone': 'America/Kentucky/Louisville', 'latitude': 38.2057621, 'longitude': -85.7588141, 'elevation': '138.5615997', 'capacity': 60000, 'constructionYear': 1998, 'grass': False, 'dome': False}"
99,LSU,Tigers,LSU,"['Louisiana State', 'LSU', 'LSU']",SEC,,fbs,#461d7c,#fdd023,"['http://a.espncdn.com/i/teamlogos/ncaa/500/99.png', 'http://a.espncdn.com/i/teamlogos/ncaa/500-dark/99.png']",@LSUFootball,"{'id': 3958, 'name': 'Tiger Stadium (LA)', 'city': 'Baton Rouge', 'state': 'LA', 'zip': '70803', 'countryCode': 'US', 'timezone': 'America/Chicago', 'latitude': 30.412035, 'longitude': -91.1838163, 'elevation': '7.640734673', 'capacity': 102321, 'constructionYear': 1924, 'grass': True, 'dome': False}"
67,Luther,Norse,LUT,"['LUT', 'Luther']",American Rivers,,iii,#015a9c,#a5bbda,"['http://a.espncdn.com/i/teamlogos/ncaa/500/67.png', 'http://a.espncdn.com/i/teamlogos/ncaa/500-dark/67.png']",,"{'id': 5923, 'name': 'Legacy Field in Carlson Stadium', 'city': 'Decorah', 'state': 'IA', 'zip': None, 'countryCode': 'US', 'timezone': None, 'latitude': 43.3041609, 'longitude': -91.7859098, 'elevation': None, 'capacity': 5000, 'constructionYear': None, 'grass': None, 'dome': False}"
2354,Lycoming,Warriors,LYCOMING,"['LYCOMING', 'Lycoming']",Landmark Conference,,iii,#15283f,#eaa22e,"['http://a.espncdn.com/i/teamlogos/ncaa/500/2354.png', 'http://a.espncdn.com/i/teamlogos/ncaa/500-dark/2354.png']",,"{'id': 5925, 'name': 'David Person Field', 'city': 'Williamsport', 'state': 'PA', 'zip': '17701', 'countryCode': 'US', 'timezone': None, 'latitude': 41.2493292, 'longitude': -77.0027671, 'elevation': None, 'capacity': 3700, 'constructionYear': None, 'grass': None, 'dome': False}"
101161,LYONCOLL,Scots,LYON,"['LYON', 'LYONCOLL']",Southern Collegiate Athletic,,iii,#null,#null,,,"{'id': 3877, 'name': 'Pioneer Stadium', 'city': 'Alfred', 'state': 'NY', 'zip': '14802', 'countryCode': 'US', 'timezone': None, 'latitude': 42.2542334, 'longitude': -77.7906062, 'elevation': None, 'capacity': 1500, 'constructionYear': None, 'grass': None, 'dome': False}"
2359,Macalester,Scots,MACALES,"['MACALES', 'Macalester']",Minnesota,,iii,#null,#null,"['http://a.espncdn.com/i/teamlogos/ncaa/500/2359.png', 'http://a.espncdn.com/i/teamlogos/ncaa/500-dark/2359.png']",,"{'id': 5928, 'name': 'Macalester Stadium', 'city': 'Saint Paul', 'state': 'MN', 'zip': None, 'countryCode': 'US', 'timezone': None, 'latitude': 44.9497487, 'longitude': -93.0931028, 'elevation': None, 'capacity': 4000, 'constructionYear': None, 'grass': None, 'dome': False}"
273,MacMurray College,Highlanders,MAC,"['MAC', 'MacMurray ']",,,,#000000,#null,"['http://a.espncdn.com/i/teamlogos/ncaa/500/273.png', 'http://a.espncdn.com/i/teamlogos/ncaa/500-dark/273.png']",,"{'id': None, 'name': None, 'city': None, 'state': None, 'zip': None, 'countryCode': None, 'timezone': None, 'latitude': None, 'longitude': None, 'elevation': None, 'capacity': None, 'constructionYear': None, 'grass': None, 'dome': None}"
126146,Madonna University,Madonna,MADON,"['MADON', 'Madonna Univer']",,,,#null,#null,,,"{'id': None, 'name': None, 'city': None, 'state': None, 'zip': None, 'countryCode': None, 'timezone': None, 'latitude': None, 'longitude': None, 'elevation': None, 'capacity': None, 'constructionYear': None, 'grass': None, 'dome': None}"
127078,Madonna University (Mich.),Madonna Un,,['Madonna University (Mich.)'],,,,#null,#null,,,"{'id': None, 'name': None, 'city': None, 'state': None, 'zip': None, 'countryCode': None, 'timezone': None, 'latitude': None, 'longitude': None, 'elevation': None, 'capacity': None, 'constructionYear': None, 'grass': None, 'dome': None}"
311,Maine,Black Bears,ME,"['ME', 'Maine']",CAA,,fcs,#127dbe,#null,"['http://a.espncdn.com/i/teamlogos/ncaa/500/311.png', 'http://a.espncdn.com/i/teamlogos/ncaa/500-dark/311.png']",@BlackBearsFB,"{'id': 3607, 'name': 'Alfond Stadium', 'city': 'Orono', 'state': 'ME', 'zip': '4469 ', 'countryCode': 'US', 'timezone': 'America/New_York', 'latitude': 44.905128, 'longitude': -68.6724718, 'elevation': '35.4817543', 'capacity': 10000, 'constructionYear': 1998, 'grass': False, 'dome': False}"
274,Maine Maritime,Mariners,MAI,"['MAI', 'ME Mrtme']",Commonwealth Coast,,iii,#null,#null,"['http://a.espncdn.com/i/teamlogos/ncaa/500/274.png', 'http://a.espncdn.com/i/teamlogos/ncaa/500-dark/274.png']",,"{'id': 5929, 'name': 'Ritchie Field', 'city': 'Castine', 'state': 'ME', 'zip': '04421', 'countryCode': 'US', 'timezone': None, 'latitude': 44.388164, 'longitude': -68.79982, 'elevation': None, 'capacity': 1500, 'constructionYear': None, 'grass': None, 'dome': False}"
556,Malone,Pioneers,MAL,"['MAL', 'Malone']",,,,#000000,#null,"['http://a.espncdn.com/i/teamlogos/ncaa/500/556.png', 'http://a.espncdn.com/i/teamlogos/ncaa/500-dark/556.png']",,"{'id': None, 'name': None, 'city': None, 'state': None, 'zip': None, 'countryCode': None, 'timezone': None, 'latitude': None, 'longitude': None, 'elevation': None, 'capacity': None, 'constructionYear': None, 'grass': None, 'dome': None}"
2362,Manchester,Spartans,MNCHSTR,"['MNCHSTR', 'Manchester']",Heartland,,iii,#ddac14,#000000,"['http://a.espncdn.com/i/teamlogos/ncaa/500/2362.png', 'http://a.espncdn.com/i/teamlogos/ncaa/500-dark/2362.png']",,"{'id': 5930, 'name': 'Carl W. Burt Memorial Stadium', 'city': 'North Manchester', 'state': 'IN', 'zip': '46962', 'countryCode': 'US', 'timezone': None, 'latitude': 41.0006005, 'longitude': -85.768597, 'elevation': None, 'capacity': 4500, 'constructionYear': None, 'grass': None, 'dome': False}"
2770,MANITOBA,Manitoba,MAN,"['MAN', 'Manitoba']",,,,#null,#null,"['http://a.espncdn.com/i/teamlogos/ncaa/500/2770.png', 'http://a.espncdn.com/i/teamlogos/ncaa/500-dark/2770.png']",,"{'id': None, 'name': None, 'city': None, 'state': None, 'zip': None, 'countryCode': None, 'timezone': None, 'latitude': None, 'longitude': None, 'elevation': None, 'capacity': None, 'constructionYear': None, 'grass': None, 'dome': None}"
2365,Mansfield University,Mountaineers,MANSFIELD,"['MANSFIELD', 'Mansfield']",,,,#null,#null,"['http://a.espncdn.com/i/teamlogos/ncaa/500/2365.png', 'http://a.espncdn.com/i/teamlogos/ncaa/500-dark/2365.png']",,"{'id': None, 'name': None, 'city': None, 'state': None, 'zip': None, 'countryCode': None, 'timezone': None, 'latitude': None, 'longitude': None, 'elevation': None, 'capacity': None, 'constructionYear': None, 'grass': None, 'dome': None}"
421,Maranatha Baptist College,Crusaders,MAR,"['MAR', 'Maranatha Baptist ']",,,,#000000,#null,"['http://a.espncdn.com/i/teamlogos/ncaa/500/421.png', 'http://a.espncdn.com/i/teamlogos/ncaa/500-dark/421.png']",,"{'id': None, 'name': None, 'city': None, 'state': None, 'zip': None, 'countryCode': None, 'timezone': None, 'latitude': None, 'longitude': None, 'elevation': None, 'capacity': None, 'constructionYear': None, 'grass': None, 'dome': None}"
2366,Marian College,Marian,MARIANIN,"['MARIANIN', 'Marian']",,,,#null,#null,"['http://a.espncdn.com/i/teamlogos/ncaa/500/2366.png', 'http://a.espncdn.com/i/teamlogos/ncaa/500-dark/2366.png']",,"{'id': None, 'name': None, 'city': None, 'state': None, 'zip': None, 'countryCode': None, 'timezone': None, 'latitude': None, 'longitude': None, 'elevation': None, 'capacity': None, 'constructionYear': None, 'grass': None, 'dome': None}"
121696,MARIAN (IN,Marian (In,,['MARIAN (IN'],,,,#null,#null,,,"{'id': None, 'name': None, 'city': None, 'state': None, 'zip': None, 'countryCode': None, 'timezone': None, 'latitude': None, 'longitude': None, 'elevation': None, 'capacity': None, 'constructionYear': None, 'grass': None, 'dome': None}"
317,Marietta,Pioneers,MAR,"['MAR', 'Marietta']",Ohio,,iii,#null,#null,"['http://a.espncdn.com/i/teamlogos/ncaa/500/317.png', 'http://a.espncdn.com/i/teamlogos/ncaa/500-dark/317.png']",,"{'id': 5931, 'name': 'Don Drumm Stadium', 'city': 'Marietta', 'state': 'OH', 'zip': '45750', 'countryCode': 'US', 'timezone': None, 'latitude': 39.4167742, 'longitude': -81.4548392, 'elevation': None, 'capacity': 5000, 'constructionYear': None, 'grass': None, 'dome': False}"
2368,Marist,Red Foxes,MRST,"['MRST', 'Marist']",Pioneer,,fcs,#e53730,#f0f0f0,"['http://a.espncdn.com/i/teamlogos/ncaa/500/2368.png', 'http://a.espncdn.com/i/teamlogos/ncaa/500-dark/2368.png']",@Marist_Football,"{'id': 36, 'name': 'Leonidoff Field', 'city': 'Poughkeepsie', 'state': 'NY', 'zip': '12601', 'countryCode': 'US', 'timezone': 'America/New_York', 'latitude': 41.7191409, 'longitude': -73.9329549, 'elevation': '24.94474983', 'capacity': 5000, 'constructionYear': 1968, 'grass': False, 'dome': False}"
276,Marshall,Thundering Herd,MRSH,"['MRSH', 'Marshall']",Sun Belt,East,fbs,#00ae42,#be854c,"['http://a.espncdn.com/i/teamlogos/ncaa/500/276.png', 'http://a.espncdn.com/i/teamlogos/ncaa/500-dark/276.png']",@HerdFB,"{'id': 3775, 'name': 'Joan C. Edwards Stadium', 'city': 'Huntington', 'state': 'WV', 'zip': '25755', 'countryCode': 'US', 'timezone': 'America/New_York', 'latitude': 38.4247042, 'longitude': -82.4214412, 'elevation': '163.7328186', 'capacity': 38016, 'constructionYear': 1991, 'grass': False, 'dome': False}"
1001036,Marshall Sr.,,,[],,,,#null,#null,,,"{'id': None, 'name': None, 'city': None, 'state': None, 'zip': None, 'countryCode': None, 'timezone': None, 'latitude': None, 'longitude': None, 'elevation': None, 'capacity': None, 'constructionYear': None, 'grass': None, 'dome': None}"
2369,Mars Hill,Lions,MH,"['MH', 'Mars Hill']",South Atlantic,,ii,#004b8d,#efc814,"['http://a.espncdn.com/i/teamlogos/ncaa/500/2369.png', 'http://a.espncdn.com/i/teamlogos/ncaa/500-dark/2369.png']",,"{'id': 6046, 'name': 'Meares Stadium', 'city': 'Mars Hill', 'state': 'NC', 'zip': None, 'countryCode': 'US', 'timezone': None, 'latitude': 35.82685585, 'longitude': -82.55057686987725, 'elevation': None, 'capacity': 5000, 'constructionYear': None, 'grass': None, 'dome': False}"
446,Martin Luther,Knights,MAR,"['MAR', 'Mart Lther']",Upper Midwest,,iii,#null,#null,"['http://a.espncdn.com/i/teamlogos/ncaa/500/446.png', 'http://a.espncdn.com/i/teamlogos/ncaa/500-dark/446.png']",,"{'id': 3843, 'name': 'MLC Bowl', 'city': 'New Ulm', 'state': 'MN', 'zip': '56073', 'countryCode': 'US', 'timezone': None, 'latitude': 44.3140261, 'longitude': -94.4614177, 'elevation': None, 'capacity': 2500, 'constructionYear': None, 'grass': None, 'dome': False}"
2371,Mary Hardin-Baylor,Crusaders,MRYHRBAY,"['MRYHRBAY', 'Mry Hr-Bay']",American Southwest,,iii,#492f92,#fece1c,"['http://a.espncdn.com/i/teamlogos/ncaa/500/2371.png', 'http://a.espncdn.com/i/teamlogos/ncaa/500-dark/2371.png']",,"{'id': 4463, 'name': 'Crusader Stadium', 'city': 'Belton', 'state': 'TX', 'zip': '76513', 'countryCode': 'US', 'timezone': None, 'latitude': 31.0560132, 'longitude': -97.464453, 'elevation': None, 'capacity': 7671, 'constructionYear': None, 'grass': None, 'dome': False}"
120,Maryland,Terrapins,MD,"['MD', 'Maryland']",Big Ten,,fbs,#D5002B,#ffcd00,"['http://a.espncdn.com/i/teamlogos/ncaa/500/120.png', 'http://a.espncdn.com/i/teamlogos/ncaa/500-dark/120.png']",@TerpsFootball,"{'id': 3665, 'name': 'SECU Stadium', 'city': 'College Park', 'state': 'MD', 'zip': '20742', 'countryCode': 'US', 'timezone': 'America/New_York', 'latitude': 38.9903332, 'longitude': -76.9473792, 'elevation': '32.68748093', 'capacity': 51802, 'constructionYear': 1950, 'grass': False, 'dome': False}"
1001064,Maryville College,,,[],,,,#null,#null,,,"{'id': None, 'name': None, 'city': None, 'state': None, 'zip': None, 'countryCode': None, 'timezone': None, 'latitude': None, 'longitude': None, 'elevation': None, 'capacity': None, 'constructionYear': None, 'grass': None, 'dome': None}"
2373,Maryville College (TN),Scots,MRYVILTN,"['Maryville (TN)', 'MRYVILTN', 'Maryville']",USA South,,iii,#null,#null,"['http://a.espncdn.com/i/teamlogos/ncaa/500/2373.png', 'http://a.espncdn.com/i/teamlogos/ncaa/500-dark/2373.png']",,"{'id': 5932, 'name': 'Lloyd L. Thornton Stadium', 'city': 'Maryville', 'state': 'TN', 'zip': '37802', 'countryCode': 'US', 'timezone': None, 'latitude': 35.7564719, 'longitude': -83.9704593, 'elevation': None, 'capacity': 3000, 'constructionYear': None, 'grass': None, 'dome': False}"
113,Massachusetts,Minutemen,MASS,"['UMass', 'MASS', 'UMass']",Mid-American,,fbs,#971B2F,#B1B3B3,"['http://a.espncdn.com/i/teamlogos/ncaa/500/113.png', 'http://a.espncdn.com/i/teamlogos/ncaa/500-dark/113.png']",@UMassFootball,"{'id': 3985, 'name': 'Warren McGuirk Alumni Stadium', 'city': 'Hadley', 'state': 'MA', 'zip': '1003 ', 'countryCode': 'US', 'timezone': 'America/New_York', 'latitude': 42.3773244, 'longitude': -72.5360595, 'elevation': '46.58664703', 'capacity': 17000, 'constructionYear': 1965, 'grass': False, 'dome': False}"
110,Mass Maritime,Buccaneers,MAMARI,"['MAMARI', 'MA Maritme']",MSCAC,,iii,#212c62,#fed523,"['http://a.espncdn.com/i/teamlogos/ncaa/500/110.png', 'http://a.espncdn.com/i/teamlogos/ncaa/500-dark/110.png']",,"{'id': 5940, 'name': 'Clean Harbors Stadium', 'city': 'Buzzards Bay', 'state': 'MA', 'zip': '02532', 'countryCode': 'US', 'timezone': None, 'latitude': 41.745383, 'longitude': -70.618087, 'elevation': None, 'capacity': 2300, 'constructionYear': None, 'grass': None, 'dome': False}"
561,Mayville State,Comets,MAYVILLE,"['MAYVILLE', 'Mayvlle St']",,,,#null,#null,"['http://a.espncdn.com/i/teamlogos/ncaa/500/561.png', 'http://a.espncdn.com/i/teamlogos/ncaa/500-dark/561.png']",,"{'id': None, 'name': None, 'city': None, 'state': None, 'zip': None, 'countryCode': None, 'timezone': None, 'latitude': None, 'longitude': None, 'elevation': None, 'capacity': None, 'constructionYear': None, 'grass': None, 'dome': None}"
2700,McDaniel College,Green Terror,MCD,"['MCD', 'McDaniel']",Centennial,,iii,#00674d,#f5cc2e,"['http://a.espncdn.com/i/teamlogos/ncaa/500/2700.png', 'http://a.espncdn.com/i/teamlogos/ncaa/500-dark/2700.png']",,"{'id': 3922, 'name': 'Kenneth R. Gill Stadium', 'city': 'Westminster', 'state': 'MD', 'zip': None, 'countryCode': 'US', 'timezone': None, 'latitude': 39.5752639, 'longitude': -76.9959277, 'elevation': None, 'capacity': 1434, 'constructionYear': None, 'grass': None, 'dome': False}"
241,McMurry,War Hawks,MCM,"['MCM', 'McMurry']",Southern Collegiate Athletic,,iii,#98002e,#000000,"['http://a.espncdn.com/i/teamlogos/ncaa/500/241.png', 'http://a.espncdn.com/i/teamlogos/ncaa/500-dark/241.png']",,"{'id': 5996, 'name': 'Wilford Moore Stadium', 'city': 'Abilene', 'state': 'TX', 'zip': '79697', 'countryCode': 'US', 'timezone': None, 'latitude': 32.44645, 'longitude': -99.7475905, 'elevation': None, 'capacity': 3550, 'constructionYear': None, 'grass': None, 'dome': False}"
1001067,McMurry University,,,[],,,,#null,#null,,,"{'id': None, 'name': None, 'city': None, 'state': None, 'zip': None, 'countryCode': None, 'timezone': None, 'latitude': None, 'longitude': None, 'elevation': None, 'capacity': None, 'constructionYear': None, 'grass': None, 'dome': None}"
2377,McNeese,Cowboys,MCN,"['MCN', 'McNeese']",Southland,,fcs,#00529C,#null,"['http://a.espncdn.com/i/teamlogos/ncaa/500/2377.png', 'http://a.espncdn.com/i/teamlogos/ncaa/500-dark/2377.png']",@McNeeseFootball,"{'id': 3686, 'name': 'Cowboy Stadium', 'city': 'Lake Charles', 'state': 'LA', 'zip': '70607', 'countryCode': 'US', 'timezone': 'America/Chicago', 'latitude': 30.1804575, 'longitude': -93.2178729, 'elevation': '4.168509007', 'capacity': 17610, 'constructionYear': 1965, 'grass': False, 'dome': False}"
6584,Mcpherson College,Mcpherson,,['Mcpherson College'],,,,#null,#null,,,"{'id': None, 'name': None, 'city': None, 'state': None, 'zip': None, 'countryCode': None, 'timezone': None, 'latitude': None, 'longitude': None, 'elevation': None, 'capacity': None, 'constructionYear': None, 'grass': None, 'dome': None}"
235,Memphis,Tigers,MEM,"['MEM', 'Memphis']",American Athletic,,fbs,#004991,#8e908f,"['http://a.espncdn.com/i/teamlogos/ncaa/500/235.png', 'http://a.espncdn.com/i/teamlogos/ncaa/500-dark/235.png']",@MemphisFB,"{'id': 3805, 'name': 'Simmons Bank Liberty Stadium', 'city': 'Memphis', 'state': 'TN', 'zip': '38152', 'countryCode': 'US', 'timezone': 'America/Chicago', 'latitude': 35.1209429, 'longitude': -89.977147, 'elevation': '90.62445831', 'capacity': 58325, 'constructionYear': 1965, 'grass': False, 'dome': False}"
2381,Menlo,Oaks,MEN,"['MEN', 'Menlo']",,,,#000000,#null,"['http://a.espncdn.com/i/teamlogos/ncaa/500/2381.png', 'http://a.espncdn.com/i/teamlogos/ncaa/500-dark/2381.png']",,"{'id': None, 'name': None, 'city': None, 'state': None, 'zip': None, 'countryCode': None, 'timezone': None, 'latitude': None, 'longitude': None, 'elevation': None, 'capacity': None, 'constructionYear': None, 'grass': None, 'dome': None}"
2382,Mercer,Bears,MER,"['MER', 'Mercer']",Southern,,fcs,#ff7f29,#080808,"['http://a.espncdn.com/i/teamlogos/ncaa/500/2382.png', 'http://a.espncdn.com/i/teamlogos/ncaa/500-dark/2382.png']",@MercerFootball,"{'id': 4417, 'name': 'Five Star Stadium at the Moye Complex', 'city': 'Macon', 'state': 'GA', 'zip': '31207', 'countryCode': 'US', 'timezone': 'America/New_York', 'latitude': 32.8262075, 'longitude': -83.6522485, 'elevation': '138.6699677', 'capacity': 10200, 'constructionYear': 2013, 'grass': False, 'dome': False}"
2383,Merchant Marine Academy,Mariners,MER,"['MER', 'Mrchnt Mar']",NEWMAC,,iii,#null,#null,"['http://a.espncdn.com/i/teamlogos/ncaa/500/2383.png', 'http://a.espncdn.com/i/teamlogos/ncaa/500-dark/2383.png']",,"{'id': 5997, 'name': 'Brooks Stadium (NY)', 'city': 'Kings Point', 'state': 'NY', 'zip': '11024', 'countryCode': 'US', 'timezone': None, 'latitude': 40.8197813, 'longitude': -73.7351337, 'elevation': None, 'capacity': 2000, 'constructionYear': None, 'grass': None, 'dome': False}"
2385,Mercyhurst,Lakers,MERC,"['MERC', 'Mercyhurst']",NEC,,fcs,#null,#null,"['http://a.espncdn.com/i/teamlogos/ncaa/500/2385.png', 'http://a.espncdn.com/i/teamlogos/ncaa/500-dark/2385.png']",,"{'id': 4428, 'name': 'Saxon Stadium', 'city': 'Erie', 'state': 'PA', 'zip': '16530', 'countryCode': 'US', 'timezone': None, 'latitude': 42.1294712, 'longitude': -80.0852695, 'elevation': None, 'capacity': 2300, 'constructionYear': None, 'grass': None, 'dome': False}"
1001023,Mercyhurst College,,,[],,,,#null,#null,,,"{'id': None, 'name': None, 'city': None, 'state': None, 'zip': None, 'countryCode': None, 'timezone': None, 'latitude': None, 'longitude': None, 'elevation': None, 'capacity': None, 'constructionYear': None, 'grass': None, 'dome': None}"
2771,Merrimack,Warriors,MRMK,"['MRMK', 'Merrimack']",FCS Independents,,fcs,#null,#null,"['http://a.espncdn.com/i/teamlogos/ncaa/500/2771.png', 'http://a.espncdn.com/i/teamlogos/ncaa/500-dark/2771.png']",@MerrimackFB,"{'id': 6048, 'name': 'Duane Stadium', 'city': 'North Andover', 'state': 'MA', 'zip': '01845', 'countryCode': 'US', 'timezone': None, 'latitude': 42.6839894, 'longitude': -71.1127065, 'elevation': None, 'capacity': 3500, 'constructionYear': None, 'grass': None, 'dome': False}"
291,Methodist,Monarchs,MTH,"['MTH', 'Methodist']",USA South,,iii,#null,#null,"['http://a.espncdn.com/i/teamlogos/ncaa/500/291.png', 'http://a.espncdn.com/i/teamlogos/ncaa/500-dark/291.png']",,"{'id': 5998, 'name': 'Monarch Stadium', 'city': 'Fayetteville', 'state': 'NC', 'zip': '28304', 'countryCode': 'US', 'timezone': None, 'latitude': 35.0525759, 'longitude': -78.878292, 'elevation': None, 'capacity': 800, 'constructionYear': None, 'grass': None, 'dome': False}"
2390,Miami,Hurricanes,MIA,"['Miami (FL)', 'MIA', 'Miami']",ACC,,fbs,#005030,#f47321,"['http://a.espncdn.com/i/teamlogos/ncaa/500/2390.png', 'http://a.espncdn.com/i/teamlogos/ncaa/500-dark/2390.png']",@CanesFootball,"{'id': 3948, 'name': 'Hard Rock Stadium', 'city': 'Miami Gardens', 'state': 'FL', 'zip': '33299', 'countryCode': 'US', 'timezone': 'America/New_York', 'latitude': 25.9579665, 'longitude': -80.2388604, 'elevation': '2.624486446', 'capacity': 64767, 'constructionYear': 1987, 'grass': False, 'dome': False}"
193,Miami (OH),RedHawks,M-OH,"['M-OH', 'Miami OH']",Mid-American,,fbs,#a4000c,#f0f0f0,"['http://a.espncdn.com/i/teamlogos/ncaa/500/193.png', 'http://a.espncdn.com/i/teamlogos/ncaa/500-dark/193.png']",@MiamiOHFootball,"{'id': 3996, 'name': 'Yager Stadium', 'city': 'Oxford', 'state': 'OH', 'zip': '45056', 'countryCode': 'US', 'timezone': 'America/New_York', 'latitude': 39.5197009, 'longitude': -84.7330255, 'elevation': '242.2643585', 'capacity': 24286, 'constructionYear': 1983, 'grass': False, 'dome': False}"
130,Michigan,Wolverines,MICH,"['MICH', 'Michigan']",Big Ten,,fbs,#00274c,#ffcb05,"['http://a.espncdn.com/i/teamlogos/ncaa/500/130.png', 'http://a.espncdn.com/i/teamlogos/ncaa/500-dark/130.png']",@UMichFootball,"{'id': 3558, 'name': 'Michigan Stadium', 'city': 'Ann Arbor', 'state': 'MI', 'zip': '48109', 'countryCode': 'US', 'timezone': 'America/Detroit', 'latitude': 42.2658365, 'longitude': -83.7486956, 'elevation': '255.5500031', 'capacity': 107601, 'constructionYear': 1927, 'grass': False, 'dome': False}"
127,Michigan State,Spartans,MSU,"['MSU', 'Michigan St']",Big Ten,,fbs,#18453b,#ffffff,"['http://a.espncdn.com/i/teamlogos/ncaa/500/127.png', 'http://a.espncdn.com/i/teamlogos/ncaa/500-dark/127.png']",@MSU_Football,"{'id': 3936, 'name': 'Spartan Stadium', 'city': 'East Lansing', 'state': 'MI', 'zip': '48824', 'countryCode': 'US', 'timezone': 'America/Detroit', 'latitude': 42.7281474, 'longitude': -84.4848526, 'elevation': '254.8794861', 'capacity': 75005, 'constructionYear': 1923, 'grass': True, 'dome': False}"
2392,Michigan Tech,Huskies,MTU,"['MTU', 'Michigan Tech']",GLIAC,,ii,#null,#null,"['http://a.espncdn.com/i/teamlogos/ncaa/500/2392.png', 'http://a.espncdn.com/i/teamlogos/ncaa/500-dark/2392.png']",,"{'id': 3927, 'name': 'Sherman Field', 'city': 'Houghton', 'state': 'MI', 'zip': '49931', 'countryCode': 'US', 'timezone': None, 'latitude': 46.8591287, 'longitude': -88.7774734, 'elevation': None, 'capacity': 4684, 'constructionYear': None, 'grass': None, 'dome': False}"
2394,Middlebury,Panthers,MIDLBRY,"['MIDLBRY', 'Middlebury']",NESCAC,,iii,#365a8a,#ffffff,"['http://a.espncdn.com/i/teamlogos/ncaa/500/2394.png', 'http://a.espncdn.com/i/teamlogos/ncaa/500-dark/2394.png']",,"{'id': 6079, 'name': 'Alumni Stadium (VT)', 'city': 'Middlebury', 'state': 'VT', 'zip': '05753', 'countryCode': 'US', 'timezone': None, 'latitude': 44.007273600000005, 'longitude': -73.16330105415423, 'elevation': None, 'capacity': 3500, 'constructionYear': None, 'grass': None, 'dome': False}"
111755,Middle Georgia State College,Knights,MGST,"['MGST', 'Middle Georgia State College']",,,,#null,#null,,,"{'id': None, 'name': None, 'city': None, 'state': None, 'zip': None, 'countryCode': None, 'timezone': None, 'latitude': None, 'longitude': None, 'elevation': None, 'capacity': None, 'constructionYear': None, 'grass': None, 'dome': None}"
2393,Middle Tennessee,Blue Raiders,MTSU,"['Middle Tennessee State', 'MTSU', 'MTSU']",Conference USA,,fbs,#006db6,#ffffff,"['http://a.espncdn.com/i/teamlogos/ncaa/500/2393.png', 'http://a.espncdn.com/i/teamlogos/ncaa/500-dark/2393.png']",@MT_FB,"{'id': 3725, 'name': 'Johnny ""Red"" Floyd Stadium', 'city': 'Murfreesboro', 'state': 'TN', 'zip': '37132', 'countryCode': 'US', 'timezone': 'America/Chicago', 'latitude': 35.8511463, 'longitude': -86.3681649, 'elevation': '191.7279816', 'capacity': 30788, 'constructionYear': 1933, 'grass': False, 'dome': False}"
565,Midland Lutheran College,Midland Lutheran,MIDLAND,"['MIDLAND', 'Mid Luthrn']",,,,#null,#null,"['http://a.espncdn.com/i/teamlogos/ncaa/500/565.png', 'http://a.espncdn.com/i/teamlogos/ncaa/500-dark/565.png']",,"{'id': None, 'name': None, 'city': None, 'state': None, 'zip': None, 'countryCode': None, 'timezone': None, 'latitude': None, 'longitude': None, 'elevation': None, 'capacity': None, 'constructionYear': None, 'grass': None, 'dome': None}"
2395,Midwestern State,Mustangs,MID,"['MID', 'Midwest St']",Lone Star,,ii,#null,#null,"['http://a.espncdn.com/i/teamlogos/ncaa/500/2395.png', 'http://a.espncdn.com/i/teamlogos/ncaa/500-dark/2395.png']",,"{'id': 6049, 'name': 'Memorial Stadium (Wichita Falls, TX)', 'city': 'Wichita Falls', 'state': 'TX', 'zip': '76307', 'countryCode': 'US', 'timezone': None, 'latitude': 33.9137085, 'longitude': -98.4933873, 'elevation': None, 'capacity': 14500, 'constructionYear': None, 'grass': None, 'dome': False}"
2396,Miles College,Golden Bears,MIL,"['MIL', 'Miles']",SIAC,,ii,#null,#null,"['http://a.espncdn.com/i/teamlogos/ncaa/500/2396.png', 'http://a.espncdn.com/i/teamlogos/ncaa/500-dark/2396.png']",,"{'id': 6027, 'name': 'Albert J. H. Sloan - Alumni Stadium', 'city': 'Fairfield', 'state': 'AL', 'zip': '35421', 'countryCode': 'US', 'timezone': None, 'latitude': 33.4859402, 'longitude': -86.9119366, 'elevation': None, 'capacity': 8500, 'constructionYear': None, 'grass': None, 'dome': False}"
210,Millersville,Marauders,MIL,"['MIL', 'Millersvll']",Pennsylvania State Athletic,Eastern,ii,#null,#null,"['http://a.espncdn.com/i/teamlogos/ncaa/500/210.png', 'http://a.espncdn.com/i/teamlogos/ncaa/500-dark/210.png']",,"{'id': 4431, 'name': 'Chryst Field at Biemesderfer Stadium', 'city': 'Millersville', 'state': 'PA', 'zip': '17551', 'countryCode': 'US', 'timezone': None, 'latitude': 39.997998, 'longitude': -76.3545372, 'elevation': None, 'capacity': 5300, 'constructionYear': None, 'grass': None, 'dome': False}"
74,Millikin,Big Blue,MIL,"['MIL', 'Millikin']",CCIW,,iii,#null,#null,"['http://a.espncdn.com/i/teamlogos/ncaa/500/74.png', 'http://a.espncdn.com/i/teamlogos/ncaa/500-dark/74.png']",,"{'id': 6080, 'name': 'Frank M. Lindsay Field', 'city': 'Decatur', 'state': 'IL', 'zip': '62521', 'countryCode': 'US', 'timezone': None, 'latitude': 39.8454163, 'longitude': -88.9524151, 'elevation': None, 'capacity': 4000, 'constructionYear': None, 'grass': None, 'dome': False}"
2398,Millsaps,Majors,MIL,"['MIL', 'Millsaps']",Southern Athletic,,iii,#null,#null,"['http://a.espncdn.com/i/teamlogos/ncaa/500/2398.png', 'http://a.espncdn.com/i/teamlogos/ncaa/500-dark/2398.png']",,"{'id': 6081, 'name': 'Harper Davis Field', 'city': 'Jackson', 'state': 'MS', 'zip': '39202', 'countryCode': 'US', 'timezone': None, 'latitude': 32.2990021, 'longitude': -90.1847691, 'elevation': None, 'capacity': 3000, 'constructionYear': None, 'grass': None, 'dome': False}"
135,Minnesota,Golden Gophers,MINN,"['MINN', 'Minnesota']",Big Ten,,fbs,#5e0a2f,#fab41c,"['http://a.espncdn.com/i/teamlogos/ncaa/500/135.png', 'http://a.espncdn.com/i/teamlogos/ncaa/500-dark/135.png']",@GopherFootball,"{'id': 3953, 'name': 'Huntington Bank Stadium', 'city': 'Minneapolis', 'state': 'MN', 'zip': '55488', 'countryCode': 'US', 'timezone': 'America/Chicago', 'latitude': 44.976525, 'longitude': -93.2245462, 'elevation': '254.3902283', 'capacity': 50850, 'constructionYear': 2009, 'grass': False, 'dome': False}"
2772,Minnesota-Crookston,Golden Eagles,MIN,"['MIN', 'Minnesota-Crookston']",,,,#000000,#null,"['http://a.espncdn.com/i/teamlogos/ncaa/500/2772.png', 'http://a.espncdn.com/i/teamlogos/ncaa/500-dark/2772.png']",,"{'id': None, 'name': None, 'city': None, 'state': None, 'zip': None, 'countryCode': None, 'timezone': None, 'latitude': None, 'longitude': None, 'elevation': None, 'capacity': None, 'constructionYear': None, 'grass': None, 'dome': None}"
1001020,Minnesota Duluth,,,[],,,,#null,#null,,,"{'id': None, 'name': None, 'city': None, 'state': None, 'zip': None, 'countryCode': None, 'timezone': None, 'latitude': None, 'longitude': None, 'elevation': None, 'capacity': None, 'constructionYear': None, 'grass': None, 'dome': None}"
134,Minnesota Duluth,Bulldogs,UMD,"['UMD', 'Minn Duluth']",Northern Sun,,ii,#null,#null,"['http://a.espncdn.com/i/teamlogos/ncaa/500/134.png', 'http://a.espncdn.com/i/teamlogos/ncaa/500-dark/134.png']",,"{'id': 6051, 'name': 'James S. Malosky Stadium', 'city': 'Duluth', 'state': 'MN', 'zip': '55811', 'countryCode': 'US', 'timezone': None, 'latitude': 46.7729322, 'longitude': -92.1251218, 'elevation': None, 'capacity': 4500, 'constructionYear': None, 'grass': None, 'dome': False}"
2399,Minnesota Morris,Cougars,MNMOR,"['MNMOR', 'MN Morris']",Upper Midwest,,iii,#8d191b,#e19c25,"['http://a.espncdn.com/i/teamlogos/ncaa/500/2399.png', 'http://a.espncdn.com/i/teamlogos/ncaa/500-dark/2399.png']",,"{'id': 6082, 'name': 'Big Cat Stadium', 'city': 'Morris', 'state': 'MN', 'zip': '56267', 'countryCode': 'US', 'timezone': None, 'latitude': 45.586072, 'longitude': -95.913941, 'elevation': None, 'capacity': 1400, 'constructionYear': None, 'grass': None, 'dome': False}"
2364,Minnesota State Mankato,Mavericks,MNST,"['Minnesota State Mankato', 'MNST', 'Minnesota St']",Northern Sun,,ii,#null,#null,"['http://a.espncdn.com/i/teamlogos/ncaa/500/2364.png', 'http://a.espncdn.com/i/teamlogos/ncaa/500-dark/2364.png']",,"{'id': 3641, 'name': 'Blakeslee Stadium', 'city': 'Mankato', 'state': 'MN', 'zip': '56001', 'countryCode': 'US', 'timezone': None, 'latitude': 44.1634663, 'longitude': -93.9993505, 'elevation': None, 'capacity': 7000, 'constructionYear': None, 'grass': None, 'dome': False}"
2817,Minnesota State Moorhead,Dragons,MIN,"['MIN', 'Moorhead']",Northern Sun,,ii,#null,#null,"['http://a.espncdn.com/i/teamlogos/ncaa/500/2817.png', 'http://a.espncdn.com/i/teamlogos/ncaa/500-dark/2817.png']",,"{'id': 3606, 'name': 'Scheels Field at Nemzek Stadium', 'city': 'Moorhead', 'state': 'MN', 'zip': None, 'countryCode': 'US', 'timezone': None, 'latitude': 46.8739081, 'longitude': -96.7538674, 'elevation': None, 'capacity': 5000, 'constructionYear': None, 'grass': None, 'dome': False}"
568,Minot State,Beavers,MIN,"['MIN', 'Minot St']",Northern Sun,,ii,#null,#null,"['http://a.espncdn.com/i/teamlogos/ncaa/500/568.png', 'http://a.espncdn.com/i/teamlogos/ncaa/500-dark/568.png']",,"{'id': 6052, 'name': 'Herb Parker Stadium', 'city': 'Minot', 'state': 'ND', 'zip': '58702', 'countryCode': 'US', 'timezone': None, 'latitude': 48.23251, 'longitude': -101.296273, 'elevation': None, 'capacity': 4250, 'constructionYear': None, 'grass': None, 'dome': False}"
2969,Misericordia,Cougars,MISC,"['MISC', 'Misercord']",Mid Atlantic,,iii,#null,#null,"['http://a.espncdn.com/i/teamlogos/ncaa/500/2969.png', 'http://a.espncdn.com/i/teamlogos/ncaa/500-dark/2969.png']",,"{'id': 6083, 'name': 'Mangelsdorf Field', 'city': 'Dallas', 'state': 'PA', 'zip': '18612', 'countryCode': 'US', 'timezone': None, 'latitude': 32.3117968, 'longitude': -87.1046643, 'elevation': None, 'capacity': 1500, 'constructionYear': None, 'grass': None, 'dome': False}"
2401,Mississippi College,Choctaws,MIS,"['MIS', 'Miss Coll']",Gulf South,,ii,#0c2240,#c89700,"['http://a.espncdn.com/i/teamlogos/ncaa/500/2401.png', 'http://a.espncdn.com/i/teamlogos/ncaa/500-dark/2401.png']",,"{'id': 6053, 'name': 'Robinson-Hale Stadium', 'city': 'Clinton', 'state': 'MS', 'zip': None, 'countryCode': 'US', 'timezone': None, 'latitude': 32.3410552, 'longitude': -90.3215983, 'elevation': None, 'capacity': 8500, 'constructionYear': None, 'grass': None, 'dome': False}"
1000937,Mississippi Gulf Coast C.C.,,,[],,,,#null,#null,,,"{'id': None, 'name': None, 'city': None, 'state': None, 'zip': None, 'countryCode': None, 'timezone': None, 'latitude': None, 'longitude': None, 'elevation': None, 'capacity': None, 'constructionYear': None, 'grass': None, 'dome': None}"
344,Mississippi State,Bulldogs,MSST,"['MSST', 'Mississippi St']",SEC,,fbs,#5d1725,#c1c6c8,"['http://a.espncdn.com/i/teamlogos/ncaa/500/344.png', 'http://a.espncdn.com/i/teamlogos/ncaa/500-dark/344.png']",@HailStateFB,"{'id': 3693, 'name': 'Davis Wade Stadium', 'city': 'Starkville', 'state': 'MS', 'zip': '39762', 'countryCode': 'US', 'timezone': 'America/Chicago', 'latitude': 33.4563403, 'longitude': -88.7933652, 'elevation': '110.2742081', 'capacity': 61337, 'constructionYear': 1914, 'grass': True, 'dome': False}"
2400,Mississippi Valley State,Delta Devils,MVSU,"['MVSU', 'Miss Valley St']",SWAC,East,fcs,#005328,#cf2d34,"['http://a.espncdn.com/i/teamlogos/ncaa/500/2400.png', 'http://a.espncdn.com/i/teamlogos/ncaa/500-dark/2400.png']",@MSValleyFB,"{'id': 3896, 'name': 'Rice-Totten Field', 'city': 'Itta Bena', 'state': 'MS', 'zip': '38941', 'countryCode': 'US', 'timezone': 'America/Chicago', 'latitude': 33.5118304, 'longitude': -90.3397718, 'elevation': '39.88368607', 'capacity': 10000, 'constructionYear': 1958, 'grass': True, 'dome': False}"
142,Missouri,Tigers,MIZ,"['MIZ', 'Missouri']",SEC,,fbs,#f1b82d,#000000,"['http://a.espncdn.com/i/teamlogos/ncaa/500/142.png', 'http://a.espncdn.com/i/teamlogos/ncaa/500-dark/142.png']",@MizzouFootball,"{'id': 3838, 'name': 'Memorial Stadium', 'city': 'Columbia', 'state': 'MO', 'zip': '65211', 'countryCode': 'US', 'timezone': 'America/Chicago', 'latitude': 38.9358491, 'longitude': -92.3332009, 'elevation': '212.6865692', 'capacity': 71168, 'constructionYear': 1927, 'grass': False, 'dome': False}"
2403,Missouri Southern State,Lions,MOSSTC,"['MOSSTC', 'MO Southrn']",Mid America,,ii,#null,#null,"['http://a.espncdn.com/i/teamlogos/ncaa/500/2403.png', 'http://a.espncdn.com/i/teamlogos/ncaa/500-dark/2403.png']",,"{'id': 6054, 'name': 'Fred G. Hughes Stadium', 'city': 'Joplin', 'state': 'MO', 'zip': '64801', 'countryCode': 'US', 'timezone': None, 'latitude': 37.08418, 'longitude': -94.51323, 'elevation': None, 'capacity': 7000, 'constructionYear': None, 'grass': None, 'dome': False}"
2402,Missouri S&T,Miners,MISSO,"['MISSO', 'MO S&T']",Great Lakes,,ii,#null,#null,"['http://a.espncdn.com/i/teamlogos/ncaa/500/2402.png', 'http://a.espncdn.com/i/teamlogos/ncaa/500-dark/2402.png']",,"{'id': 3609, 'name': 'Allgood-Bailey Stadium', 'city': 'Rolla', 'state': 'MO', 'zip': '65401', 'countryCode': 'US', 'timezone': 'America/Chicago', 'latitude': 37.95037, 'longitude': -91.780444, 'elevation': '336.1', 'capacity': 8000, 'constructionYear': 1967, 'grass': True, 'dome': False}"
2623,Missouri State,Bears,MOST,"['MOST', 'Missouri St']",Conference USA,,fbs,#5F0000,#e8e8e8,"['http://a.espncdn.com/i/teamlogos/ncaa/500/2623.png', 'http://a.espncdn.com/i/teamlogos/ncaa/500-dark/2623.png']",@MOStateFootball,"{'id': 3878, 'name': 'Plaster Sports Complex', 'city': 'Springfield', 'state': 'MO', 'zip': '65897', 'countryCode': 'US', 'timezone': 'America/Chicago', 'latitude': 37.1976229, 'longitude': -93.2798119, 'elevation': '402.368103', 'capacity': 17337, 'constructionYear': 1941, 'grass': False, 'dome': False}"
137,Missouri Western,Griffons,MOW,"['MOW', 'MO Westrn']",Mid America,,ii,#null,#null,"['http://a.espncdn.com/i/teamlogos/ncaa/500/137.png', 'http://a.espncdn.com/i/teamlogos/ncaa/500-dark/137.png']",,"{'id': 6055, 'name': 'Craig Field at Spratt Memorial Stadium', 'city': 'Saint Joseph', 'state': 'MO', 'zip': '87554', 'countryCode': 'US', 'timezone': None, 'latitude': 39.7686055, 'longitude': -94.8466322, 'elevation': None, 'capacity': 7200, 'constructionYear': None, 'grass': None, 'dome': False}"
1000934,Missouri Western State,,,[],,,,#null,#null,,,"{'id': None, 'name': None, 'city': None, 'state': None, 'zip': None, 'countryCode': None, 'timezone': None, 'latitude': None, 'longitude': None, 'elevation': None, 'capacity': None, 'constructionYear': None, 'grass': None, 'dome': None}"
1000995,Monash University,,,[],,,,#null,#null,,,"{'id': None, 'name': None, 'city': None, 'state': None, 'zip': None, 'countryCode': None, 'timezone': None, 'latitude': None, 'longitude': None, 'elevation': None, 'capacity': None, 'constructionYear': None, 'grass': None, 'dome': None}"
2405,Monmouth,Hawks,MONM,"['Monmouth NJ', 'MONM', 'Monmouth']",CAA,,fcs,#051844,#null,"['http://a.espncdn.com/i/teamlogos/ncaa/500/2405.png', 'http://a.espncdn.com/i/teamlogos/ncaa/500-dark/2405.png']",@MUHawksFB,"{'id': 5389, 'name': 'Kessler Stadium', 'city': 'West Long Branch', 'state': 'NJ', 'zip': '7764 ', 'countryCode': 'US', 'timezone': 'America/New_York', 'latitude': 40.278953, 'longitude': -74.009451, 'elevation': '9.9', 'capacity': 4200, 'constructionYear': 1993, 'grass': False, 'dome': False}"
2919,Monmouth (IL),Fighting Scots,MONMIL,"['MONMIL', 'Monmth IL']",Midwest,,iii,#null,#null,"['http://a.espncdn.com/i/teamlogos/ncaa/500/2919.png', 'http://a.espncdn.com/i/teamlogos/ncaa/500-dark/2919.png']",,"{'id': 6084, 'name': 'April Zorn Memorial Stadium', 'city': 'Monmouth', 'state': 'IL', 'zip': '61462', 'countryCode': 'US', 'timezone': None, 'latitude': 40.9127103, 'longitude': -90.6472477, 'elevation': None, 'capacity': 2600, 'constructionYear': None, 'grass': None, 'dome': False}"
149,Montana,Grizzlies,MONT,"['MONT', 'Montana']",Big Sky,,fcs,#751D4A,#666666,"['http://a.espncdn.com/i/teamlogos/ncaa/500/149.png', 'http://a.espncdn.com/i/teamlogos/ncaa/500-dark/149.png']",@MontanaGrizFB,"{'id': 3987, 'name': 'Washington-Grizzly Stadium', 'city': 'Missoula', 'state': 'MT', 'zip': '59812', 'countryCode': 'US', 'timezone': 'America/Denver', 'latitude': 46.8638753, 'longitude': -113.9815042, 'elevation': '970.345459', 'capacity': 25217, 'constructionYear': 1986, 'grass': False, 'dome': False}"
147,Montana State,Bobcats,MTST,"['MTST', 'Montana St']",Big Sky,,fcs,#00205c,#bc955c,"['http://a.espncdn.com/i/teamlogos/ncaa/500/147.png', 'http://a.espncdn.com/i/teamlogos/ncaa/500-dark/147.png']",@MSUBobcatsFB,"{'id': 3643, 'name': 'Bobcat Stadium', 'city': 'Bozeman', 'state': 'MT', 'zip': '59718', 'countryCode': 'US', 'timezone': 'America/Denver', 'latitude': 45.659048, 'longitude': -111.049547, 'elevation': '1507.508667', 'capacity': 17000, 'constructionYear': 1973, 'grass': False, 'dome': False}"
124390,MONTANASTN,Montanastn,,['MONTANASTN'],,,,#null,#null,,,"{'id': None, 'name': None, 'city': None, 'state': None, 'zip': None, 'countryCode': None, 'timezone': None, 'latitude': None, 'longitude': None, 'elevation': None, 'capacity': None, 'constructionYear': None, 'grass': None, 'dome': None}"
148,Montana Tech,Orediggers,MAI,"['MAI', 'Montana Tech']",,,,#null,#null,,,"{'id': None, 'name': None, 'city': None, 'state': None, 'zip': None, 'countryCode': None, 'timezone': None, 'latitude': None, 'longitude': None, 'elevation': None, 'capacity': None, 'constructionYear': None, 'grass': None, 'dome': None}"
2701,Montana-Western,Bulldogs,MTWST,"['MTWST', 'Montana West']",,,,#null,#null,"['http://a.espncdn.com/i/teamlogos/ncaa/500/2701.png', 'http://a.espncdn.com/i/teamlogos/ncaa/500-dark/2701.png']",,"{'id': None, 'name': None, 'city': None, 'state': None, 'zip': None, 'countryCode': None, 'timezone': None, 'latitude': None, 'longitude': None, 'elevation': None, 'capacity': None, 'constructionYear': None, 'grass': None, 'dome': None}"
2818,Montclair State,Red Hawks,MON,"['MON', 'Montclr St']",New Jersey,,iii,#c20f2f,#53585a,"['http://a.espncdn.com/i/teamlogos/ncaa/500/2818.png', 'http://a.espncdn.com/i/teamlogos/ncaa/500-dark/2818.png']",,"{'id': 6085, 'name': 'Sprague Field', 'city': 'Montclair', 'state': 'NJ', 'zip': None, 'countryCode': 'US', 'timezone': None, 'latitude': 40.8164458, 'longitude': -74.2210643, 'elevation': None, 'capacity': 6000, 'constructionYear': None, 'grass': None, 'dome': False}"
3100,Monterrey Tech,Borregos,MON,"['MON', 'Monterrey']",,,,#null,#null,"['http://a.espncdn.com/i/teamlogos/ncaa/500/3100.png', 'http://a.espncdn.com/i/teamlogos/ncaa/500-dark/3100.png']",,"{'id': None, 'name': None, 'city': None, 'state': None, 'zip': None, 'countryCode': None, 'timezone': None, 'latitude': None, 'longitude': None, 'elevation': None, 'capacity': None, 'constructionYear': None, 'grass': None, 'dome': None}"
323,Moravian,Greyhounds,MOR,"['MOR', 'Moravian']",Landmark Conference,,iii,#1f3361,#a5a6a9,"['http://a.espncdn.com/i/teamlogos/ncaa/500/323.png', 'http://a.espncdn.com/i/teamlogos/ncaa/500-dark/323.png']",,"{'id': 6086, 'name': 'Rocco Calvo Field', 'city': 'Bethlehem', 'state': 'PA', 'zip': '15757', 'countryCode': 'US', 'timezone': None, 'latitude': 40.6178915, 'longitude': -75.3786521, 'elevation': None, 'capacity': 2000, 'constructionYear': None, 'grass': None, 'dome': False}"
2413,Morehead State,Eagles,MORE,"['MORE', 'Morehead St']",Pioneer,,fcs,#094FA3,#fed91a,"['http://a.espncdn.com/i/teamlogos/ncaa/500/2413.png', 'http://a.espncdn.com/i/teamlogos/ncaa/500-dark/2413.png']",@MSUEaglesFB,"{'id': 3774, 'name': 'Jayne Stadium', 'city': 'Morehead', 'state': 'KY', 'zip': '40351', 'countryCode': 'US', 'timezone': 'America/New_York', 'latitude': 38.1916481, 'longitude': -83.4253315, 'elevation': '228.1033936', 'capacity': 10000, 'constructionYear': 1964, 'grass': False, 'dome': False}"
60,Morehouse College,Maroon Tigers,MOR,"['MOR', 'Morehouse']",SIAC,,ii,#null,#null,"['http://a.espncdn.com/i/teamlogos/ncaa/500/60.png', 'http://a.espncdn.com/i/teamlogos/ncaa/500-dark/60.png']",,"{'id': 6056, 'name': 'B.T. Harvey Stadium', 'city': 'Atlanta', 'state': 'GA', 'zip': '30315', 'countryCode': 'US', 'timezone': None, 'latitude': 33.7489924, 'longitude': -84.3902644, 'elevation': None, 'capacity': 9000, 'constructionYear': None, 'grass': None, 'dome': False}"
2415,Morgan State,Bears,MORG,"['MORG', 'Morgan St']",MEAC,,fcs,#014786,#f47937,"['http://a.espncdn.com/i/teamlogos/ncaa/500/2415.png', 'http://a.espncdn.com/i/teamlogos/ncaa/500-dark/2415.png']",@MorganStateFB,"{'id': 3762, 'name': 'Hughes Stadium', 'city': 'Baltimore', 'state': 'MD', 'zip': '80521', 'countryCode': 'US', 'timezone': 'America/New_York', 'latitude': 39.3439778, 'longitude': -76.5829573, 'elevation': '67.05336761', 'capacity': 10000, 'constructionYear': 1949, 'grass': False, 'dome': False}"
2416,Morningside College,Chiefs,MSIDE,"['MSIDE', 'Morningsde']",,,,#null,#null,"['http://a.espncdn.com/i/teamlogos/ncaa/500/2416.png', 'http://a.espncdn.com/i/teamlogos/ncaa/500-dark/2416.png']",,"{'id': None, 'name': None, 'city': None, 'state': None, 'zip': None, 'countryCode': None, 'timezone': None, 'latitude': None, 'longitude': None, 'elevation': None, 'capacity': None, 'constructionYear': None, 'grass': None, 'dome': None}"
110263,Morthland,Patriots,MORTH,"['MORTH', 'Morthland']",,,,#null,#null,,,"{'id': None, 'name': None, 'city': None, 'state': None, 'zip': None, 'countryCode': None, 'timezone': None, 'latitude': None, 'longitude': None, 'elevation': None, 'capacity': None, 'constructionYear': None, 'grass': None, 'dome': None}"
481,Mount Ida College,Mustangs,MOU,"['MOU', 'Mount Ida ']",ECFC,,iii,#000000,#null,"['http://a.espncdn.com/i/teamlogos/ncaa/500/481.png', 'http://a.espncdn.com/i/teamlogos/ncaa/500-dark/481.png']",,"{'id': None, 'name': None, 'city': None, 'state': None, 'zip': None, 'countryCode': None, 'timezone': None, 'latitude': None, 'longitude': None, 'elevation': None, 'capacity': None, 'constructionYear': None, 'grass': None, 'dome': None}"
2419,Mount St. Joseph,Lions,MTS,"['MTS', 'Mt St Joe']",Heartland,,iii,#002d5d,#f5ce3e,"['http://a.espncdn.com/i/teamlogos/ncaa/500/2419.png', 'http://a.espncdn.com/i/teamlogos/ncaa/500-dark/2419.png']",,"{'id': 6088, 'name': 'Schueler Field', 'city': 'Cincinnati', 'state': 'OH', 'zip': '45050', 'countryCode': 'US', 'timezone': None, 'latitude': 39.1014537, 'longitude': -84.5124602, 'elevation': None, 'capacity': 2400, 'constructionYear': None, 'grass': None, 'dome': False}"
1001065,Mount Union ,,,[],,,,#null,#null,,,"{'id': None, 'name': None, 'city': None, 'state': None, 'zip': None, 'countryCode': None, 'timezone': None, 'latitude': None, 'longitude': None, 'elevation': None, 'capacity': None, 'constructionYear': None, 'grass': None, 'dome': None}"
1001050,Mt. San Antonio College,,,[],,,,#null,#null,,,"{'id': None, 'name': None, 'city': None, 'state': None, 'zip': None, 'countryCode': None, 'timezone': None, 'latitude': None, 'longitude': None, 'elevation': None, 'capacity': None, 'constructionYear': None, 'grass': None, 'dome': None}"
2422,Muhlenberg,Mules,MHLBRG,"['MHLBRG', 'Muhlenberg']",Centennial,,iii,#null,#null,"['http://a.espncdn.com/i/teamlogos/ncaa/500/2422.png', 'http://a.espncdn.com/i/teamlogos/ncaa/500-dark/2422.png']",,"{'id': 6089, 'name': 'Scotty Wood Stadium', 'city': 'Allentown', 'state': 'PA', 'zip': None, 'countryCode': 'US', 'timezone': None, 'latitude': 40.6022059, 'longitude': -75.4712794, 'elevation': None, 'capacity': 3000, 'constructionYear': None, 'grass': None, 'dome': False}"
93,Murray State,Racers,MUR,"['MUR', 'Murray St']",MVFC,,fcs,#002148,#000e00,"['http://a.espncdn.com/i/teamlogos/ncaa/500/93.png', 'http://a.espncdn.com/i/teamlogos/ncaa/500-dark/93.png']",@RacersFootball,"{'id': 3909, 'name': 'Roy Stewart Stadium', 'city': 'Murray', 'state': 'KY', 'zip': '42071', 'countryCode': 'US', 'timezone': 'America/Chicago', 'latitude': 36.6215165, 'longitude': -88.3175531, 'elevation': '152.6495667', 'capacity': 16800, 'constructionYear': 1973, 'grass': False, 'dome': False}"
332,Muskingum University,Fighting Muskies,MUS,"['MUS', 'Muskingum']",Ohio,,iii,#null,#null,"['http://a.espncdn.com/i/teamlogos/ncaa/500/332.png', 'http://a.espncdn.com/i/teamlogos/ncaa/500-dark/332.png']",,"{'id': 6090, 'name': 'Sherman Field at McConagha Stadium', 'city': 'New Concord', 'state': 'OH', 'zip': None, 'countryCode': 'US', 'timezone': None, 'latitude': 39.9934992, 'longitude': -81.7338559, 'elevation': None, 'capacity': 2500, 'constructionYear': None, 'grass': None, 'dome': False}"
3194,National,,NAT,"['NAT', 'National']",,,,#000000,#null,,,"{'id': None, 'name': None, 'city': None, 'state': None, 'zip': None, 'countryCode': None, 'timezone': None, 'latitude': None, 'longitude': None, 'elevation': None, 'capacity': None, 'constructionYear': None, 'grass': None, 'dome': None}"
1000977,Navarro College,,,[],,,,#null,#null,,,"{'id': None, 'name': None, 'city': None, 'state': None, 'zip': None, 'countryCode': None, 'timezone': None, 'latitude': None, 'longitude': None, 'elevation': None, 'capacity': None, 'constructionYear': None, 'grass': None, 'dome': None}"
2426,Navy,Midshipmen,NAVY,"['NAVY', 'Navy']",American Athletic,,fbs,#00225b,#b5a67c,"['http://a.espncdn.com/i/teamlogos/ncaa/500/2426.png', 'http://a.espncdn.com/i/teamlogos/ncaa/500-dark/2426.png']",@NavyFB,"{'id': 3852, 'name': 'Navy-Marine Corps Memorial Stadium', 'city': 'Annapolis', 'state': 'MD', 'zip': '21402', 'countryCode': 'US', 'timezone': 'America/New_York', 'latitude': 38.9846985, 'longitude': -76.5076335, 'elevation': '10.74990082', 'capacity': 34000, 'constructionYear': 1959, 'grass': False, 'dome': False}"
152,NC State,Wolfpack,NCSU,"['North Carolina St.', 'NCSU', 'NC State']",ACC,,fbs,#cc0000,#ffffff,"['http://a.espncdn.com/i/teamlogos/ncaa/500/152.png', 'http://a.espncdn.com/i/teamlogos/ncaa/500-dark/152.png']",@PackFootball,"{'id': 3670, 'name': 'Carter-Finley Stadium', 'city': 'Raleigh', 'state': 'NC', 'zip': '27695', 'countryCode': 'US', 'timezone': 'America/New_York', 'latitude': 35.8008001, 'longitude': -78.7195655, 'elevation': '117.0089951', 'capacity': 58000, 'constructionYear': 1966, 'grass': True, 'dome': False}"
158,Nebraska,Cornhuskers,NEB,"['NEB', 'Nebraska']",Big Ten,,fbs,#d00000,#ffffff,"['http://a.espncdn.com/i/teamlogos/ncaa/500/158.png', 'http://a.espncdn.com/i/teamlogos/ncaa/500-dark/158.png']",@HuskerFBNation,"{'id': 3834, 'name': 'Memorial Stadium (Lincoln, NE)', 'city': 'Lincoln', 'state': 'NE', 'zip': '68588', 'countryCode': 'US', 'timezone': 'America/Chicago', 'latitude': 40.820682, 'longitude': -96.705594, 'elevation': '354.9318848', 'capacity': 85458, 'constructionYear': 1923, 'grass': False, 'dome': False}"
1001012,Nebraska Kearney,,,[],,,,#null,#null,,,"{'id': None, 'name': None, 'city': None, 'state': None, 'zip': None, 'countryCode': None, 'timezone': None, 'latitude': None, 'longitude': None, 'elevation': None, 'capacity': None, 'constructionYear': None, 'grass': None, 'dome': None}"
2438,Nebraska-Kearney,Lopers,NEKR,"['NEKR', 'Neb Kearney']",Mid America,,ii,#null,#null,"['http://a.espncdn.com/i/teamlogos/ncaa/500/2438.png', 'http://a.espncdn.com/i/teamlogos/ncaa/500-dark/2438.png']",,"{'id': 6057, 'name': 'Ron & Carol Cope Stadium at Foster Field', 'city': 'Kearney', 'state': 'NE', 'zip': '68847', 'countryCode': 'US', 'timezone': None, 'latitude': 40.4906216, 'longitude': -98.9472344, 'elevation': None, 'capacity': 5250, 'constructionYear': None, 'grass': None, 'dome': False}"
2437,Nebraska-Omaha,Mavericks,UNO,"['UNO', 'Omaha']",,,,#e3193e,#null,"['http://a.espncdn.com/i/teamlogos/ncaa/500/2437.png', 'http://a.espncdn.com/i/teamlogos/ncaa/500-dark/2437.png']",,"{'id': None, 'name': None, 'city': None, 'state': None, 'zip': None, 'countryCode': None, 'timezone': None, 'latitude': None, 'longitude': None, 'elevation': None, 'capacity': None, 'constructionYear': None, 'grass': None, 'dome': None}"
2440,Nevada,Wolf Pack,NEV,"['NEV', 'Nevada']",Mountain West,,fbs,#002d62,#ffffff,"['http://a.espncdn.com/i/teamlogos/ncaa/500/2440.png', 'http://a.espncdn.com/i/teamlogos/ncaa/500-dark/2440.png']",@NevadaFootball,"{'id': 3816, 'name': 'Mackay Stadium', 'city': 'Reno', 'state': 'NV', 'zip': '89557', 'countryCode': 'US', 'timezone': 'America/Los_Angeles', 'latitude': 39.5469459, 'longitude': -119.8175435, 'elevation': '1406.57605', 'capacity': 27000, 'constructionYear': 1966, 'grass': False, 'dome': False}"
415,NEWBERG,Bruins,GFU,"['GFU', 'George Fox']",Northwest,,iii,#002d62,#c2a303,"['http://a.espncdn.com/i/teamlogos/ncaa/500/415.png', 'http://a.espncdn.com/i/teamlogos/ncaa/500-dark/415.png']",,"{'id': 5850, 'name': 'Stoffer Family Stadium', 'city': 'Newberg', 'state': 'OR', 'zip': None, 'countryCode': 'US', 'timezone': None, 'latitude': 45.300347, 'longitude': -122.972751, 'elevation': None, 'capacity': 3300, 'constructionYear': None, 'grass': None, 'dome': False}"
2444,Newberry,Wolves,NBY,"['NBY', 'Newberry']",South Atlantic,,ii,#d02030,#8a8c8f,"['http://a.espncdn.com/i/teamlogos/ncaa/500/2444.png', 'http://a.espncdn.com/i/teamlogos/ncaa/500-dark/2444.png']",,"{'id': 3926, 'name': 'Setzler Field', 'city': 'Newberry', 'state': 'SC', 'zip': '29108', 'countryCode': 'US', 'timezone': None, 'latitude': 34.286133, 'longitude': -81.622539, 'elevation': '160.5950775', 'capacity': 4000, 'constructionYear': 1922, 'grass': None, 'dome': False}"
131108,New England College,Pilgrims,NEW,"['NEW', 'New England Co']",,,,#null,#null,,,"{'id': None, 'name': None, 'city': None, 'state': None, 'zip': None, 'countryCode': None, 'timezone': None, 'latitude': None, 'longitude': None, 'elevation': None, 'capacity': None, 'constructionYear': None, 'grass': None, 'dome': None}"
160,New Hampshire,Wildcats,UNH,"['UNH', 'New Hampshire']",CAA,,fcs,#004990,#c3c4c6,"['http://a.espncdn.com/i/teamlogos/ncaa/500/160.png', 'http://a.espncdn.com/i/teamlogos/ncaa/500-dark/160.png']",@UNH_Football,"{'id': 3688, 'name': 'Wildcat Stadium', 'city': 'Durham', 'state': 'NH', 'zip': '3824 ', 'countryCode': 'US', 'timezone': 'America/New_York', 'latitude': 43.1386231, 'longitude': -70.9393077, 'elevation': '19.05943298', 'capacity': 11015, 'constructionYear': 1936, 'grass': False, 'dome': False}"
2441,New Haven,Chargers,NHVN,"['NHVN', 'New Haven']",NEC,,fcs,#null,#null,"['http://a.espncdn.com/i/teamlogos/ncaa/500/2441.png', 'http://a.espncdn.com/i/teamlogos/ncaa/500-dark/2441.png']",,"{'id': 6058, 'name': 'Ralph F. DellaCamera Stadium', 'city': 'West Haven', 'state': 'CT', 'zip': '06516', 'countryCode': 'US', 'timezone': None, 'latitude': 41.2706527, 'longitude': -72.9470471, 'elevation': None, 'capacity': 5000, 'constructionYear': None, 'grass': None, 'dome': False}"
167,New Mexico,Lobos,UNM,"['UNM', 'New Mexico']",Mountain West,,fbs,#BA0C2F,#a7a8aa,"['http://a.espncdn.com/i/teamlogos/ncaa/500/167.png', 'http://a.espncdn.com/i/teamlogos/ncaa/500-dark/167.png']",@UNMLoboFB,"{'id': 3971, 'name': 'University Stadium (NM)', 'city': 'Albuquerque', 'state': 'NM', 'zip': '87131', 'countryCode': 'US', 'timezone': 'America/Denver', 'latitude': 35.0669479, 'longitude': -106.6283225, 'elevation': '1554.471924', 'capacity': 39224, 'constructionYear': 1960, 'grass': False, 'dome': False}"
2424,New Mexico Highlands,Cowboys,NMH,"['NMH', 'NM Highlnd']",Rocky Mountain,,ii,#null,#null,"['http://a.espncdn.com/i/teamlogos/ncaa/500/2424.png', 'http://a.espncdn.com/i/teamlogos/ncaa/500-dark/2424.png']",,"{'id': 6059, 'name': 'Sanchez Family Stadium', 'city': 'Las Vegas', 'state': 'NM', 'zip': '87701', 'countryCode': 'US', 'timezone': None, 'latitude': 35.5939325, 'longitude': -105.2238969, 'elevation': None, 'capacity': 5000, 'constructionYear': None, 'grass': None, 'dome': False}"
1000956,New Mexico Military Institute,,,[],,,,#null,#null,,,"{'id': None, 'name': None, 'city': None, 'state': None, 'zip': None, 'countryCode': None, 'timezone': None, 'latitude': None, 'longitude': None, 'elevation': None, 'capacity': None, 'constructionYear': None, 'grass': None, 'dome': None}"
166,New Mexico State,Aggies,NMSU,"['NMSU', 'New Mexico St']",Conference USA,,fbs,#891216,#000000,"['http://a.espncdn.com/i/teamlogos/ncaa/500/166.png', 'http://a.espncdn.com/i/teamlogos/ncaa/500-dark/166.png']",@NMStateFootball,"{'id': 3601, 'name': 'Aggie Memorial Stadium', 'city': 'Las Cruces', 'state': 'NM', 'zip': '88003', 'countryCode': 'US', 'timezone': 'America/Denver', 'latitude': 32.2796202, 'longitude': -106.7411148, 'elevation': '1208.201294', 'capacity': 28853, 'constructionYear': 1978, 'grass': False, 'dome': False}"
2447,Nicholls,Colonels,NICH,"['NICH', 'Nicholls']",Southland,,fcs,#C41230,#f0f0f0,"['http://a.espncdn.com/i/teamlogos/ncaa/500/2447.png', 'http://a.espncdn.com/i/teamlogos/ncaa/500-dark/2447.png']",@Nicholls_FB,"{'id': 3779, 'name': 'Manning Field at John L. Guidry Stadium', 'city': 'Thibodaux', 'state': 'LA', 'zip': '70301', 'countryCode': 'US', 'timezone': 'America/Chicago', 'latitude': 29.7867254, 'longitude': -90.80455, 'elevation': '3.23726368', 'capacity': 10500, 'constructionYear': 1972, 'grass': False, 'dome': False}"
2884,Nichols College,Bison,NICHOLS,"['NICHOLS', 'Nichls Col']",Commonwealth Coast,,iii,#007b5f,#000000,"['http://a.espncdn.com/i/teamlogos/ncaa/500/2884.png', 'http://a.espncdn.com/i/teamlogos/ncaa/500-dark/2884.png']",,"{'id': 5637, 'name': 'Vendetti Field', 'city': 'Dudley', 'state': 'MA', 'zip': '01571', 'countryCode': 'US', 'timezone': None, 'latitude': 42.0572744, 'longitude': -71.9396898, 'elevation': None, 'capacity': 763, 'constructionYear': None, 'grass': None, 'dome': False}"
1001079,Nigeria,Nigeria,Nigeria,['Nigeria'],,,,#null,#null,,,"{'id': None, 'name': None, 'city': None, 'state': None, 'zip': None, 'countryCode': None, 'timezone': None, 'latitude': None, 'longitude': None, 'elevation': None, 'capacity': None, 'constructionYear': None, 'grass': None, 'dome': None}"
2450,Norfolk State,Spartans,NORF,"['NORF', 'Norfolk St']",MEAC,,fcs,#0c8968,#fdb813,"['http://a.espncdn.com/i/teamlogos/ncaa/500/2450.png', 'http://a.espncdn.com/i/teamlogos/ncaa/500-dark/2450.png']",@NSU_FB,"{'id': 3991, 'name': 'William Dick"""" Price Stadium""""', 'city': 'Norfolk', 'state': 'VA', 'zip': '23504', 'countryCode': 'US', 'timezone': 'America/New_York', 'latitude': 36.8469442, 'longitude': -76.2600839, 'elevation': '4.916433334', 'capacity': 30000, 'constructionYear': 1997, 'grass': False, 'dome': False}"
3145,NORTH,All-Stars,NOR,"['NOR', 'NORTH']",,,,#000000,#null,,,"{'id': None, 'name': None, 'city': None, 'state': None, 'zip': None, 'countryCode': None, 'timezone': None, 'latitude': None, 'longitude': None, 'elevation': None, 'capacity': None, 'constructionYear': None, 'grass': None, 'dome': None}"
2453,North Alabama,Lions,UNA,"['UNA', 'North Alabama']",UAC,,fcs,#null,#null,"['http://a.espncdn.com/i/teamlogos/ncaa/500/2453.png', 'http://a.espncdn.com/i/teamlogos/ncaa/500-dark/2453.png']",@UNAFootball,"{'id': 4133, 'name': 'Braly Municipal Stadium', 'city': 'Florence', 'state': 'AL', 'zip': '35630', 'countryCode': 'US', 'timezone': 'America/Chicago', 'latitude': 34.810914, 'longitude': -87.670587, 'elevation': '172.3', 'capacity': 14215, 'constructionYear': 1949, 'grass': False, 'dome': False}"
123086,North American University,Stallions,NAMERICAN,"['North American', 'NAMERICAN', 'North American']",,,,#null,#null,,,"{'id': None, 'name': None, 'city': None, 'state': None, 'zip': None, 'countryCode': None, 'timezone': None, 'latitude': None, 'longitude': None, 'elevation': None, 'capacity': None, 'constructionYear': None, 'grass': None, 'dome': None}"
153,North Carolina,Tar Heels,UNC,"['UNC', 'North Carolina']",ACC,,fbs,#7bafd4,#13294b,"['http://a.espncdn.com/i/teamlogos/ncaa/500/153.png', 'http://a.espncdn.com/i/teamlogos/ncaa/500-dark/153.png']",@UNCFootball,"{'id': 3787, 'name': 'Kenan Stadium', 'city': 'Chapel Hill', 'state': 'NC', 'zip': '27515', 'countryCode': 'US', 'timezone': 'America/New_York', 'latitude': 35.9069294, 'longitude': -79.0478889, 'elevation': '127.7569809', 'capacity': 50500, 'constructionYear': 1927, 'grass': False, 'dome': False}"
2448,North Carolina A&T,Aggies,NCAT,"['NCAT', 'NC A&T']",CAA,,fcs,#0505aa,#004684,"['http://a.espncdn.com/i/teamlogos/ncaa/500/2448.png', 'http://a.espncdn.com/i/teamlogos/ncaa/500-dark/2448.png']",@Football_NCAT,"{'id': 3603, 'name': 'Aggie Stadium', 'city': 'Greensboro', 'state': 'NC', 'zip': '27411', 'countryCode': 'US', 'timezone': 'America/New_York', 'latitude': 36.0814337, 'longitude': -79.7700391, 'elevation': '235.1224518', 'capacity': 21500, 'constructionYear': 1981, 'grass': True, 'dome': False}"
2428,North Carolina Central,Eagles,NCCU,"['NCCU', 'NC Central']",MEAC,,fcs,#880023,#c2c3c0,"['http://a.espncdn.com/i/teamlogos/ncaa/500/2428.png', 'http://a.espncdn.com/i/teamlogos/ncaa/500-dark/2428.png']",@NCCU_Football,"{'id': 3862, 'name': ""O'Kelly-Riddick Stadium"", 'city': 'Durham', 'state': 'NC', 'zip': '27707', 'countryCode': 'US', 'timezone': 'America/New_York', 'latitude': 35.9738646, 'longitude': -78.896969, 'elevation': '96.73323059', 'capacity': 10000, 'constructionYear': 1975, 'grass': False, 'dome': False}"
286,North Carolina Wesleyan,Battling Bishops,NORTH,"['NORTH', 'NC Wesleyn']",USA South,,iii,#null,#null,"['http://a.espncdn.com/i/teamlogos/ncaa/500/286.png', 'http://a.espncdn.com/i/teamlogos/ncaa/500-dark/286.png']",,"{'id': 6092, 'name': 'Bishop Stadium', 'city': 'Rocky Mount', 'state': 'NC', 'zip': '27804', 'countryCode': 'US', 'timezone': None, 'latitude': 35.9423833, 'longitude': -77.7956949, 'elevation': None, 'capacity': 5000, 'constructionYear': None, 'grass': None, 'dome': False}"
3071,North Central College,Cardinals,NCC,"['NCC', 'N Central']",CCIW,,iii,#null,#null,"['http://a.espncdn.com/i/teamlogos/ncaa/500/3071.png', 'http://a.espncdn.com/i/teamlogos/ncaa/500-dark/3071.png']",,"{'id': 980, 'name': 'Benedetti-Wehrli Stadium', 'city': 'Naperville', 'state': 'IL', 'zip': '60540', 'countryCode': 'US', 'timezone': None, 'latitude': 41.7728699, 'longitude': -88.1479278, 'elevation': None, 'capacity': 4839, 'constructionYear': None, 'grass': None, 'dome': False}"
155,North Dakota,Fighting Hawks,UND,"['UND', 'North Dakota']",MVFC,,fcs,#00A26B,#c2c3c0,"['http://a.espncdn.com/i/teamlogos/ncaa/500/155.png', 'http://a.espncdn.com/i/teamlogos/ncaa/500-dark/155.png']",@UNDFootball,"{'id': 3605, 'name': 'Alerus Center', 'city': 'Grand Forks', 'state': 'ND', 'zip': '58201', 'countryCode': 'US', 'timezone': 'America/Chicago', 'latitude': 47.910622, 'longitude': -97.090996, 'elevation': '255.2472076', 'capacity': 12283, 'constructionYear': 2001, 'grass': False, 'dome': True}"
2449,North Dakota State,Bison,NDSU,"['NDSU', 'N Dakota St']",Mountain West,,fbs,#01402A,#ffffff,"['http://a.espncdn.com/i/teamlogos/ncaa/500/2449.png', 'http://a.espncdn.com/i/teamlogos/ncaa/500-dark/2449.png']",@NDSUFootball,"{'id': 3714, 'name': 'Fargodome', 'city': 'Fargo', 'state': 'ND', 'zip': '51802', 'countryCode': 'US', 'timezone': 'America/Chicago', 'latitude': 46.9029938, 'longitude': -96.8003251, 'elevation': '274.4847717', 'capacity': 18700, 'constructionYear': 1992, 'grass': False, 'dome': True}"
1001054,Northeastern Oklahoma A&M,,,[],,,,#null,#null,,,"{'id': None, 'name': None, 'city': None, 'state': None, 'zip': None, 'countryCode': None, 'timezone': None, 'latitude': None, 'longitude': None, 'elevation': None, 'capacity': None, 'constructionYear': None, 'grass': None, 'dome': None}"
196,Northeastern State,RiverHawks,NOR,"['NOR', 'NE ST']",Independent DII,,ii,#null,#null,"['http://a.espncdn.com/i/teamlogos/ncaa/500/196.png', 'http://a.espncdn.com/i/teamlogos/ncaa/500-dark/196.png']",,"{'id': 6062, 'name': 'Gable Field at Doc Wadley Stadium', 'city': 'Tahlequah', 'state': 'OK', 'zip': '74464', 'countryCode': 'US', 'timezone': None, 'latitude': 35.91537, 'longitude': -94.969956, 'elevation': None, 'capacity': 8300, 'constructionYear': None, 'grass': None, 'dome': False}"
1001055,Northeast Mississippi C.C.,,,[],,,,#null,#null,,,"{'id': None, 'name': None, 'city': None, 'state': None, 'zip': None, 'countryCode': None, 'timezone': None, 'latitude': None, 'longitude': None, 'elevation': None, 'capacity': None, 'constructionYear': None, 'grass': None, 'dome': None}"
2464,Northern Arizona,Lumberjacks,NAU,"['NAU', 'N Arizona']",Big Sky,,fcs,#003976,#1b3069,"['http://a.espncdn.com/i/teamlogos/ncaa/500/2464.png', 'http://a.espncdn.com/i/teamlogos/ncaa/500-dark/2464.png']",@NAU_Football,"{'id': 2023, 'name': 'Walkup Skydome', 'city': 'Flagstaff', 'state': 'AZ', 'zip': '86001', 'countryCode': 'US', 'timezone': 'America/Phoenix', 'latitude': 35.1805483, 'longitude': -111.6528377, 'elevation': '2097.884766', 'capacity': 10000, 'constructionYear': 1977, 'grass': False, 'dome': True}"
2458,Northern Colorado,Bears,UNCO,"['UNCO', 'N Colorado']",Big Sky,,fcs,#13558D,#ffc533,"['http://a.espncdn.com/i/teamlogos/ncaa/500/2458.png', 'http://a.espncdn.com/i/teamlogos/ncaa/500-dark/2458.png']",@UNCBearsFB,"{'id': 3856, 'name': 'Nottingham Field', 'city': 'Greeley', 'state': 'CO', 'zip': '80639', 'countryCode': 'US', 'timezone': 'America/Denver', 'latitude': 40.403493, 'longitude': -104.705139, 'elevation': '1455.349976', 'capacity': 8500, 'constructionYear': 1995, 'grass': True, 'dome': False}"
2459,Northern Illinois,Huskies,NIU,"['NIU', 'N Illinois']",Mountain West,,fbs,#F1122C,#cc0000,"['http://a.espncdn.com/i/teamlogos/ncaa/500/2459.png', 'http://a.espncdn.com/i/teamlogos/ncaa/500-dark/2459.png']",@NIU_Football,"{'id': 3764, 'name': 'Huskie Stadium', 'city': 'DeKalb', 'state': 'IL', 'zip': '60115', 'countryCode': 'US', 'timezone': 'America/Chicago', 'latitude': 41.9339586, 'longitude': -88.7778357, 'elevation': '267.4530029', 'capacity': 23595, 'constructionYear': 1965, 'grass': False, 'dome': False}"
2460,Northern Iowa,Panthers,UNI,"['UNI', 'Northern Iowa']",MVFC,,fcs,#473282,#ffffff,"['http://a.espncdn.com/i/teamlogos/ncaa/500/2460.png', 'http://a.espncdn.com/i/teamlogos/ncaa/500-dark/2460.png']",@UNIFootball,"{'id': 3967, 'name': 'UNI-Dome', 'city': 'Cedar Falls', 'state': 'IA', 'zip': '50614', 'countryCode': 'US', 'timezone': 'America/Chicago', 'latitude': 42.5156111, 'longitude': -92.4672307, 'elevation': '281.8959656', 'capacity': 16324, 'constructionYear': 1976, 'grass': False, 'dome': True}"
128,Northern Michigan,Wildcats,NMI,"['NMI', 'N Michigan']",GLIAC,,ii,#null,#null,"['http://a.espncdn.com/i/teamlogos/ncaa/500/128.png', 'http://a.espncdn.com/i/teamlogos/ncaa/500-dark/128.png']",,"{'id': 3950, 'name': 'Superior Dome', 'city': 'Marquette', 'state': 'MI', 'zip': '70118', 'countryCode': 'US', 'timezone': 'America/Detroit', 'latitude': 46.560589, 'longitude': -87.393741, 'elevation': '186.4', 'capacity': 8000, 'constructionYear': 1991, 'grass': False, 'dome': False}"
425,Northern State,Wolves,NOR,"['NOR', 'Northrn St']",Northern Sun,,ii,#null,#null,"['http://a.espncdn.com/i/teamlogos/ncaa/500/425.png', 'http://a.espncdn.com/i/teamlogos/ncaa/500-dark/425.png']",,"{'id': 3951, 'name': 'Swisher Field', 'city': 'Aberdeen', 'state': 'SD', 'zip': '57401', 'countryCode': 'US', 'timezone': None, 'latitude': 45.4649805, 'longitude': -98.487813, 'elevation': None, 'capacity': 6000, 'constructionYear': None, 'grass': None, 'dome': False}"
3197,NORTH FLORIDA,STARS,UNF,"['UNF', 'NORTH FLORIDA']",,,,#000000,#null,,,"{'id': None, 'name': None, 'city': None, 'state': None, 'zip': None, 'countryCode': None, 'timezone': None, 'latitude': None, 'longitude': None, 'elevation': None, 'capacity': None, 'constructionYear': None, 'grass': None, 'dome': None}"
2822,North Greenville,Crusaders,NG,"['NG', 'N Greenvll']",Carolinas,,ii,#d91e39,#000000,"['http://a.espncdn.com/i/teamlogos/ncaa/500/2822.png', 'http://a.espncdn.com/i/teamlogos/ncaa/500-dark/2822.png']",,"{'id': 6061, 'name': 'Younts Stadium', 'city': 'Tigerville', 'state': 'SC', 'zip': '29688', 'countryCode': 'US', 'timezone': None, 'latitude': 35.0684492, 'longitude': -82.3684509, 'elevation': None, 'capacity': 4500, 'constructionYear': None, 'grass': None, 'dome': False}"
75,North Park,Vikings,NOR,"['NOR', 'North Park']",CCIW,,iii,#null,#null,"['http://a.espncdn.com/i/teamlogos/ncaa/500/75.png', 'http://a.espncdn.com/i/teamlogos/ncaa/500-dark/75.png']",,"{'id': 6093, 'name': 'Holmgren Athletic Complex', 'city': 'Chicago', 'state': 'IL', 'zip': '60022', 'countryCode': 'US', 'timezone': None, 'latitude': 41.8755616, 'longitude': -87.6244212, 'elevation': None, 'capacity': 3000, 'constructionYear': None, 'grass': None, 'dome': False}"
249,North Texas,Mean Green,UNT,"['UNT', 'North Texas']",American Athletic,,fbs,#00853E,#000000,"['http://a.espncdn.com/i/teamlogos/ncaa/500/249.png', 'http://a.espncdn.com/i/teamlogos/ncaa/500-dark/249.png']",@MeanGreenFB,"{'id': 3825, 'name': 'DATCU Stadium', 'city': 'Denton', 'state': 'TX', 'zip': '76210', 'countryCode': 'US', 'timezone': 'America/Chicago', 'latitude': 33.203899, 'longitude': -97.159245, 'elevation': '198.6871948', 'capacity': 30850, 'constructionYear': 2011, 'grass': False, 'dome': False}"
77,Northwestern,Wildcats,NU,"['NU', 'Northwestern']",Big Ten,,fbs,#582c83,#ffffff,"['http://a.espncdn.com/i/teamlogos/ncaa/500/77.png', 'http://a.espncdn.com/i/teamlogos/ncaa/500-dark/77.png']",@NUFBFamily,"{'id': 5960, 'name': 'Lanny and Sharon Martin Stadium', 'city': 'Evanston', 'state': 'IL', 'zip': None, 'countryCode': 'US', 'timezone': None, 'latitude': None, 'longitude': None, 'elevation': None, 'capacity': None, 'constructionYear': None, 'grass': None, 'dome': False}"
2471,Northwestern (IA),Red Raiders,NAD,"['NAD', 'Northwestern (IA)']",,,,#null,#null,,,"{'id': None, 'name': None, 'city': None, 'state': None, 'zip': None, 'countryCode': None, 'timezone': None, 'latitude': None, 'longitude': None, 'elevation': None, 'capacity': None, 'constructionYear': None, 'grass': None, 'dome': None}"
583,Northwestern (MN),Eagles,NWMN,"['NWMN', 'NW Coll MN']",Upper Midwest,,iii,#null,#null,"['http://a.espncdn.com/i/teamlogos/ncaa/500/583.png', 'http://a.espncdn.com/i/teamlogos/ncaa/500-dark/583.png']",,"{'id': 6094, 'name': 'Reynolds Field', 'city': 'Roseville', 'state': 'MN', 'zip': None, 'countryCode': 'US', 'timezone': None, 'latitude': 45.0060767, 'longitude': -93.1566107, 'elevation': None, 'capacity': 1800, 'constructionYear': None, 'grass': None, 'dome': False}"
2823,Northwestern Oklahoma State,Rangers,NWO,"['NWO', 'NW OK ST']",Great American,,ii,#null,#null,"['http://a.espncdn.com/i/teamlogos/ncaa/500/2823.png', 'http://a.espncdn.com/i/teamlogos/ncaa/500-dark/2823.png']",,"{'id': 4763, 'name': 'Ranger Field', 'city': 'Alva', 'state': 'OK', 'zip': '73717', 'countryCode': 'US', 'timezone': None, 'latitude': 36.8030501, 'longitude': -98.6660278, 'elevation': None, 'capacity': 6000, 'constructionYear': None, 'grass': None, 'dome': False}"
2466,Northwestern State,Demons,NWST,"['NWST', ""N'Western St""]",Southland,,fcs,#492F91,#ed6118,"['http://a.espncdn.com/i/teamlogos/ncaa/500/2466.png', 'http://a.espncdn.com/i/teamlogos/ncaa/500-dark/2466.png']",@NSUDemonsFB,"{'id': 3963, 'name': 'Harry Turpin Stadium', 'city': 'Natchitoches', 'state': 'LA', 'zip': '71457', 'countryCode': 'US', 'timezone': 'America/Chicago', 'latitude': 31.747259, 'longitude': -93.0961357, 'elevation': '36.58879089', 'capacity': 15971, 'constructionYear': 1976, 'grass': False, 'dome': False}"
1001040,Northwest Mississippi C.C.,,,[],,,,#null,#null,,,"{'id': None, 'name': None, 'city': None, 'state': None, 'zip': None, 'countryCode': None, 'timezone': None, 'latitude': None, 'longitude': None, 'elevation': None, 'capacity': None, 'constructionYear': None, 'grass': None, 'dome': None}"
138,Northwest Missouri St,Bearcats,NWMS,"['NWMS', 'NW MO ST']",Mid America,,ii,#null,#null,"['http://a.espncdn.com/i/teamlogos/ncaa/500/138.png', 'http://a.espncdn.com/i/teamlogos/ncaa/500-dark/138.png']",,"{'id': 5134, 'name': 'Bearcat Stadium', 'city': 'Maryville', 'state': 'MO', 'zip': '64468', 'countryCode': 'US', 'timezone': None, 'latitude': 40.3460468, 'longitude': -94.8723858, 'elevation': None, 'capacity': 6500, 'constructionYear': None, 'grass': None, 'dome': False}"
2886,Northwood (MI),Timberwolves,NAR,"['Northwood University', 'NAR', 'Northwood']",Great Midwest Athletic,,ii,#null,#null,"['http://a.espncdn.com/i/teamlogos/ncaa/500/2886.png', 'http://a.espncdn.com/i/teamlogos/ncaa/500-dark/2886.png']",,"{'id': 3747, 'name': 'Hantz Stadium', 'city': 'Midland', 'state': 'MI', 'zip': '65565', 'countryCode': 'US', 'timezone': None, 'latitude': 43.6155825, 'longitude': -84.2472117, 'elevation': None, 'capacity': 2500, 'constructionYear': None, 'grass': None, 'dome': False}"
2467,Norwich,Cadets,NOR,"['NOR', 'Norwich']",NEWMAC,,iii,#null,#null,"['http://a.espncdn.com/i/teamlogos/ncaa/500/2467.png', 'http://a.espncdn.com/i/teamlogos/ncaa/500-dark/2467.png']",,"{'id': 6095, 'name': 'Sabine Field at Haynes Family Stadium', 'city': 'Northfield', 'state': 'VT', 'zip': '05663', 'countryCode': 'US', 'timezone': None, 'latitude': 44.153195, 'longitude': -72.65679528850326, 'elevation': None, 'capacity': 3000, 'constructionYear': None, 'grass': None, 'dome': False}"
87,Notre Dame,Fighting Irish,ND,"['ND', 'Notre Dame']",FBS Independents,,fbs,#0c2340,#c99700,"['http://a.espncdn.com/i/teamlogos/ncaa/500/87.png', 'http://a.espncdn.com/i/teamlogos/ncaa/500-dark/87.png']",@NDFootball,"{'id': 3855, 'name': 'Notre Dame Stadium', 'city': 'Notre Dame', 'state': 'IN', 'zip': '46556', 'countryCode': 'US', 'timezone': 'America/Indiana/Indianapolis', 'latitude': 41.698378, 'longitude': -86.2339425, 'elevation': '222.645401', 'capacity': 80795, 'constructionYear': 1930, 'grass': False, 'dome': False}"
587,Notre Dame College,Blue Falcons,NOT,"['NOT', 'Notre Dame College']",Mountain East,,ii,#000000,#null,"['http://a.espncdn.com/i/teamlogos/ncaa/500/587.png', 'http://a.espncdn.com/i/teamlogos/ncaa/500-dark/587.png']",,"{'id': 6063, 'name': 'Mueller Field', 'city': 'South Euclid', 'state': 'OH', 'zip': '44121', 'countryCode': 'US', 'timezone': None, 'latitude': 41.5231076, 'longitude': -81.5184553, 'elevation': None, 'capacity': 2000, 'constructionYear': None, 'grass': None, 'dome': False}"
391,Oberlin,Yeomen,OBERLIN,"['OBERLIN', 'Oberlin']",North Coast,,iii,#null,#null,"['http://a.espncdn.com/i/teamlogos/ncaa/500/391.png', 'http://a.espncdn.com/i/teamlogos/ncaa/500-dark/391.png']",,"{'id': 6096, 'name': 'Austin E. Knowlton Athletics Complex', 'city': 'Oberlin', 'state': 'OH', 'zip': '44074', 'countryCode': 'US', 'timezone': None, 'latitude': 41.2939386, 'longitude': -82.2173786, 'elevation': None, 'capacity': 3000, 'constructionYear': None, 'grass': None, 'dome': False}"
2475,Occidental,Tigers,OCC,"['OCC', 'Occidental']",So. Cal.,,iii,#000000,#null,"['http://a.espncdn.com/i/teamlogos/ncaa/500/2475.png', 'http://a.espncdn.com/i/teamlogos/ncaa/500-dark/2475.png']",,"{'id': None, 'name': None, 'city': None, 'state': None, 'zip': None, 'countryCode': None, 'timezone': None, 'latitude': None, 'longitude': None, 'elevation': None, 'capacity': None, 'constructionYear': None, 'grass': None, 'dome': None}"
195,Ohio,Bobcats,OHIO,"['OHIO', 'Ohio']",Mid-American,,fbs,#295A29,#e4bb85,"['http://a.espncdn.com/i/teamlogos/ncaa/500/195.png', 'http://a.espncdn.com/i/teamlogos/ncaa/500-dark/195.png']",@OhioFootball,"{'id': 3876, 'name': 'Peden Stadium', 'city': 'Athens', 'state': 'OH', 'zip': '45701', 'countryCode': 'US', 'timezone': 'America/New_York', 'latitude': 39.3212794, 'longitude': -82.1034315, 'elevation': '194.230896', 'capacity': 24000, 'constructionYear': 1929, 'grass': False, 'dome': False}"
2477,Ohio Dominican,Panthers,,['Panthers'],Great Midwest Athletic,,ii,#null,#null,,,"{'id': 3870, 'name': 'Panther Stadium (OH)', 'city': 'Columbus', 'state': 'OH', 'zip': '43216', 'countryCode': 'US', 'timezone': None, 'latitude': 39.9622601, 'longitude': -83.0007065, 'elevation': None, 'capacity': 1750, 'constructionYear': None, 'grass': None, 'dome': False}"
108398,Ohio Midwestern College,Rams,OMW,"['OMW', 'Ohio Midwestern']",,,,#null,#null,,,"{'id': None, 'name': None, 'city': None, 'state': None, 'zip': None, 'countryCode': None, 'timezone': None, 'latitude': None, 'longitude': None, 'elevation': None, 'capacity': None, 'constructionYear': None, 'grass': None, 'dome': None}"
427,Ohio Northern,Polar Bears,OHNRTH,"['OHNRTH', 'Ohio Nor']",Ohio,,iii,#null,#null,"['http://a.espncdn.com/i/teamlogos/ncaa/500/427.png', 'http://a.espncdn.com/i/teamlogos/ncaa/500-dark/427.png']",,"{'id': 6098, 'name': 'Dial-Roberson Stadium', 'city': 'Ada', 'state': 'OH', 'zip': '45810', 'countryCode': 'US', 'timezone': None, 'latitude': 38.8398935, 'longitude': -83.5051704, 'elevation': None, 'capacity': 3500, 'constructionYear': None, 'grass': None, 'dome': False}"
194,Ohio State,Buckeyes,OSU,"['OSU', 'Ohio State']",Big Ten,,fbs,#ce1141,#505056,"['http://a.espncdn.com/i/teamlogos/ncaa/500/194.png', 'http://a.espncdn.com/i/teamlogos/ncaa/500-dark/194.png']",@OhioStateFB,"{'id': 3861, 'name': 'Ohio Stadium', 'city': 'Columbus', 'state': 'OH', 'zip': '43210', 'countryCode': 'US', 'timezone': 'America/New_York', 'latitude': 40.0016447, 'longitude': -83.0197266, 'elevation': '216.6770325', 'capacity': 102780, 'constructionYear': 1922, 'grass': False, 'dome': False}"
3161,Ohio State Newark,Titans,OSU,"['OSU', 'Osunewark']",,,,#null,#null,"['http://a.espncdn.com/i/teamlogos/ncaa/500/3161.png', 'http://a.espncdn.com/i/teamlogos/ncaa/500-dark/3161.png']",,"{'id': None, 'name': None, 'city': None, 'state': None, 'zip': None, 'countryCode': None, 'timezone': None, 'latitude': None, 'longitude': None, 'elevation': None, 'capacity': None, 'constructionYear': None, 'grass': None, 'dome': None}"
2980,Ohio Wesleyan,Battling Bishops,OHWESL,"['OHWESL', 'Ohioweslyn']",North Coast,,iii,#null,#null,"['http://a.espncdn.com/i/teamlogos/ncaa/500/2980.png', 'http://a.espncdn.com/i/teamlogos/ncaa/500-dark/2980.png']",,"{'id': 6099, 'name': 'Selby Stadium', 'city': 'Delaware', 'state': 'OH', 'zip': '43015', 'countryCode': 'US', 'timezone': None, 'latitude': 40.2986724, 'longitude': -83.067965, 'elevation': None, 'capacity': 9100, 'constructionYear': None, 'grass': None, 'dome': False}"
201,Oklahoma,Sooners,OU,"['OU', 'Oklahoma']",SEC,,fbs,#a32036,#ffffff,"['http://a.espncdn.com/i/teamlogos/ncaa/500/201.png', 'http://a.espncdn.com/i/teamlogos/ncaa/500-dark/201.png']",@OU_Football,"{'id': 3835, 'name': 'Memorial Stadium (Norman, OK)', 'city': 'Norman', 'state': 'OK', 'zip': '73019', 'countryCode': 'US', 'timezone': 'America/Chicago', 'latitude': 35.2058537, 'longitude': -97.4423145, 'elevation': '355.0962524', 'capacity': 86112, 'constructionYear': 1925, 'grass': True, 'dome': False}"
319,Oklahoma Baptist,Bison,OB,"['OB', 'Okbaptu']",Great American,,ii,#null,#null,"['http://a.espncdn.com/i/teamlogos/ncaa/500/319.png', 'http://a.espncdn.com/i/teamlogos/ncaa/500-dark/319.png']",,"{'id': 6064, 'name': 'Crain Family Stadium', 'city': 'Shawnee', 'state': 'OK', 'zip': '74801', 'countryCode': 'US', 'timezone': None, 'latitude': 35.3272928, 'longitude': -96.9253004, 'elevation': None, 'capacity': 4000, 'constructionYear': None, 'grass': None, 'dome': False}"
2824,Oklahoma Panhandle St,Ok Panhandle St,OKLAH,"['Panhandle State', 'OKLAH', 'Okpanhndle']",Independent DII,,ii,#null,#null,"['http://a.espncdn.com/i/teamlogos/ncaa/500/2824.png', 'http://a.espncdn.com/i/teamlogos/ncaa/500-dark/2824.png']",,"{'id': None, 'name': None, 'city': None, 'state': None, 'zip': None, 'countryCode': None, 'timezone': None, 'latitude': None, 'longitude': None, 'elevation': None, 'capacity': None, 'constructionYear': None, 'grass': None, 'dome': None}"
197,Oklahoma State,Cowboys,OKST,"['OKST', 'Oklahoma St']",Big 12,,fbs,#FF7300,#000000,"['http://a.espncdn.com/i/teamlogos/ncaa/500/197.png', 'http://a.espncdn.com/i/teamlogos/ncaa/500-dark/197.png']",@CowboyFB,"{'id': 3646, 'name': 'Boone Pickens Stadium', 'city': 'Stillwater', 'state': 'OK', 'zip': '74078', 'countryCode': 'US', 'timezone': 'America/Chicago', 'latitude': 36.125673, 'longitude': -97.066513, 'elevation': '276.4808655', 'capacity': 55509, 'constructionYear': 1919, 'grass': False, 'dome': False}"
295,Old Dominion,Monarchs,ODU,"['ODU', 'Old Dominion']",Sun Belt,East,fbs,#00507d,#a1d2f1,"['http://a.espncdn.com/i/teamlogos/ncaa/500/295.png', 'http://a.espncdn.com/i/teamlogos/ncaa/500-dark/295.png']",@ODUFootball,"{'id': 3918, 'name': 'S.B. Ballard Stadium', 'city': 'Norfolk', 'state': 'VA', 'zip': '23551', 'countryCode': 'US', 'timezone': 'America/New_York', 'latitude': 36.8889533, 'longitude': -76.3049175, 'elevation': '3.147987843', 'capacity': 20118, 'constructionYear': 1936, 'grass': False, 'dome': False}"
145,Ole Miss,Rebels,MISS,"['MISS', 'Ole Miss']",SEC,,fbs,#13294b,#c8102e,"['http://a.espncdn.com/i/teamlogos/ncaa/500/145.png', 'http://a.espncdn.com/i/teamlogos/ncaa/500-dark/145.png']",@OleMissFB,"{'id': 3974, 'name': 'Vaught-Hemingway Stadium', 'city': 'Oxford', 'state': 'MS', 'zip': '38677', 'countryCode': 'US', 'timezone': 'America/Chicago', 'latitude': 34.3619837, 'longitude': -89.5342076, 'elevation': '146.8517151', 'capacity': 64038, 'constructionYear': 1915, 'grass': True, 'dome': False}"
354,Olivet College,Comets,OLI,"['OLI', 'Olivetcoll']",Michigan,,iii,#null,#null,"['http://a.espncdn.com/i/teamlogos/ncaa/500/354.png', 'http://a.espncdn.com/i/teamlogos/ncaa/500-dark/354.png']",,"{'id': 6100, 'name': 'Cutler Field', 'city': 'Olivet', 'state': 'MI', 'zip': '4976 ', 'countryCode': 'US', 'timezone': None, 'latitude': 42.4414273, 'longitude': -84.9241542, 'elevation': None, 'capacity': 2200, 'constructionYear': None, 'grass': None, 'dome': False}"
2483,Oregon,Ducks,ORE,"['ORE', 'Oregon']",Big Ten,,fbs,#007030,#fee11a,"['http://a.espncdn.com/i/teamlogos/ncaa/500/2483.png', 'http://a.espncdn.com/i/teamlogos/ncaa/500-dark/2483.png']",@OregonFootball,"{'id': 3626, 'name': 'Autzen Stadium', 'city': 'Eugene', 'state': 'OR', 'zip': '97401', 'countryCode': 'US', 'timezone': 'America/Los_Angeles', 'latitude': 44.0582712, 'longitude': -123.0684883, 'elevation': '127.4198303', 'capacity': 54000, 'constructionYear': 1967, 'grass': False, 'dome': False}"
204,Oregon State,Beavers,ORST,"['ORST', 'Oregon St']",Pac-12,,fbs,#231f20,#d73f09,"['http://a.espncdn.com/i/teamlogos/ncaa/500/204.png', 'http://a.espncdn.com/i/teamlogos/ncaa/500-dark/204.png']",@BeaverFootball,"{'id': 3893, 'name': 'Reser Stadium', 'city': 'Corvallis', 'state': 'OR', 'zip': '97331', 'countryCode': 'US', 'timezone': 'America/Los_Angeles', 'latitude': 44.5594559, 'longitude': -123.2814341, 'elevation': '66.90744781', 'capacity': 43363, 'constructionYear': 1953, 'grass': False, 'dome': False}"
112390,Ottawa University Arizona,Spirit,OUAZ,"['OUAZ', 'Ottawa University Arizona']",,,,#null,#null,,,"{'id': None, 'name': None, 'city': None, 'state': None, 'zip': None, 'countryCode': None, 'timezone': None, 'latitude': None, 'longitude': None, 'elevation': None, 'capacity': None, 'constructionYear': None, 'grass': None, 'dome': None}"
359,Otterbein,Cardinals,OTT,"['OTT', 'Otterbein']",Ohio,,iii,#null,#null,"['http://a.espncdn.com/i/teamlogos/ncaa/500/359.png', 'http://a.espncdn.com/i/teamlogos/ncaa/500-dark/359.png']",,"{'id': 6101, 'name': 'Memorial Stadium (Westerville, OH)', 'city': 'Westerville', 'state': 'OH', 'zip': '43081', 'countryCode': 'US', 'timezone': None, 'latitude': 40.126139, 'longitude': -82.9295287, 'elevation': None, 'capacity': 2400, 'constructionYear': None, 'grass': None, 'dome': False}"
2888,Ouachita Baptist,Tigers,OUA,"['OUA', 'Ouachita']",Great American,,ii,#null,#null,"['http://a.espncdn.com/i/teamlogos/ncaa/500/2888.png', 'http://a.espncdn.com/i/teamlogos/ncaa/500-dark/2888.png']",,"{'id': 6065, 'name': 'Cliff Harris Stadium', 'city': 'Arkadelphia', 'state': 'AR', 'zip': '71998', 'countryCode': 'US', 'timezone': None, 'latitude': 34.1209292, 'longitude': -93.053784, 'elevation': None, 'capacity': 3060, 'constructionYear': None, 'grass': None, 'dome': False}"
1001041,Ouachita Baptist University,,,[],,,,#null,#null,,,"{'id': None, 'name': None, 'city': None, 'state': None, 'zip': None, 'countryCode': None, 'timezone': None, 'latitude': None, 'longitude': None, 'elevation': None, 'capacity': None, 'constructionYear': None, 'grass': None, 'dome': None}"
2487,Pace,Setters,PAC,"['PAC', 'Pace']",Northeast 10,,ii,#null,#null,"['http://a.espncdn.com/i/teamlogos/ncaa/500/2487.png', 'http://a.espncdn.com/i/teamlogos/ncaa/500-dark/2487.png']",,"{'id': 6066, 'name': 'Pace Stadium', 'city': 'Pleasantville', 'state': 'NY', 'zip': '10570', 'countryCode': 'US', 'timezone': None, 'latitude': 41.1328736, 'longitude': -73.7926335, 'elevation': None, 'capacity': 1500, 'constructionYear': None, 'grass': None, 'dome': False}"
2486,Pacific Lutheran,Lutes,PACLTH,"['PACLTH', 'Pacluthern']",Northwest,,iii,#ffc423,#000000,"['http://a.espncdn.com/i/teamlogos/ncaa/500/2486.png', 'http://a.espncdn.com/i/teamlogos/ncaa/500-dark/2486.png']",,"{'id': 6102, 'name': 'Sparks Stadium', 'city': 'Puyallup', 'state': 'WA', 'zip': '98371', 'countryCode': 'US', 'timezone': None, 'latitude': 47.1849009, 'longitude': -122.29214, 'elevation': None, 'capacity': 4500, 'constructionYear': None, 'grass': None, 'dome': False}"
205,Pacific (OR),Boxers,PAC,"['PAC', 'Pacificor']",Northwest,,iii,#b4183a,#ffffff,"['http://a.espncdn.com/i/teamlogos/ncaa/500/205.png', 'http://a.espncdn.com/i/teamlogos/ncaa/500-dark/205.png']",,"{'id': 6153, 'name': 'Hanson Stadium', 'city': 'Forest Grove', 'state': 'OR', 'zip': None, 'countryCode': 'US', 'timezone': None, 'latitude': 45.5197452, 'longitude': -123.1114405, 'elevation': None, 'capacity': 1100, 'constructionYear': None, 'grass': None, 'dome': False}"
2488,Paine,Lions,PC,"['PC', 'Paine']",,,,#null,#null,,,"{'id': None, 'name': None, 'city': None, 'state': None, 'zip': None, 'countryCode': None, 'timezone': None, 'latitude': None, 'longitude': None, 'elevation': None, 'capacity': None, 'constructionYear': None, 'grass': None, 'dome': None}"
1000988,Palomar College,,,[],,,,#null,#null,,,"{'id': None, 'name': None, 'city': None, 'state': None, 'zip': None, 'countryCode': None, 'timezone': None, 'latitude': None, 'longitude': None, 'elevation': None, 'capacity': None, 'constructionYear': None, 'grass': None, 'dome': None}"
213,Penn State,Nittany Lions,PSU,"['PSU', 'Penn State']",Big Ten,,fbs,#041E42,#FFFFFF,"['http://a.espncdn.com/i/teamlogos/ncaa/500/213.png', 'http://a.espncdn.com/i/teamlogos/ncaa/500-dark/213.png']",@PennStateFball,"{'id': 3632, 'name': 'Beaver Stadium', 'city': 'University Park', 'state': 'PA', 'zip': '16802', 'countryCode': 'US', 'timezone': 'America/New_York', 'latitude': 40.8121958, 'longitude': -77.8561023, 'elevation': '354.1551514', 'capacity': 106572, 'constructionYear': 1960, 'grass': True, 'dome': False}"
219,Pennsylvania,Quakers,PENN,"['PENN', 'Penn']",Ivy,,fcs,#082A74,#a6163d,"['http://a.espncdn.com/i/teamlogos/ncaa/500/219.png', 'http://a.espncdn.com/i/teamlogos/ncaa/500-dark/219.png']",@PENNfb,"{'id': 3730, 'name': 'Franklin Field', 'city': 'Philadelphia', 'state': 'PA', 'zip': '19104', 'countryCode': 'US', 'timezone': 'America/New_York', 'latitude': 39.9501475, 'longitude': -75.1901043, 'elevation': '11.71361065', 'capacity': 52593, 'constructionYear': 1895, 'grass': False, 'dome': False}"
2858,PennWest California,Vulcans,PWC,"['California (Pennsylvania)', 'PWC', 'PennWest Cal']",Pennsylvania State Athletic,Western,ii,#null,#null,"['http://a.espncdn.com/i/teamlogos/ncaa/500/2858.png', 'http://a.espncdn.com/i/teamlogos/ncaa/500-dark/2858.png']",,"{'id': 4436, 'name': 'Adamson Stadium', 'city': 'Brownsville', 'state': 'PA', 'zip': '15417', 'countryCode': 'US', 'timezone': None, 'latitude': 40.0236854, 'longitude': -79.8839357, 'elevation': None, 'capacity': 6500, 'constructionYear': None, 'grass': None, 'dome': False}"
108358,Phoenix,Firestorm,AZCHR,"['AZCHR', 'AZ Christn']",,,,#null,#null,,,"{'id': None, 'name': None, 'city': None, 'state': None, 'zip': None, 'countryCode': None, 'timezone': None, 'latitude': None, 'longitude': None, 'elevation': None, 'capacity': None, 'constructionYear': None, 'grass': None, 'dome': None}"
95,Pikeville,Bears,PIKEV,"['PIKEV', 'Pikeville']",,,,#null,#null,"['http://a.espncdn.com/i/teamlogos/ncaa/500/95.png', 'http://a.espncdn.com/i/teamlogos/ncaa/500-dark/95.png']",,"{'id': None, 'name': None, 'city': None, 'state': None, 'zip': None, 'countryCode': None, 'timezone': None, 'latitude': None, 'longitude': None, 'elevation': None, 'capacity': None, 'constructionYear': None, 'grass': None, 'dome': None}"
221,Pittsburgh,Panthers,PITT,"['Pitt', 'PITT', 'Pitt']",ACC,,fbs,#003263,#231f20,"['http://a.espncdn.com/i/teamlogos/ncaa/500/221.png', 'http://a.espncdn.com/i/teamlogos/ncaa/500-dark/221.png']",@Pitt_FB,"{'id': 3752, 'name': 'Acrisure Stadium', 'city': 'Pittsburgh', 'state': 'PA', 'zip': '15260', 'countryCode': 'US', 'timezone': 'America/New_York', 'latitude': 40.4467648, 'longitude': -80.0157603, 'elevation': '220.5887146', 'capacity': 68400, 'constructionYear': 2001, 'grass': True, 'dome': False}"
90,Pittsburg St,Gorillas,PIT,"['PIT', 'Pitt St']",Mid America,,ii,#null,#null,"['http://a.espncdn.com/i/teamlogos/ncaa/500/90.png', 'http://a.espncdn.com/i/teamlogos/ncaa/500-dark/90.png']",,"{'id': 6067, 'name': 'Carnie Smith Stadium', 'city': 'Pittsburg', 'state': 'KS', 'zip': '66762', 'countryCode': 'US', 'timezone': None, 'latitude': 37.4108841, 'longitude': -94.70496, 'elevation': None, 'capacity': 8343, 'constructionYear': None, 'grass': None, 'dome': False}"
2972,Plymouth State,Panthers,PLYST,"['PLYST', 'Plymouthst']",MSCAC,,iii,#054e39,#000000,"['http://a.espncdn.com/i/teamlogos/ncaa/500/2972.png', 'http://a.espncdn.com/i/teamlogos/ncaa/500-dark/2972.png']",,"{'id': 3690, 'name': 'Charles L. Currier Memorial Field', 'city': 'Plymouth', 'state': 'NH', 'zip': None, 'countryCode': 'US', 'timezone': None, 'latitude': 43.757209, 'longitude': -71.688538, 'elevation': None, 'capacity': 3000, 'constructionYear': None, 'grass': None, 'dome': False}"
3179,Point University,Skyhawks,POINT,"['POINT', 'Point']",,,,#null,#null,"['http://a.espncdn.com/i/teamlogos/ncaa/500/3179.png', 'http://a.espncdn.com/i/teamlogos/ncaa/500-dark/3179.png']",,"{'id': None, 'name': None, 'city': None, 'state': None, 'zip': None, 'countryCode': None, 'timezone': None, 'latitude': None, 'longitude': None, 'elevation': None, 'capacity': None, 'constructionYear': None, 'grass': None, 'dome': None}"
2923,Pomona Pitzer,Sagehens,POM,"['POM', 'Pomonapit']",So. Cal.,,iii,#00549a,#f7941e,"['http://a.espncdn.com/i/teamlogos/ncaa/500/2923.png', 'http://a.espncdn.com/i/teamlogos/ncaa/500-dark/2923.png']",,"{'id': 6103, 'name': 'Merritt Field', 'city': 'Claremont', 'state': 'CA', 'zip': '91711', 'countryCode': 'US', 'timezone': None, 'latitude': 34.0966764, 'longitude': -117.7197785, 'elevation': None, 'capacity': 4000, 'constructionYear': None, 'grass': None, 'dome': False}"
2502,Portland State,Vikings,PRST,"['PRST', 'Portland St']",Big Sky,,fcs,#00311e,#ebebeb,"['http://a.espncdn.com/i/teamlogos/ncaa/500/2502.png', 'http://a.espncdn.com/i/teamlogos/ncaa/500-dark/2502.png']",@PSUViksFB,"{'id': 4765, 'name': 'Hillsboro Stadium', 'city': 'Portland', 'state': 'OR', 'zip': '97124', 'countryCode': 'US', 'timezone': 'America/Los_Angeles', 'latitude': 45.554597, 'longitude': -122.90694, 'elevation': '65.4', 'capacity': 7600, 'constructionYear': 1999, 'grass': False, 'dome': False}"
126086,Post University,Eagles,POS,"['POS', 'Post Universit']",Northeast 10,,ii,#null,#null,,,"{'id': 7422, 'name': 'Municipal Stadium', 'city': 'Waterbury', 'state': 'CT', 'zip': '06708', 'countryCode': None, 'timezone': None, 'latitude': None, 'longitude': None, 'elevation': None, 'capacity': 75, 'constructionYear': None, 'grass': True, 'dome': None}"
2504,Prairie View A&M,Panthers,PV,"['PV', 'Prairie View']",SWAC,West,fcs,#4d0960,#null,"['http://a.espncdn.com/i/teamlogos/ncaa/500/2504.png', 'http://a.espncdn.com/i/teamlogos/ncaa/500-dark/2504.png']",@PVAMU_Football,"{'id': 5238, 'name': 'Panther Stadium', 'city': 'Prairie View', 'state': 'TX', 'zip': '28202', 'countryCode': 'US', 'timezone': 'America/Chicago', 'latitude': 30.0937874, 'longitude': -95.9960913, 'elevation': '77.36286926', 'capacity': 15000, 'constructionYear': 2016, 'grass': True, 'dome': False}"
2506,Presbyterian,Blue Hose,PRES,"['PRES', 'Presbyterian']",Pioneer,,fcs,#194896,#990134,"['http://a.espncdn.com/i/teamlogos/ncaa/500/2506.png', 'http://a.espncdn.com/i/teamlogos/ncaa/500-dark/2506.png']",@BlueHoseFtball,"{'id': 3627, 'name': 'Bailey Memorial Stadium', 'city': 'Clinton', 'state': 'SC', 'zip': '29325', 'countryCode': 'US', 'timezone': 'America/New_York', 'latitude': 34.46158, 'longitude': -81.861368, 'elevation': '194.1601868', 'capacity': 6500, 'constructionYear': 2002, 'grass': True, 'dome': False}"
597,Presentation,Presentation,PRE,"['PRE', 'Prescoll']",,,,#null,#null,"['http://a.espncdn.com/i/teamlogos/ncaa/500/597.png', 'http://a.espncdn.com/i/teamlogos/ncaa/500-dark/597.png']",,"{'id': None, 'name': None, 'city': None, 'state': None, 'zip': None, 'countryCode': None, 'timezone': None, 'latitude': None, 'longitude': None, 'elevation': None, 'capacity': None, 'constructionYear': None, 'grass': None, 'dome': None}"
163,Princeton,Tigers,PRIN,"['PRIN', 'Princeton']",Ivy,,fcs,#null,#ff6000,"['http://a.espncdn.com/i/teamlogos/ncaa/500/163.png', 'http://a.espncdn.com/i/teamlogos/ncaa/500-dark/163.png']",@PUTigerFootball,"{'id': 3881, 'name': 'Princeton University Stadium', 'city': 'Princeton', 'state': 'NJ', 'zip': '8540 ', 'countryCode': 'US', 'timezone': 'America/New_York', 'latitude': 40.3457928, 'longitude': -74.6500047, 'elevation': '32.00296402', 'capacity': 27800, 'constructionYear': 1998, 'grass': False, 'dome': False}"
363,Principia College,Panthers,PRI,"['PRI', 'Principia ']",,,,#000000,#null,"['http://a.espncdn.com/i/teamlogos/ncaa/500/363.png', 'http://a.espncdn.com/i/teamlogos/ncaa/500-dark/363.png']",,"{'id': None, 'name': None, 'city': None, 'state': None, 'zip': None, 'countryCode': None, 'timezone': None, 'latitude': None, 'longitude': None, 'elevation': None, 'capacity': None, 'constructionYear': None, 'grass': None, 'dome': None}"
1000951,Professional,,,[],,,,#null,#null,,,"{'id': None, 'name': None, 'city': None, 'state': None, 'zip': None, 'countryCode': None, 'timezone': None, 'latitude': None, 'longitude': None, 'elevation': None, 'capacity': None, 'constructionYear': None, 'grass': None, 'dome': None}"
1000950,Professional,,,[],,,,#null,#null,,,"{'id': None, 'name': None, 'city': None, 'state': None, 'zip': None, 'countryCode': None, 'timezone': None, 'latitude': None, 'longitude': None, 'elevation': None, 'capacity': None, 'constructionYear': None, 'grass': None, 'dome': None}"
2508,Puget Sound,Loggers,PUGET,"['PUGET', 'Pugetsound']",Northwest,,iii,#680001,#ffffff,"['http://a.espncdn.com/i/teamlogos/ncaa/500/2508.png', 'http://a.espncdn.com/i/teamlogos/ncaa/500-dark/2508.png']",,"{'id': 6104, 'name': 'Baker Stadium', 'city': 'Tacoma', 'state': 'WA', 'zip': '98421', 'countryCode': 'US', 'timezone': None, 'latitude': 47.2495798, 'longitude': -122.4398746, 'elevation': None, 'capacity': 3500, 'constructionYear': None, 'grass': None, 'dome': False}"
2509,Purdue,Boilermakers,PUR,"['PUR', 'Purdue']",Big Ten,,fbs,#000000,#ceb888,"['http://a.espncdn.com/i/teamlogos/ncaa/500/2509.png', 'http://a.espncdn.com/i/teamlogos/ncaa/500-dark/2509.png']",@BoilerFootball,"{'id': 3907, 'name': 'Ross-Ade Stadium', 'city': 'West Lafayette', 'state': 'IN', 'zip': '47907', 'countryCode': 'US', 'timezone': 'America/Indiana/Indianapolis', 'latitude': 40.4352253, 'longitude': -86.9186843, 'elevation': '197.5337677', 'capacity': 57282, 'constructionYear': 1924, 'grass': True, 'dome': False}"
2825,Quincy,Hawks,QUI,"['QUI', 'Quincy']",Great Lakes,,ii,#null,#null,"['http://a.espncdn.com/i/teamlogos/ncaa/500/2825.png', 'http://a.espncdn.com/i/teamlogos/ncaa/500-dark/2825.png']",,"{'id': 3723, 'name': 'QU Stadium', 'city': 'Quincy', 'state': 'IL', 'zip': '62301', 'countryCode': 'US', 'timezone': None, 'latitude': 39.9356016, 'longitude': -91.4098727, 'elevation': None, 'capacity': 3000, 'constructionYear': None, 'grass': None, 'dome': False}"
2516,Randolph-Macon,Yellow Jackets,RAN,"['RAN', 'Randmacon']",Old Dominion,,iii,#fcdf12,#000000,"['http://a.espncdn.com/i/teamlogos/ncaa/500/2516.png', 'http://a.espncdn.com/i/teamlogos/ncaa/500-dark/2516.png']",,"{'id': 6105, 'name': 'Day Field', 'city': 'Ashland', 'state': 'VA', 'zip': '23005', 'countryCode': 'US', 'timezone': None, 'latitude': 37.7594012, 'longitude': -77.4806603, 'elevation': None, 'capacity': 5000, 'constructionYear': None, 'grass': None, 'dome': False}"
111674,Reading,Golden Wolves,ALVERNIA,"['ALVERNIA', 'ALVERNIA']",Mid Atlantic,,iii,#null,#null,,,"{'id': 5791, 'name': 'Turf Field', 'city': 'Reading', 'state': 'PA', 'zip': '19501', 'countryCode': 'US', 'timezone': None, 'latitude': 40.335345, 'longitude': -75.9279495, 'elevation': None, 'capacity': 4000, 'constructionYear': None, 'grass': None, 'dome': False}"
29,Redlands,Bulldogs,RED,"['RED', 'Redlands']",So. Cal.,,iii,#751708,#ffffff,"['http://a.espncdn.com/i/teamlogos/ncaa/500/29.png', 'http://a.espncdn.com/i/teamlogos/ncaa/500-dark/29.png']",,"{'id': 6106, 'name': 'Ted Runner Stadium', 'city': 'Redlands', 'state': 'CA', 'zip': None, 'countryCode': 'US', 'timezone': None, 'latitude': 34.0550328, 'longitude': -117.1827445, 'elevation': None, 'capacity': 6750, 'constructionYear': None, 'grass': None, 'dome': False}"
2890,Reinhardt University,Eagles,REIN,"['REIN', 'Reinhardt']",,,,#null,#null,"['http://a.espncdn.com/i/teamlogos/ncaa/500/2890.png', 'http://a.espncdn.com/i/teamlogos/ncaa/500-dark/2890.png']",,"{'id': None, 'name': None, 'city': None, 'state': None, 'zip': None, 'countryCode': None, 'timezone': None, 'latitude': None, 'longitude': None, 'elevation': None, 'capacity': None, 'constructionYear': None, 'grass': None, 'dome': None}"
2528,Rensselaer,Engineers,RPI,"['RPI', 'Rensselaer']",Liberty League,,iii,#null,#null,"['http://a.espncdn.com/i/teamlogos/ncaa/500/2528.png', 'http://a.espncdn.com/i/teamlogos/ncaa/500-dark/2528.png']",,"{'id': 6107, 'name': 'ECAV Stadium', 'city': 'Troy', 'state': 'NY', 'zip': '10014', 'countryCode': 'US', 'timezone': None, 'latitude': 42.7284117, 'longitude': -73.6917878, 'elevation': None, 'capacity': 5200, 'constructionYear': None, 'grass': None, 'dome': False}"
227,Rhode Island,Rams,URI,"['URI', 'Rhode Island']",CAA,,fcs,#091f3f,#5ab3e8,"['http://a.espncdn.com/i/teamlogos/ncaa/500/227.png', 'http://a.espncdn.com/i/teamlogos/ncaa/500-dark/227.png']",@RhodyFootball,"{'id': 3824, 'name': 'Meade Stadium', 'city': 'Kingston', 'state': 'RI', 'zip': '2881 ', 'countryCode': 'US', 'timezone': 'America/New_York', 'latitude': 41.4879984, 'longitude': -71.5347458, 'elevation': '32.68801498', 'capacity': 8000, 'constructionYear': 1928, 'grass': True, 'dome': False}"
2519,Rhodes College,Lynx,RHO,"['RHO', 'Rhodes']",Southern Athletic,,iii,#null,#null,"['http://a.espncdn.com/i/teamlogos/ncaa/500/2519.png', 'http://a.espncdn.com/i/teamlogos/ncaa/500-dark/2519.png']",,"{'id': 6108, 'name': 'Crain Field', 'city': 'Memphis', 'state': 'TN', 'zip': '38112', 'countryCode': 'US', 'timezone': None, 'latitude': 35.1335022, 'longitude': -89.9668758, 'elevation': None, 'capacity': 4000, 'constructionYear': None, 'grass': None, 'dome': False}"
242,Rice,Owls,RICE,"['RICE', 'Rice']",American Athletic,,fbs,#d1d5d8,#003d7d,"['http://a.espncdn.com/i/teamlogos/ncaa/500/242.png', 'http://a.espncdn.com/i/teamlogos/ncaa/500-dark/242.png']",@RiceFootball,"{'id': 3895, 'name': 'Rice Stadium', 'city': 'Houston', 'state': 'TX', 'zip': '77251', 'countryCode': 'US', 'timezone': 'America/Chicago', 'latitude': 29.7163297, 'longitude': -95.4093261, 'elevation': '7.148301601', 'capacity': 47000, 'constructionYear': 1950, 'grass': False, 'dome': False}"
257,Richmond,Spiders,RICH,"['RICH', 'Richmond']",Patriot,,fcs,#9e0712,#b90b2e,"['http://a.espncdn.com/i/teamlogos/ncaa/500/257.png', 'http://a.espncdn.com/i/teamlogos/ncaa/500-dark/257.png']",@SpiderFootball,"{'id': 2068, 'name': 'E. Claiborne Robins Stadium', 'city': 'Richmond', 'state': 'VA', 'zip': '23173', 'countryCode': 'US', 'timezone': 'America/New_York', 'latitude': 37.5807765, 'longitude': -77.5372211, 'elevation': '60.03879166', 'capacity': 8217, 'constructionYear': 2010, 'grass': False, 'dome': False}"
2891,Ripon,Red Hawks,RIP,"['RIP', 'Ripon']",Midwest,,iii,#null,#null,"['http://a.espncdn.com/i/teamlogos/ncaa/500/2891.png', 'http://a.espncdn.com/i/teamlogos/ncaa/500-dark/2891.png']",,"{'id': 6109, 'name': 'Ingalls Field', 'city': 'Ripon', 'state': 'WI', 'zip': '54971', 'countryCode': 'US', 'timezone': None, 'latitude': 43.8424502, 'longitude': -88.8372972, 'elevation': None, 'capacity': 3500, 'constructionYear': None, 'grass': None, 'dome': False}"
1000996,Riverside C.C.,,,[],,,,#null,#null,,,"{'id': None, 'name': None, 'city': None, 'state': None, 'zip': None, 'countryCode': None, 'timezone': None, 'latitude': None, 'longitude': None, 'elevation': None, 'capacity': None, 'constructionYear': None, 'grass': None, 'dome': None}"
131109,Roanoke College,Maroons,ROA,"['ROA', 'Roanoke Colleg']",,,,#null,#null,,,"{'id': None, 'name': None, 'city': None, 'state': None, 'zip': None, 'countryCode': None, 'timezone': None, 'latitude': None, 'longitude': None, 'elevation': None, 'capacity': None, 'constructionYear': None, 'grass': None, 'dome': None}"
2523,Robert Morris,Colonials,RMU,"['RMU', 'Robert Morris']",NEC,,fcs,#00214D,#a21d2b,"['http://a.espncdn.com/i/teamlogos/ncaa/500/2523.png', 'http://a.espncdn.com/i/teamlogos/ncaa/500-dark/2523.png']",@RMUFootball,"{'id': 3777, 'name': 'Joe Walton Stadium', 'city': 'Moon Township', 'state': 'PA', 'zip': '15108', 'countryCode': 'US', 'timezone': 'America/New_York', 'latitude': 40.521046, 'longitude': -80.2159227, 'elevation': '351.4482422', 'capacity': 3000, 'constructionYear': 2005, 'grass': False, 'dome': False}"
599,Robert Morris University-Illinois,Lakers,ROOSE,"['ROOSE', 'Rob Mor IL']",,,,#null,#null,"['http://a.espncdn.com/i/teamlogos/ncaa/500/599.png', 'http://a.espncdn.com/i/teamlogos/ncaa/500-dark/599.png']",,"{'id': None, 'name': None, 'city': None, 'state': None, 'zip': None, 'countryCode': None, 'timezone': None, 'latitude': None, 'longitude': None, 'elevation': None, 'capacity': None, 'constructionYear': None, 'grass': None, 'dome': None}"
2524,Rockford,Regents,ROCKF,"['ROCKF', 'Rockford']",NACC,,iii,#5a3f99,#c4c6c8,"['http://a.espncdn.com/i/teamlogos/ncaa/500/2524.png', 'http://a.espncdn.com/i/teamlogos/ncaa/500-dark/2524.png']",,"{'id': 6110, 'name': 'Sam Greeley Field', 'city': 'Rockford', 'state': 'IL', 'zip': '61104', 'countryCode': 'US', 'timezone': None, 'latitude': 42.2713945, 'longitude': -89.093966, 'elevation': None, 'capacity': 1000, 'constructionYear': None, 'grass': None, 'dome': False}"
127991,Roosevelt,Lakers,ROO,"['ROO', 'Roosevelt']",GLIAC,,ii,#null,#null,,,"{'id': 3844, 'name': 'Morris Field', 'city': 'Chicago', 'state': 'IL', 'zip': None, 'countryCode': 'US', 'timezone': None, 'latitude': None, 'longitude': None, 'elevation': None, 'capacity': None, 'constructionYear': None, 'grass': None, 'dome': True}"
86,Rose-Hulman,Fightin' Engineers,ROSEHUL,"['ROSEHUL', 'Rosehulman']",Heartland,,iii,#800000,#b3b2b1,"['http://a.espncdn.com/i/teamlogos/ncaa/500/86.png', 'http://a.espncdn.com/i/teamlogos/ncaa/500-dark/86.png']",,"{'id': 6111, 'name': 'Cook Stadium', 'city': 'Terre Haute', 'state': 'IN', 'zip': '47809', 'countryCode': 'US', 'timezone': None, 'latitude': 39.4667025, 'longitude': -87.4139119, 'elevation': None, 'capacity': 2500, 'constructionYear': None, 'grass': None, 'dome': False}"
2827,Rowan,Profs,ROW,"['ROW', 'Rowan']",New Jersey,,iii,#571b04,#ffcf06,"['http://a.espncdn.com/i/teamlogos/ncaa/500/2827.png', 'http://a.espncdn.com/i/teamlogos/ncaa/500-dark/2827.png']",,"{'id': 6112, 'name': 'Richard Wackar Stadium', 'city': 'Glassboro', 'state': 'NJ', 'zip': None, 'countryCode': 'US', 'timezone': None, 'latitude': 39.7027677, 'longitude': -75.1119434, 'elevation': None, 'capacity': 5000, 'constructionYear': None, 'grass': None, 'dome': False}"
164,Rutgers,Scarlet Knights,RUTG,"['RUTG', 'Rutgers']",Big Ten,,fbs,#d21034,#ffffff,"['http://a.espncdn.com/i/teamlogos/ncaa/500/164.png', 'http://a.espncdn.com/i/teamlogos/ncaa/500-dark/164.png']",@Rfootball,"{'id': 6577, 'name': 'SHI Stadium', 'city': 'Piscataway', 'state': 'NJ', 'zip': '08854', 'countryCode': 'US', 'timezone': None, 'latitude': 40.5462553, 'longitude': -74.4660408, 'elevation': None, 'capacity': 52454, 'constructionYear': None, 'grass': False, 'dome': False}"
16,Sacramento State,Hornets,SAC,"['Cal State Sacramento', 'SAC', 'Sacramento St']",Mid-American,,fbs,#00573C,#cdb97d,"['http://a.espncdn.com/i/teamlogos/ncaa/500/16.png', 'http://a.espncdn.com/i/teamlogos/ncaa/500-dark/16.png']",@SacHornetsFB,"{'id': 3757, 'name': 'Hornet Stadium', 'city': 'Sacramento', 'state': 'CA', 'zip': '95819', 'countryCode': 'US', 'timezone': 'America/Los_Angeles', 'latitude': 38.5556718, 'longitude': -121.4229607, 'elevation': '12.30015659', 'capacity': 21195, 'constructionYear': 1969, 'grass': False, 'dome': False}"
2529,Sacred Heart,Pioneers,SHU,"['SHU', 'Sacred Heart']",FCS Independents,,fcs,#a40012,#c29472,"['http://a.espncdn.com/i/teamlogos/ncaa/500/2529.png', 'http://a.espncdn.com/i/teamlogos/ncaa/500-dark/2529.png']",@SHU__Football,"{'id': 3668, 'name': 'Campus Field', 'city': 'Fairfield', 'state': 'CT', 'zip': '6825 ', 'countryCode': 'US', 'timezone': 'America/New_York', 'latitude': 41.2212488, 'longitude': -73.2417431, 'elevation': '82.02420044', 'capacity': 3334, 'constructionYear': 1993, 'grass': False, 'dome': False}"
1001047,Saddleback College,,,[],,,,#null,#null,,,"{'id': None, 'name': None, 'city': None, 'state': None, 'zip': None, 'countryCode': None, 'timezone': None, 'latitude': None, 'longitude': None, 'elevation': None, 'capacity': None, 'constructionYear': None, 'grass': None, 'dome': None}"
129,Saginaw Valley State,Cardinals,SAGI,"['Saginaw Valley State', 'SAGI', 'Saginawval']",GLIAC,,ii,#null,#null,"['http://a.espncdn.com/i/teamlogos/ncaa/500/129.png', 'http://a.espncdn.com/i/teamlogos/ncaa/500-dark/129.png']",,"{'id': 3885, 'name': 'Harvey Randall Wickes Memorial Stadium', 'city': 'University Center', 'state': 'MI', 'zip': '48915', 'countryCode': 'US', 'timezone': None, 'latitude': 25.71414555, 'longitude': -80.27640498387049, 'elevation': None, 'capacity': 6800, 'constructionYear': None, 'grass': None, 'dome': False}"
1001003,Saint Anselm,,,[],,,,#null,#null,,,"{'id': None, 'name': None, 'city': None, 'state': None, 'zip': None, 'countryCode': None, 'timezone': None, 'latitude': None, 'longitude': None, 'elevation': None, 'capacity': None, 'constructionYear': None, 'grass': None, 'dome': None}"
1001019,Saint Francis,,,[],,,,#null,#null,,,"{'id': None, 'name': None, 'city': None, 'state': None, 'zip': None, 'countryCode': None, 'timezone': None, 'latitude': None, 'longitude': None, 'elevation': None, 'capacity': None, 'constructionYear': None, 'grass': None, 'dome': None}"
1000983,Saint Francis (PA),,,[],,,,#null,#null,,,"{'id': None, 'name': None, 'city': None, 'state': None, 'zip': None, 'countryCode': None, 'timezone': None, 'latitude': None, 'longitude': None, 'elevation': None, 'capacity': None, 'constructionYear': None, 'grass': None, 'dome': None}"
2600,Saint John's (MN),Johnnies,ST. J,"[""St. John's"", 'ST. J', ""St John's (MN)""]",Minnesota,,iii,#ce153e,#7baed5,"['http://a.espncdn.com/i/teamlogos/ncaa/500/2600.png', 'http://a.espncdn.com/i/teamlogos/ncaa/500-dark/2600.png']",,"{'id': 5117, 'name': 'Clemens Stadium', 'city': 'Collegeville', 'state': 'MN', 'zip': '56321', 'countryCode': 'US', 'timezone': None, 'latitude': 45.5944117, 'longitude': -94.3622868, 'elevation': None, 'capacity': 7482, 'constructionYear': None, 'grass': None, 'dome': False}"
2614,Saint Vincent,Bearcats,STV,"['STV', 'Saint Vincent']",Presidents',,iii,#null,#null,"['http://a.espncdn.com/i/teamlogos/ncaa/500/2614.png', 'http://a.espncdn.com/i/teamlogos/ncaa/500-dark/2614.png']",,"{'id': 3677, 'name': 'Chuck Noll Field', 'city': 'Latrobe', 'state': 'PA', 'zip': '15650', 'countryCode': 'US', 'timezone': None, 'latitude': 40.317287, 'longitude': -79.3840301, 'elevation': None, 'capacity': 1050, 'constructionYear': None, 'grass': None, 'dome': False}"
130180,Saint Xavier (IL),Cougars,,[],,,,#null,#null,,,"{'id': None, 'name': None, 'city': None, 'state': None, 'zip': None, 'countryCode': None, 'timezone': None, 'latitude': None, 'longitude': None, 'elevation': None, 'capacity': None, 'constructionYear': None, 'grass': None, 'dome': None}"
2532,Salisbury,Sea Gulls,SALIS,"['SALIS', 'Salisbury']",New Jersey,,iii,#8b0e04,#fdb913,"['http://a.espncdn.com/i/teamlogos/ncaa/500/2532.png', 'http://a.espncdn.com/i/teamlogos/ncaa/500-dark/2532.png']",,"{'id': 6114, 'name': 'Sea Gull Stadium', 'city': 'Salisbury', 'state': 'MD', 'zip': '21803', 'countryCode': 'US', 'timezone': None, 'latitude': 38.366027, 'longitude': -75.6009964, 'elevation': None, 'capacity': 5000, 'constructionYear': None, 'grass': None, 'dome': False}"
1001071,Salisbury University,,,[],,,,#null,#null,,,"{'id': None, 'name': None, 'city': None, 'state': None, 'zip': None, 'countryCode': None, 'timezone': None, 'latitude': None, 'longitude': None, 'elevation': None, 'capacity': None, 'constructionYear': None, 'grass': None, 'dome': None}"
2776,Salve Regina,Seahawks,SALVE,"['SALVE', 'Salvregina']",NEWMAC,,iii,#null,#null,"['http://a.espncdn.com/i/teamlogos/ncaa/500/2776.png', 'http://a.espncdn.com/i/teamlogos/ncaa/500-dark/2776.png']",,"{'id': 6115, 'name': 'Toppa Field', 'city': 'Newport', 'state': 'RI', 'zip': None, 'countryCode': 'US', 'timezone': None, 'latitude': 41.4899827, 'longitude': -71.3137707, 'elevation': None, 'capacity': 2500, 'constructionYear': None, 'grass': None, 'dome': False}"
2535,Samford,Bulldogs,SAM,"['SAM', 'Samford']",Southern,,fcs,#005485,#bc0023,"['http://a.espncdn.com/i/teamlogos/ncaa/500/2535.png', 'http://a.espncdn.com/i/teamlogos/ncaa/500-dark/2535.png']",@SamfordFootball,"{'id': 3925, 'name': 'Seibert Stadium', 'city': 'Homewood', 'state': 'AL', 'zip': '35229', 'countryCode': 'US', 'timezone': 'America/Chicago', 'latitude': 33.463273, 'longitude': -86.795326, 'elevation': '208.0207825', 'capacity': 6700, 'constructionYear': 1958, 'grass': False, 'dome': False}"
2534,Sam Houston,Bearkats,SHSU,"['Sam Houston State', 'SHSU', 'Sam Houston']",Conference USA,,fbs,#fe5000,#000000,"['http://a.espncdn.com/i/teamlogos/ncaa/500/2534.png', 'http://a.espncdn.com/i/teamlogos/ncaa/500-dark/2534.png']",@BearkatsFB,"{'id': 3647, 'name': 'Elliott T. Bowers Stadium', 'city': 'Huntsville', 'state': 'TX', 'zip': '77340', 'countryCode': 'US', 'timezone': 'America/Chicago', 'latitude': 30.713926, 'longitude': -95.5419802, 'elevation': '127.6225204', 'capacity': 14000, 'constructionYear': 1986, 'grass': False, 'dome': False}"
301,San Diego,Toreros,USD,"['USD', 'San Diego']",Pioneer,,fcs,#2f99d4,#2f99d4,"['http://a.espncdn.com/i/teamlogos/ncaa/500/301.png', 'http://a.espncdn.com/i/teamlogos/ncaa/500-dark/301.png']",@USDFootball,"{'id': 716, 'name': 'Torero Stadium', 'city': 'San Diego', 'state': 'CA', 'zip': '92111', 'countryCode': 'US', 'timezone': 'America/Los_Angeles', 'latitude': 32.7730674, 'longitude': -117.183721, 'elevation': '57.95064545', 'capacity': 6000, 'constructionYear': 1961, 'grass': True, 'dome': False}"
21,San Diego State,Aztecs,SDSU,"['SDSU', 'San Diego St']",Pac-12,,fbs,#c41230,#000000,"['http://a.espncdn.com/i/teamlogos/ncaa/500/21.png', 'http://a.espncdn.com/i/teamlogos/ncaa/500-dark/21.png']",@AztecFB,"{'id': 7311, 'name': 'Snapdragon Stadium', 'city': 'San Diego', 'state': 'CA', 'zip': '92093', 'countryCode': 'US', 'timezone': 'America/Los_Angeles', 'latitude': 32.784444, 'longitude': -117.122833, 'elevation': '62', 'capacity': 35000, 'constructionYear': 2022, 'grass': True, 'dome': False}"
23,San José State,Spartans,SJSU,"['San Jose St.', 'SJSU', 'San José St']",Mountain West,,fbs,#005893,#fdba31,"['http://a.espncdn.com/i/teamlogos/ncaa/500/23.png', 'http://a.espncdn.com/i/teamlogos/ncaa/500-dark/23.png']",@SanJoseStateFB,"{'id': 3935, 'name': 'CEFCU Stadium', 'city': 'San Jose', 'state': 'CA', 'zip': '95112', 'countryCode': 'US', 'timezone': 'America/Los_Angeles', 'latitude': 37.3196675, 'longitude': -121.8682962, 'elevation': '28.30708694', 'capacity': 30456, 'constructionYear': 1933, 'grass': False, 'dome': False}"
1000946,Santa Rosa J.C.,,,[],,,,#null,#null,,,"{'id': None, 'name': None, 'city': None, 'state': None, 'zip': None, 'countryCode': None, 'timezone': None, 'latitude': None, 'longitude': None, 'elevation': None, 'capacity': None, 'constructionYear': None, 'grass': None, 'dome': None}"
2542,Savannah St,Tigers,SAV,"['SAV', 'Savannah St']",SIAC,,ii,#280298,#f78f1e,"['http://a.espncdn.com/i/teamlogos/ncaa/500/2542.png', 'http://a.espncdn.com/i/teamlogos/ncaa/500-dark/2542.png']",,"{'id': 3952, 'name': 'Ted Wright Stadium', 'city': 'Savannah', 'state': 'GA', 'zip': '31404', 'countryCode': 'US', 'timezone': 'America/New_York', 'latitude': 32.0274346, 'longitude': -81.0687492, 'elevation': '6.564679146', 'capacity': 7500, 'constructionYear': 1967, 'grass': False, 'dome': False}"
2545,SE Louisiana,Lions,SELA,"['Southeast Louisiana', 'SELA', 'SE Louisiana']",Southland,,fcs,#215732,#ffc72c,"['http://a.espncdn.com/i/teamlogos/ncaa/500/2545.png', 'http://a.espncdn.com/i/teamlogos/ncaa/500-dark/2545.png']",@SLUFootball,"{'id': 3944, 'name': 'Strawberry Stadium', 'city': 'Hammond', 'state': 'LA', 'zip': '70401', 'countryCode': 'US', 'timezone': 'America/Chicago', 'latitude': 30.5110264, 'longitude': -90.4685792, 'elevation': '13.7104578', 'capacity': 7408, 'constructionYear': 1936, 'grass': False, 'dome': False}"
611,Seton Hill,Griffins,SETONHILL,"['SETONHILL', 'Seton Hill']",Pennsylvania State Athletic,Western,ii,#null,#null,"['http://a.espncdn.com/i/teamlogos/ncaa/500/611.png', 'http://a.espncdn.com/i/teamlogos/ncaa/500-dark/611.png']",,"{'id': 3859, 'name': 'Offutt Field', 'city': 'Greensburg', 'state': 'PA', 'zip': '15601', 'countryCode': 'US', 'timezone': None, 'latitude': 40.3014581, 'longitude': -79.5389289, 'elevation': None, 'capacity': 5000, 'constructionYear': None, 'grass': None, 'dome': False}"
2553,Sewanee,Tigers,SEWAN,"['Sewanee', 'SEWAN', 'Sewanee']",Southern Athletic,,iii,#null,#null,"['http://a.espncdn.com/i/teamlogos/ncaa/500/2553.png', 'http://a.espncdn.com/i/teamlogos/ncaa/500-dark/2553.png']",,"{'id': 3823, 'name': 'Hardee-McGee Field', 'city': 'Sewanee', 'state': 'TN', 'zip': '37383', 'countryCode': 'US', 'timezone': None, 'latitude': 35.200644, 'longitude': -85.91952368522726, 'elevation': None, 'capacity': 3000, 'constructionYear': None, 'grass': None, 'dome': False}"
2551,Shaw,Bears,SHAW,"['SHAW', 'Shaw']",CIAA,Southern,ii,#null,#null,"['http://a.espncdn.com/i/teamlogos/ncaa/500/2551.png', 'http://a.espncdn.com/i/teamlogos/ncaa/500-dark/2551.png']",,"{'id': 6068, 'name': 'George Williams Athletic Complex', 'city': 'Raleigh', 'state': 'NC', 'zip': '27601', 'countryCode': 'US', 'timezone': None, 'latitude': 35.7803977, 'longitude': -78.6390989, 'elevation': None, 'capacity': 2500, 'constructionYear': None, 'grass': None, 'dome': False}"
2828,Shenandoah,Hornets,SHENAN,"['SHENAN', 'Shenandoah']",Old Dominion,,iii,#null,#null,"['http://a.espncdn.com/i/teamlogos/ncaa/500/2828.png', 'http://a.espncdn.com/i/teamlogos/ncaa/500-dark/2828.png']",,"{'id': 6116, 'name': 'Shentel Stadium', 'city': 'Winchester', 'state': 'VA', 'zip': '22602', 'countryCode': 'US', 'timezone': None, 'latitude': 39.1852184, 'longitude': -78.1652404, 'elevation': None, 'capacity': 3000, 'constructionYear': None, 'grass': None, 'dome': False}"
2974,Shepherd,Rams,SHE,"['SHE', 'Shepherd']",Pennsylvania State Athletic,Eastern,ii,#null,#null,"['http://a.espncdn.com/i/teamlogos/ncaa/500/2974.png', 'http://a.espncdn.com/i/teamlogos/ncaa/500-dark/2974.png']",,"{'id': 5133, 'name': 'Ram Stadium (WV)', 'city': 'Shepherdstown', 'state': 'WV', 'zip': '25443', 'countryCode': 'US', 'timezone': None, 'latitude': 39.4300996, 'longitude': -77.804161, 'elevation': None, 'capacity': 5000, 'constructionYear': None, 'grass': None, 'dome': False}"
3181,Shepherd Tech,Eagles,STC,"['STC', 'Shepherd Tech']",,,,#000000,#null,"['http://a.espncdn.com/i/teamlogos/ncaa/500/3181.png', 'http://a.espncdn.com/i/teamlogos/ncaa/500-dark/3181.png']",,"{'id': None, 'name': None, 'city': None, 'state': None, 'zip': None, 'countryCode': None, 'timezone': None, 'latitude': None, 'longitude': None, 'elevation': None, 'capacity': None, 'constructionYear': None, 'grass': None, 'dome': None}"
1001037,Shepherd University,,,[],,,,#null,#null,,,"{'id': None, 'name': None, 'city': None, 'state': None, 'zip': None, 'countryCode': None, 'timezone': None, 'latitude': None, 'longitude': None, 'elevation': None, 'capacity': None, 'constructionYear': None, 'grass': None, 'dome': None}"
2559,Shippensburg,Raiders,SHPSBRG,"['SHPSBRG', 'Shipnsburg']",Pennsylvania State Athletic,Eastern,ii,#null,#null,"['http://a.espncdn.com/i/teamlogos/ncaa/500/2559.png', 'http://a.espncdn.com/i/teamlogos/ncaa/500-dark/2559.png']",,"{'id': 4429, 'name': 'Seth Grove Stadium', 'city': 'Shippensburg', 'state': 'PA', 'zip': '17257', 'countryCode': 'US', 'timezone': None, 'latitude': 40.0507198, 'longitude': -77.5205485, 'elevation': None, 'capacity': 7700, 'constructionYear': None, 'grass': None, 'dome': False}"
1001001,Shippensburg University,,,[],,,,#null,#null,,,"{'id': None, 'name': None, 'city': None, 'state': None, 'zip': None, 'countryCode': None, 'timezone': None, 'latitude': None, 'longitude': None, 'elevation': None, 'capacity': None, 'constructionYear': None, 'grass': None, 'dome': None}"
2561,Siena,Saints,SIE,"['SIE', 'Siena']",,,,#null,#null,,,"{'id': None, 'name': None, 'city': None, 'state': None, 'zip': None, 'countryCode': None, 'timezone': None, 'latitude': None, 'longitude': None, 'elevation': None, 'capacity': None, 'constructionYear': None, 'grass': None, 'dome': None}"
1001063,Siena Heights,,,[],,,,#null,#null,,,"{'id': None, 'name': None, 'city': None, 'state': None, 'zip': None, 'countryCode': None, 'timezone': None, 'latitude': None, 'longitude': None, 'elevation': None, 'capacity': None, 'constructionYear': None, 'grass': None, 'dome': None}"
2829,Simon Fraser,Clansmen,SIM,"['SIM', 'Simon Fraser']",Lone Star,,ii,#000000,#null,"['http://a.espncdn.com/i/teamlogos/ncaa/500/2829.png', 'http://a.espncdn.com/i/teamlogos/ncaa/500-dark/2829.png']",,"{'id': 3728, 'name': 'Terry Fox Field', 'city': 'Burnaby', 'state': 'BC', 'zip': '27616', 'countryCode': 'US', 'timezone': None, 'latitude': 35.895335, 'longitude': -78.515105, 'elevation': None, 'capacity': 2500, 'constructionYear': None, 'grass': None, 'dome': False}"
1001077,Simpson College,,,[],,,,#null,#null,,,"{'id': None, 'name': None, 'city': None, 'state': None, 'zip': None, 'countryCode': None, 'timezone': None, 'latitude': None, 'longitude': None, 'elevation': None, 'capacity': None, 'constructionYear': None, 'grass': None, 'dome': None}"
2564,Simpson College (IA),Storm,SIMPS,"['Simpson', 'SIMPS', 'Simpson']",American Rivers,,iii,#b20838,#f0b310,"['http://a.espncdn.com/i/teamlogos/ncaa/500/2564.png', 'http://a.espncdn.com/i/teamlogos/ncaa/500-dark/2564.png']",,"{'id': 3635, 'name': 'Bill Buxton Stadium', 'city': 'Indianola', 'state': 'IA', 'zip': '50125', 'countryCode': 'US', 'timezone': None, 'latitude': 41.3604966, 'longitude': -93.5613292, 'elevation': None, 'capacity': 5000, 'constructionYear': None, 'grass': None, 'dome': False}"
129758,Simpson University (Ca),Simpuca,,['Simpson University (Ca)'],,,,#null,#null,,,"{'id': None, 'name': None, 'city': None, 'state': None, 'zip': None, 'countryCode': None, 'timezone': None, 'latitude': None, 'longitude': None, 'elevation': None, 'capacity': None, 'constructionYear': None, 'grass': None, 'dome': None}"
215,Slippery Rock,The Rock,SRU,"['SRU', 'Sliprock']",Pennsylvania State Athletic,Western,ii,#null,#null,"['http://a.espncdn.com/i/teamlogos/ncaa/500/215.png', 'http://a.espncdn.com/i/teamlogos/ncaa/500-dark/215.png']",,"{'id': 4430, 'name': 'Mihalik-Thompson Stadium', 'city': 'Slippery Rock', 'state': 'PA', 'zip': None, 'countryCode': 'US', 'timezone': None, 'latitude': 41.0639506, 'longitude': -80.0564468, 'elevation': None, 'capacity': 10000, 'constructionYear': None, 'grass': None, 'dome': False}"
2567,SMU,Mustangs,SMU,"['Southern Methodist', 'SMU', 'SMU']",ACC,,fbs,#354ca1,#cc0035,"['http://a.espncdn.com/i/teamlogos/ncaa/500/2567.png', 'http://a.espncdn.com/i/teamlogos/ncaa/500-dark/2567.png']",@SMUFB,"{'id': 3735, 'name': 'Gerald J. Ford Stadium', 'city': 'University Park', 'state': 'TX', 'zip': '75275', 'countryCode': 'US', 'timezone': 'America/Chicago', 'latitude': 32.8377223, 'longitude': -96.7827859, 'elevation': '169.4058075', 'capacity': 32000, 'constructionYear': 2000, 'grass': False, 'dome': False}"
1000941,Snow College,,,[],,,,#null,#null,,,"{'id': None, 'name': None, 'city': None, 'state': None, 'zip': None, 'countryCode': None, 'timezone': None, 'latitude': None, 'longitude': None, 'elevation': None, 'capacity': None, 'constructionYear': None, 'grass': None, 'dome': None}"
3144,SOUTH,All-Stars,SOU,"['SOU', 'SOUTH']",,,,#000000,#null,,,"{'id': None, 'name': None, 'city': None, 'state': None, 'zip': None, 'countryCode': None, 'timezone': None, 'latitude': None, 'longitude': None, 'elevation': None, 'capacity': None, 'constructionYear': None, 'grass': None, 'dome': None}"
6,South Alabama,Jaguars,USA,"['USA', 'South Alabama']",Sun Belt,West,fbs,#00205B,#BF0D3E,"['http://a.espncdn.com/i/teamlogos/ncaa/500/6.png', 'http://a.espncdn.com/i/teamlogos/ncaa/500-dark/6.png']",@SouthAlabamaFB,"{'id': 6526, 'name': 'Hancock Whitney Stadium', 'city': 'Mobile', 'state': 'AL', 'zip': '85329', 'countryCode': 'US', 'timezone': None, 'latitude': 30.6943566, 'longitude': -88.0430541, 'elevation': None, 'capacity': 25450, 'constructionYear': None, 'grass': False, 'dome': False}"
2579,South Carolina,Gamecocks,SC,"['SC', 'South Carolina']",SEC,,fbs,#73000a,#ffffff,"['http://a.espncdn.com/i/teamlogos/ncaa/500/2579.png', 'http://a.espncdn.com/i/teamlogos/ncaa/500-dark/2579.png']",@GamecockFB,"{'id': 3994, 'name': 'Williams-Brice Stadium', 'city': 'Columbia', 'state': 'SC', 'zip': '29208', 'countryCode': 'US', 'timezone': 'America/New_York', 'latitude': 33.9730239, 'longitude': -81.0191726, 'elevation': '60.54548645', 'capacity': 80250, 'constructionYear': 1934, 'grass': True, 'dome': False}"
2569,South Carolina State,Bulldogs,SCST,"['SCST', 'SC State']",MEAC,,fcs,#7d1315,#104897,"['http://a.espncdn.com/i/teamlogos/ncaa/500/2569.png', 'http://a.espncdn.com/i/teamlogos/ncaa/500-dark/2569.png']",@SCState_FB,"{'id': 3864, 'name': 'Oliver C. Dawson Stadium', 'city': 'Orangeburg', 'state': 'SC', 'zip': '29115', 'countryCode': 'US', 'timezone': 'America/New_York', 'latitude': 33.4986313, 'longitude': -80.8446857, 'elevation': '67.29846191', 'capacity': 22000, 'constructionYear': 1955, 'grass': False, 'dome': False}"
233,South Dakota,Coyotes,SDAK,"['SDAK', 'South Dakota']",MVFC,,fcs,#CD1241,#f0f0f0,"['http://a.espncdn.com/i/teamlogos/ncaa/500/233.png', 'http://a.espncdn.com/i/teamlogos/ncaa/500-dark/233.png']",@SDCoyotesFB,"{'id': 1905, 'name': 'DakotaDome', 'city': 'Vermillion', 'state': 'SD', 'zip': '57069', 'countryCode': 'US', 'timezone': 'America/Chicago', 'latitude': 42.7911218, 'longitude': -96.9278427, 'elevation': '373.3928833', 'capacity': 9100, 'constructionYear': 1979, 'grass': False, 'dome': True}"
613,South Dakota Mines,Hardrockers,SDMT,"['SDMT', 'SD Mines']",Rocky Mountain,,ii,#null,#null,"['http://a.espncdn.com/i/teamlogos/ncaa/500/613.png', 'http://a.espncdn.com/i/teamlogos/ncaa/500-dark/613.png']",,"{'id': 3860, 'name': ""O'Harra Stadium"", 'city': 'Rapid City', 'state': 'SD', 'zip': '57701', 'countryCode': 'US', 'timezone': None, 'latitude': 44.0869329, 'longitude': -103.2274481, 'elevation': None, 'capacity': 4000, 'constructionYear': None, 'grass': None, 'dome': False}"
2571,South Dakota State,Jackrabbits,SDST,"['SDST', 'S Dakota St']",MVFC,,fcs,#0033a0,#ffd100,"['http://a.espncdn.com/i/teamlogos/ncaa/500/2571.png', 'http://a.espncdn.com/i/teamlogos/ncaa/500-dark/2571.png']",@GoJacksFB,"{'id': 5237, 'name': 'Dana J. Dykhouse Stadium', 'city': 'Brookings', 'state': 'SD', 'zip': '57006', 'countryCode': 'US', 'timezone': 'America/Chicago', 'latitude': 44.3210182, 'longitude': -96.7801386, 'elevation': '495.7769775', 'capacity': 19340, 'constructionYear': 2016, 'grass': False, 'dome': False}"
1001028,Southeastern Louisiana,,,[],,,,#null,#null,,,"{'id': None, 'name': None, 'city': None, 'state': None, 'zip': None, 'countryCode': None, 'timezone': None, 'latitude': None, 'longitude': None, 'elevation': None, 'capacity': None, 'constructionYear': None, 'grass': None, 'dome': None}"
199,Southeastern Oklahoma State,Savage Storm,SEOS,"['Southeastern Oklahoma State', 'SEOS', 'SE OK ST']",Great American,,ii,#null,#null,"['http://a.espncdn.com/i/teamlogos/ncaa/500/199.png', 'http://a.espncdn.com/i/teamlogos/ncaa/500-dark/199.png']",,"{'id': 3875, 'name': 'Paul Laird Field', 'city': 'Durant', 'state': 'OK', 'zip': '74701', 'countryCode': 'US', 'timezone': None, 'latitude': 33.9919761, 'longitude': -96.3776762, 'elevation': None, 'capacity': 4100, 'constructionYear': None, 'grass': None, 'dome': False}"
2546,Southeast Missouri State,Redhawks,SEMO,"['Southeast Missouri', 'SEMO', 'SE Missouri']",Big South-OVC,,fcs,#c8102e,#000000,"['http://a.espncdn.com/i/teamlogos/ncaa/500/2546.png', 'http://a.espncdn.com/i/teamlogos/ncaa/500-dark/2546.png']",@SEMOFootball,"{'id': 7003, 'name': 'Houck Field', 'city': 'Cape Girardeau', 'state': 'MO', 'zip': '63703', 'countryCode': 'US', 'timezone': None, 'latitude': 37.3034933, 'longitude': -89.5230357, 'elevation': None, 'capacity': 10000, 'constructionYear': None, 'grass': None, 'dome': False}"
1001007,Southeast Oklahoma State,,,[],,,,#null,#null,,,"{'id': None, 'name': None, 'city': None, 'state': None, 'zip': None, 'countryCode': None, 'timezone': None, 'latitude': None, 'longitude': None, 'elevation': None, 'capacity': None, 'constructionYear': None, 'grass': None, 'dome': None}"
2582,Southern,Jaguars,SOU,"['SOU', 'Southern']",SWAC,West,fcs,#004B97,#ffc82d,"['http://a.espncdn.com/i/teamlogos/ncaa/500/2582.png', 'http://a.espncdn.com/i/teamlogos/ncaa/500-dark/2582.png']",@SouthernUsports,"{'id': 3599, 'name': 'Ace W. Mumford Stadium', 'city': 'Baton Rouge', 'state': 'LA', 'zip': '70807', 'countryCode': 'US', 'timezone': 'America/Chicago', 'latitude': 30.5221461, 'longitude': -91.1896087, 'elevation': '20.24213219', 'capacity': 28500, 'constructionYear': 1928, 'grass': False, 'dome': False}"
2568,Southern Arkansas,Muleriders,SOU,"['SOU', 'S Ark']",Great American,,ii,#null,#null,"['http://a.espncdn.com/i/teamlogos/ncaa/500/2568.png', 'http://a.espncdn.com/i/teamlogos/ncaa/500-dark/2568.png']",,"{'id': 5891, 'name': 'Wilkins Stadium', 'city': 'Magnolia', 'state': 'AR', 'zip': '71754', 'countryCode': 'US', 'timezone': None, 'latitude': 33.2670725, 'longitude': -93.2393341, 'elevation': None, 'capacity': 6000, 'constructionYear': None, 'grass': None, 'dome': False}"
2583,Southern Connecticut State,Owls,SOU,"['SOU', 'S Conn St']",Northeast 10,,ii,#null,#null,"['http://a.espncdn.com/i/teamlogos/ncaa/500/2583.png', 'http://a.espncdn.com/i/teamlogos/ncaa/500-dark/2583.png']",,"{'id': 6071, 'name': 'Jess Dow Field', 'city': 'New Haven', 'state': 'CT', 'zip': '06473', 'countryCode': 'US', 'timezone': None, 'latitude': 41.3082138, 'longitude': -72.9250518, 'elevation': None, 'capacity': 6000, 'constructionYear': None, 'grass': None, 'dome': False}"
79,Southern Illinois,Salukis,SIU,"['SIU', 'S Illinois']",MVFC,,fcs,#85283D,#c2c3c0,"['http://a.espncdn.com/i/teamlogos/ncaa/500/79.png', 'http://a.espncdn.com/i/teamlogos/ncaa/500-dark/79.png']",@SIU_Football,"{'id': 3913, 'name': 'Saluki Stadium', 'city': 'Carbondale', 'state': 'IL', 'zip': '62901', 'countryCode': 'US', 'timezone': 'America/Chicago', 'latitude': 37.708637, 'longitude': -89.216212, 'elevation': '126.7586365', 'capacity': 15000, 'constructionYear': 2010, 'grass': False, 'dome': False}"
2572,Southern Miss,Golden Eagles,USM,"['Southern Mississippi', 'USM', 'Southern Miss']",Sun Belt,West,fbs,#FFAA3C,#ffc423,"['http://a.espncdn.com/i/teamlogos/ncaa/500/2572.png', 'http://a.espncdn.com/i/teamlogos/ncaa/500-dark/2572.png']",@SouthernMissFB,"{'id': 3815, 'name': 'M. M. Roberts Stadium', 'city': 'Hattiesburg', 'state': 'MS', 'zip': '39402', 'countryCode': 'US', 'timezone': 'America/Chicago', 'latitude': 31.3289321, 'longitude': -89.3318118, 'elevation': '64.52726746', 'capacity': 36000, 'constructionYear': 1932, 'grass': False, 'dome': False}"
200,Southern Nazarene,Crimson Storm,STN,"['STN', 'S Nazarene']",Great American,,ii,#null,#null,"['http://a.espncdn.com/i/teamlogos/ncaa/500/200.png', 'http://a.espncdn.com/i/teamlogos/ncaa/500-dark/200.png']",,"{'id': 3934, 'name': 'Southern Nazarene University Football Stadium', 'city': 'Bethany', 'state': 'OK', 'zip': None, 'countryCode': 'US', 'timezone': None, 'latitude': 35.5186728, 'longitude': -97.6322648, 'elevation': None, 'capacity': 2500, 'constructionYear': None, 'grass': None, 'dome': False}"
2584,Southern Oregon,Raiders,SOU,"['SOU', 'S Oregon']",,,,#null,#null,"['http://a.espncdn.com/i/teamlogos/ncaa/500/2584.png', 'http://a.espncdn.com/i/teamlogos/ncaa/500-dark/2584.png']",,"{'id': None, 'name': None, 'city': None, 'state': None, 'zip': None, 'countryCode': None, 'timezone': None, 'latitude': None, 'longitude': None, 'elevation': None, 'capacity': None, 'constructionYear': None, 'grass': None, 'dome': None}"
253,Southern Utah,Thunderbirds,SUU,"['SUU', 'Southern Utah']",UAC,,fcs,#c72026,#000000,"['http://a.espncdn.com/i/teamlogos/ncaa/500/253.png', 'http://a.espncdn.com/i/teamlogos/ncaa/500-dark/253.png']",@SUUFB,"{'id': 3706, 'name': 'Eccles Coliseum', 'city': 'Cedar City', 'state': 'UT', 'zip': '84720', 'countryCode': 'US', 'timezone': 'America/Denver', 'latitude': 37.6757919, 'longitude': -113.0773938, 'elevation': '1763.97644', 'capacity': 10000, 'constructionYear': 1967, 'grass': False, 'dome': False}"
2896,Southern Virginia,Knights,SVA,"['SVA', 'S Virginia']",USA South,,iii,#null,#null,"['http://a.espncdn.com/i/teamlogos/ncaa/500/2896.png', 'http://a.espncdn.com/i/teamlogos/ncaa/500-dark/2896.png']",,"{'id': 6117, 'name': 'Knight Stadium', 'city': 'Buena Vista', 'state': 'VA', 'zip': '24416', 'countryCode': 'US', 'timezone': None, 'latitude': 37.7342962, 'longitude': -79.3539292, 'elevation': None, 'capacity': 1000, 'constructionYear': None, 'grass': None, 'dome': False}"
58,South Florida,Bulls,USF,"['USF', 'South Florida']",American Athletic,,fbs,#004A36,#231f20,"['http://a.espncdn.com/i/teamlogos/ncaa/500/58.png', 'http://a.espncdn.com/i/teamlogos/ncaa/500-dark/58.png']",@USFFootball,"{'id': 3886, 'name': 'Raymond James Stadium', 'city': 'Tampa', 'state': 'FL', 'zip': '33620', 'countryCode': 'US', 'timezone': 'America/New_York', 'latitude': 27.9758691, 'longitude': -82.5033344, 'elevation': '11.07972908', 'capacity': 65828, 'constructionYear': 1998, 'grass': True, 'dome': False}"
2586,Southwest Baptist,Bearcats,SWB,"['SWB', 'SW Baptist']",Great Lakes,,ii,#null,#null,"['http://a.espncdn.com/i/teamlogos/ncaa/500/2586.png', 'http://a.espncdn.com/i/teamlogos/ncaa/500-dark/2586.png']",,"{'id': 3878, 'name': 'Plaster Sports Complex', 'city': 'Springfield', 'state': 'MO', 'zip': '65897', 'countryCode': 'US', 'timezone': 'America/Chicago', 'latitude': 37.1976229, 'longitude': -93.2798119, 'elevation': '402.368103', 'capacity': 17337, 'constructionYear': 1941, 'grass': False, 'dome': False}"
2904,Southwestern Assemblies Of God,Lions,NEL,"['NEL', 'Nelson']",,,,#null,#null,"['http://a.espncdn.com/i/teamlogos/ncaa/500/2904.png', 'http://a.espncdn.com/i/teamlogos/ncaa/500-dark/2904.png']",,"{'id': None, 'name': None, 'city': None, 'state': None, 'zip': None, 'countryCode': None, 'timezone': None, 'latitude': None, 'longitude': None, 'elevation': None, 'capacity': None, 'constructionYear': None, 'grass': None, 'dome': None}"
616,Southwestern College,Moundbuilders,SCKS,"['SCKS', 'SW Coll']",,,,#null,#null,"['http://a.espncdn.com/i/teamlogos/ncaa/500/616.png', 'http://a.espncdn.com/i/teamlogos/ncaa/500-dark/616.png']",,"{'id': None, 'name': None, 'city': None, 'state': None, 'zip': None, 'countryCode': None, 'timezone': None, 'latitude': None, 'longitude': None, 'elevation': None, 'capacity': None, 'constructionYear': None, 'grass': None, 'dome': None}"
2927,Southwestern Oklahoma State,Bulldogs,SWO,"['Southwestern Oklahoma State', 'SWO', 'SW Okla St']",Great American,,ii,#null,#null,"['http://a.espncdn.com/i/teamlogos/ncaa/500/2927.png', 'http://a.espncdn.com/i/teamlogos/ncaa/500-dark/2927.png']",,"{'id': 6073, 'name': 'Milam Stadium', 'city': 'Weatherford', 'state': 'OK', 'zip': '73096', 'countryCode': 'US', 'timezone': None, 'latitude': 35.5261633, 'longitude': -98.7075744, 'elevation': None, 'capacity': 8600, 'constructionYear': None, 'grass': None, 'dome': False}"
2587,Southwest Minnesota State,Mustangs,SWMN,"['SWMN', 'SW Minn State']",Northern Sun,,ii,#null,#null,"['http://a.espncdn.com/i/teamlogos/ncaa/500/2587.png', 'http://a.espncdn.com/i/teamlogos/ncaa/500-dark/2587.png']",,"{'id': 6072, 'name': 'Schwan Regional Event Center', 'city': 'Marshall', 'state': 'MN', 'zip': '56258', 'countryCode': 'US', 'timezone': None, 'latitude': 48.3605336, 'longitude': -96.381968, 'elevation': None, 'capacity': 2500, 'constructionYear': None, 'grass': None, 'dome': False}"
1000980,Southwest Mississippi C.C.,,,[],,,,#null,#null,,,"{'id': None, 'name': None, 'city': None, 'state': None, 'zip': None, 'countryCode': None, 'timezone': None, 'latitude': None, 'longitude': None, 'elevation': None, 'capacity': None, 'constructionYear': None, 'grass': None, 'dome': None}"
81,Springfield,Pride,SPR,"['SPR', 'Springfld']",NEWMAC,,iii,#null,#null,"['http://a.espncdn.com/i/teamlogos/ncaa/500/81.png', 'http://a.espncdn.com/i/teamlogos/ncaa/500-dark/81.png']",,"{'id': 6119, 'name': 'Stagg Field', 'city': 'Springfield', 'state': 'MA', 'zip': '56087', 'countryCode': 'US', 'timezone': None, 'latitude': 42.1018764, 'longitude': -72.5886727, 'elevation': None, 'capacity': 3867, 'constructionYear': None, 'grass': None, 'dome': False}"
2591,St Ambrose University  Iowa,Fighting Bees,STA,"['STA', 'St Ambrose']",,,,#null,#null,"['http://a.espncdn.com/i/teamlogos/ncaa/500/2591.png', 'http://a.espncdn.com/i/teamlogos/ncaa/500-dark/2591.png']",,"{'id': None, 'name': None, 'city': None, 'state': None, 'zip': None, 'countryCode': None, 'timezone': None, 'latitude': None, 'longitude': None, 'elevation': None, 'capacity': None, 'constructionYear': None, 'grass': None, 'dome': None}"
24,Stanford,Cardinal,STAN,"['STAN', 'Stanford']",ACC,,fbs,#8c1515,#ffffff,"['http://a.espncdn.com/i/teamlogos/ncaa/500/24.png', 'http://a.espncdn.com/i/teamlogos/ncaa/500-dark/24.png']",@StanfordFball,"{'id': 3940, 'name': 'Stanford Stadium', 'city': 'Stanford', 'state': 'CA', 'zip': '94305', 'countryCode': 'US', 'timezone': 'America/Los_Angeles', 'latitude': 37.4345556, 'longitude': -122.1611271, 'elevation': '18.38425636', 'capacity': 50424, 'constructionYear': 2006, 'grass': True, 'dome': False}"
2830,St. Anselm,Hawks,STA,"['STA', 'St Anselm']",Northeast 10,,ii,#null,#null,"['http://a.espncdn.com/i/teamlogos/ncaa/500/2830.png', 'http://a.espncdn.com/i/teamlogos/ncaa/500-dark/2830.png']",,"{'id': 6074, 'name': 'Grappone Stadium', 'city': 'Manchester', 'state': 'NH', 'zip': '03108', 'countryCode': 'US', 'timezone': None, 'latitude': 42.9956397, 'longitude': -71.4547891, 'elevation': None, 'capacity': 4500, 'constructionYear': None, 'grass': None, 'dome': False}"
395,St. Augustine's,Falcons,STA,"['STA', ""St. Augustine's""]",CIAA,Southern,ii,#000000,#null,"['http://a.espncdn.com/i/teamlogos/ncaa/500/395.png', 'http://a.espncdn.com/i/teamlogos/ncaa/500-dark/395.png']",,"{'id': 6068, 'name': 'George Williams Athletic Complex', 'city': 'Raleigh', 'state': 'NC', 'zip': '27601', 'countryCode': 'US', 'timezone': None, 'latitude': 35.7803977, 'longitude': -78.6390989, 'elevation': None, 'capacity': 2500, 'constructionYear': None, 'grass': None, 'dome': False}"
2594,St. Cloud State,Huskies,STC,"['STC', 'St. Cloud St']",,,,#000000,#null,"['http://a.espncdn.com/i/teamlogos/ncaa/500/2594.png', 'http://a.espncdn.com/i/teamlogos/ncaa/500-dark/2594.png']",,"{'id': None, 'name': None, 'city': None, 'state': None, 'zip': None, 'countryCode': None, 'timezone': None, 'latitude': None, 'longitude': None, 'elevation': None, 'capacity': None, 'constructionYear': None, 'grass': None, 'dome': None}"
2617,Stephen F. Austin,Lumberjacks,SFA,"['Stephen F Austin', 'SFA', 'SF Austin']",Southland,,fcs,#393996,#bec0c2,"['http://a.espncdn.com/i/teamlogos/ncaa/500/2617.png', 'http://a.espncdn.com/i/teamlogos/ncaa/500-dark/2617.png']",@SFA_Football,"{'id': 3756, 'name': 'Homer Bryce Stadium', 'city': 'Nacogdoches', 'state': 'TX', 'zip': '75961', 'countryCode': 'US', 'timezone': 'America/Chicago', 'latitude': 31.625719, 'longitude': -94.6444034, 'elevation': '89.99433899', 'capacity': 14575, 'constructionYear': 1973, 'grass': False, 'dome': False}"
618,Sterling College,Sterling Ks,STCKS,"['STCKS', 'Sterling']",,,,#null,#null,"['http://a.espncdn.com/i/teamlogos/ncaa/500/618.png', 'http://a.espncdn.com/i/teamlogos/ncaa/500-dark/618.png']",,"{'id': None, 'name': None, 'city': None, 'state': None, 'zip': None, 'countryCode': None, 'timezone': None, 'latitude': None, 'longitude': None, 'elevation': None, 'capacity': None, 'constructionYear': None, 'grass': None, 'dome': None}"
56,Stetson,Hatters,STET,"['STET', 'Stetson']",Pioneer,,fcs,#0a5640,#56854e,"['http://a.espncdn.com/i/teamlogos/ncaa/500/56.png', 'http://a.espncdn.com/i/teamlogos/ncaa/500-dark/56.png']",@StetsonFootball,"{'id': 4416, 'name': 'Spec Martin Municipal Stadium', 'city': 'DeLand', 'state': 'FL', 'zip': '32720', 'countryCode': 'US', 'timezone': None, 'latitude': 29.0208575, 'longitude': -81.2993746, 'elevation': '14.65544891', 'capacity': 6000, 'constructionYear': 1941, 'grass': None, 'dome': False}"
471,Stevenson,Mustangs,STU,"['STU', 'Stevenson']",Mid Atlantic,,iii,#005747,#000000,"['http://a.espncdn.com/i/teamlogos/ncaa/500/471.png', 'http://a.espncdn.com/i/teamlogos/ncaa/500-dark/471.png']",,"{'id': 3851, 'name': 'Mustang Stadium', 'city': 'Stevenson', 'state': 'MD', 'zip': '21153', 'countryCode': 'US', 'timezone': None, 'latitude': 39.4102772, 'longitude': -76.7128314, 'elevation': '154', 'capacity': 3500, 'constructionYear': 2012, 'grass': None, 'dome': False}"
2595,St Francis Illinois,Fighting Saints,SFIL,"['SFIL', 'St Fran IL']",,,,#null,#null,"['http://a.espncdn.com/i/teamlogos/ncaa/500/2595.png', 'http://a.espncdn.com/i/teamlogos/ncaa/500-dark/2595.png']",,"{'id': None, 'name': None, 'city': None, 'state': None, 'zip': None, 'countryCode': None, 'timezone': None, 'latitude': None, 'longitude': None, 'elevation': None, 'capacity': None, 'constructionYear': None, 'grass': None, 'dome': None}"
2598,St. Francis (PA),Red Flash,SFPA,"['St. Francis PA', 'SFPA', 'Saint Francis']",NEC,,fcs,#a20012,#null,"['http://a.espncdn.com/i/teamlogos/ncaa/500/2598.png', 'http://a.espncdn.com/i/teamlogos/ncaa/500-dark/2598.png']",@RedFlashFB,"{'id': 3694, 'name': 'DeGol Field', 'city': 'Loretto', 'state': 'PA', 'zip': '15940', 'countryCode': 'US', 'timezone': 'America/New_York', 'latitude': 40.5063173, 'longitude': -78.637214, 'elevation': '586.9408569', 'capacity': 3500, 'constructionYear': 2006, 'grass': False, 'dome': False}"
2948,Stillman,Tigers,STI,"['STI', 'Stillman']",,,,#null,#null,,,"{'id': None, 'name': None, 'city': None, 'state': None, 'zip': None, 'countryCode': None, 'timezone': None, 'latitude': None, 'longitude': None, 'elevation': None, 'capacity': None, 'constructionYear': None, 'grass': None, 'dome': None}"
374,St John Fisher University,Cardinals,SJFISH,"['SJFISH', 'St John Fisher']",Empire 8,,iii,#null,#null,"['http://a.espncdn.com/i/teamlogos/ncaa/500/374.png', 'http://a.espncdn.com/i/teamlogos/ncaa/500-dark/374.png']",,"{'id': 6120, 'name': 'Growney Stadium', 'city': 'Rochester', 'state': 'NY', 'zip': '14617', 'countryCode': 'US', 'timezone': None, 'latitude': 43.157285, 'longitude': -77.615214, 'elevation': None, 'capacity': 2500, 'constructionYear': None, 'grass': None, 'dome': False}"
2601,St. Joseph's (IN),Pumas,ST,"[""St. Joseph's (Indiana)"", 'ST', ""St. Joseph's (IN)""]",Great Lakes,,ii,#000000,#null,,,"{'id': None, 'name': None, 'city': None, 'state': None, 'zip': None, 'countryCode': None, 'timezone': None, 'latitude': None, 'longitude': None, 'elevation': None, 'capacity': None, 'constructionYear': None, 'grass': None, 'dome': None}"
2779,St. Lawrence,Saints,USL,"['USL', 'St Lawrence']",Liberty League,,iii,#null,#null,"['http://a.espncdn.com/i/teamlogos/ncaa/500/2779.png', 'http://a.espncdn.com/i/teamlogos/ncaa/500-dark/2779.png']",,"{'id': 6113, 'name': 'Leckonby Stadium', 'city': 'Canton', 'state': 'NY', 'zip': None, 'countryCode': 'US', 'timezone': None, 'latitude': 44.5956163, 'longitude': -75.1690942, 'elevation': None, 'capacity': 1500, 'constructionYear': None, 'grass': None, 'dome': False}"
2880,St. Louis,Spartans,MB,"['MB', 'MO Baptist']",,,,#null,#null,"['http://a.espncdn.com/i/teamlogos/ncaa/500/2880.png', 'http://a.espncdn.com/i/teamlogos/ncaa/500-dark/2880.png']",,"{'id': None, 'name': None, 'city': None, 'state': None, 'zip': None, 'countryCode': None, 'timezone': None, 'latitude': None, 'longitude': None, 'elevation': None, 'capacity': None, 'constructionYear': None, 'grass': None, 'dome': None}"
2608,St. Mary's (CA),Gaels,SMC,"[""St. Mary's CA"", 'SMC', ""St. Mary's (CA)""]",,,,#null,#null,,,"{'id': None, 'name': None, 'city': None, 'state': None, 'zip': None, 'countryCode': None, 'timezone': None, 'latitude': None, 'longitude': None, 'elevation': None, 'capacity': None, 'constructionYear': None, 'grass': None, 'dome': None}"
2832,St. Norbert,Green Knights,STN,"['STN', 'St Norbert']",NACC,,iii,#null,#null,"['http://a.espncdn.com/i/teamlogos/ncaa/500/2832.png', 'http://a.espncdn.com/i/teamlogos/ncaa/500-dark/2832.png']",,"{'id': 6121, 'name': 'Donald J. Schneider Stadium', 'city': 'De Pere', 'state': 'WI', 'zip': None, 'countryCode': 'US', 'timezone': None, 'latitude': 44.4493584, 'longitude': -88.0599986, 'elevation': None, 'capacity': 2454, 'constructionYear': None, 'grass': None, 'dome': False}"
133,St. Olaf,Oles,STO,"['STO', 'St. Olaf']",Minnesota,,iii,#null,#d18c29,"['http://a.espncdn.com/i/teamlogos/ncaa/500/133.png', 'http://a.espncdn.com/i/teamlogos/ncaa/500-dark/133.png']",,"{'id': 5813, 'name': 'Klein Field at Manitou', 'city': 'Northfield', 'state': 'MN', 'zip': '55057', 'countryCode': 'US', 'timezone': None, 'latitude': 44.4582041, 'longitude': -93.161159, 'elevation': None, 'capacity': 3500, 'constructionYear': None, 'grass': None, 'dome': False}"
284,Stonehill,Skyhawks,STO,"['STO', 'Stonehill']",NEC,,fcs,#null,#null,"['http://a.espncdn.com/i/teamlogos/ncaa/500/284.png', 'http://a.espncdn.com/i/teamlogos/ncaa/500-dark/284.png']",@StonehillFB,"{'id': 6075, 'name': 'W.B. Mason Stadium', 'city': 'North Easton', 'state': 'MA', 'zip': '02356', 'countryCode': 'US', 'timezone': None, 'latitude': 42.0667665, 'longitude': -71.1036592, 'elevation': None, 'capacity': 2400, 'constructionYear': None, 'grass': None, 'dome': False}"
2619,Stony Brook,Seawolves,STBK,"['STBK', 'Stony Brook']",CAA,,fcs,#990000,#null,"['http://a.espncdn.com/i/teamlogos/ncaa/500/2619.png', 'http://a.espncdn.com/i/teamlogos/ncaa/500-dark/2619.png']",@StonyBrookFB,"{'id': 3788, 'name': 'Kenneth P. LaValle Stadium', 'city': 'Stony Brook', 'state': 'NY', 'zip': '11790', 'countryCode': 'US', 'timezone': 'America/New_York', 'latitude': 40.9188829, 'longitude': -73.1242966, 'elevation': '32.63183975', 'capacity': 12300, 'constructionYear': 2002, 'grass': False, 'dome': False}"
2611,St. Paul's College,Tigers,STP,"['STP', ""St. Paul's ""]",,,,#000000,#null,"['http://a.espncdn.com/i/teamlogos/ncaa/500/2611.png', 'http://a.espncdn.com/i/teamlogos/ncaa/500-dark/2611.png']",,"{'id': None, 'name': None, 'city': None, 'state': None, 'zip': None, 'countryCode': None, 'timezone': None, 'latitude': None, 'longitude': None, 'elevation': None, 'capacity': None, 'constructionYear': None, 'grass': None, 'dome': None}"
2612,St. Peter's,Peacocks,SPU,"['SPU', ""St. Peter's""]",,,,#001555,#null,"['http://a.espncdn.com/i/teamlogos/ncaa/500/2612.png', 'http://a.espncdn.com/i/teamlogos/ncaa/500-dark/2612.png']",,"{'id': None, 'name': None, 'city': None, 'state': None, 'zip': None, 'countryCode': None, 'timezone': None, 'latitude': None, 'longitude': None, 'elevation': None, 'capacity': None, 'constructionYear': None, 'grass': None, 'dome': None}"
3254,St. Petersburg,Glory Eagles,UFFL,"['UFFL', 'U of Faith']",,,,#null,#null,"['http://a.espncdn.com/i/teamlogos/ncaa/500/3254.png', 'http://a.espncdn.com/i/teamlogos/ncaa/500-dark/3254.png']",,"{'id': None, 'name': None, 'city': None, 'state': None, 'zip': None, 'countryCode': None, 'timezone': None, 'latitude': None, 'longitude': None, 'elevation': None, 'capacity': None, 'constructionYear': None, 'grass': None, 'dome': None}"
375,St. Scholastica,Saints,SCHOLA,"['SCHOLA', 'Scholastic']",Minnesota,,iii,#null,#null,"['http://a.espncdn.com/i/teamlogos/ncaa/500/375.png', 'http://a.espncdn.com/i/teamlogos/ncaa/500-dark/375.png']",,"{'id': 6122, 'name': 'Public Schools Stadium', 'city': 'Duluth', 'state': 'MN', 'zip': '55811', 'countryCode': 'US', 'timezone': None, 'latitude': 46.7729322, 'longitude': -92.1251218, 'elevation': None, 'capacity': 4500, 'constructionYear': None, 'grass': None, 'dome': False}"
2900,St. Thomas (MN),Tommies,STMN,"['St Thomas MN', 'STMN', 'St Thomas (MN)']",Pioneer,,fcs,#null,#null,"['http://a.espncdn.com/i/teamlogos/ncaa/500/2900.png', 'http://a.espncdn.com/i/teamlogos/ncaa/500-dark/2900.png']",@UST_Football,"{'id': 5116, 'name': ""O'Shaughnessy Stadium"", 'city': 'Saint Paul', 'state': 'MN', 'zip': None, 'countryCode': 'US', 'timezone': None, 'latitude': 44.9497487, 'longitude': -93.0931028, 'elevation': None, 'capacity': 5025, 'constructionYear': None, 'grass': None, 'dome': False}"
1000968,St. Thomas University,,,[],,,,#null,#null,,,"{'id': None, 'name': None, 'city': None, 'state': None, 'zip': None, 'countryCode': None, 'timezone': None, 'latitude': None, 'longitude': None, 'elevation': None, 'capacity': None, 'constructionYear': None, 'grass': None, 'dome': None}"
125730,St. Thomas University (Fl),Stthom,,['St. Thomas University (Fl)'],,,,#null,#null,,,"{'id': None, 'name': None, 'city': None, 'state': None, 'zip': None, 'countryCode': None, 'timezone': None, 'latitude': None, 'longitude': None, 'elevation': None, 'capacity': None, 'constructionYear': None, 'grass': None, 'dome': None}"
1001076,St. Vincent,,,[],,,,#null,#null,,,"{'id': None, 'name': None, 'city': None, 'state': None, 'zip': None, 'countryCode': None, 'timezone': None, 'latitude': None, 'longitude': None, 'elevation': None, 'capacity': None, 'constructionYear': None, 'grass': None, 'dome': None}"
2615,St. Xavier IL,Cougars,STX,"['STX', 'St Xavr IL']",,,,#null,#null,"['http://a.espncdn.com/i/teamlogos/ncaa/500/2615.png', 'http://a.espncdn.com/i/teamlogos/ncaa/500-dark/2615.png']",,"{'id': None, 'name': None, 'city': None, 'state': None, 'zip': None, 'countryCode': None, 'timezone': None, 'latitude': None, 'longitude': None, 'elevation': None, 'capacity': None, 'constructionYear': None, 'grass': None, 'dome': None}"
2834,Sul Ross State,Lobos,SROS,"['SROS', 'Sul Ross State']",Lone Star,,ii,#null,#null,"['http://a.espncdn.com/i/teamlogos/ncaa/500/2834.png', 'http://a.espncdn.com/i/teamlogos/ncaa/500-dark/2834.png']",,"{'id': 6123, 'name': 'Jackson Field', 'city': 'Alpine', 'state': 'TX', 'zip': '79830', 'countryCode': 'US', 'timezone': None, 'latitude': 30.3573802, 'longitude': -103.6609367, 'elevation': None, 'capacity': 4000, 'constructionYear': None, 'grass': None, 'dome': False}"
2951,SUNY Maritime,Privateers,SUNYMAR,"['SUNYMAR', 'Maritme NY']",NEWMAC,,iii,#null,#null,"['http://a.espncdn.com/i/teamlogos/ncaa/500/2951.png', 'http://a.espncdn.com/i/teamlogos/ncaa/500-dark/2951.png']",,"{'id': 3889, 'name': 'Reinhart Field', 'city': 'Bronx', 'state': 'NY', 'zip': '10465', 'countryCode': 'US', 'timezone': 'America/New_York', 'latitude': 40.807528, 'longitude': -73.797744, 'elevation': '7', 'capacity': 3500, 'constructionYear': 2012, 'grass': False, 'dome': False}"
3110,SUNY Morrisville,Mustangs,MOR,"['MOR', 'Morrisvlle']",Empire 8,,iii,#null,#null,"['http://a.espncdn.com/i/teamlogos/ncaa/500/3110.png', 'http://a.espncdn.com/i/teamlogos/ncaa/500-dark/3110.png']",,"{'id': 6087, 'name': 'Drake Field (NY)', 'city': 'Morrisville', 'state': 'NY', 'zip': '13048', 'countryCode': 'US', 'timezone': None, 'latitude': 42.8986566, 'longitude': -75.6402204, 'elevation': None, 'capacity': 1500, 'constructionYear': None, 'grass': None, 'dome': False}"
216,Susquehanna,River Hawks,SUS,"['SUS', 'Susquehnna']",Landmark Conference,,iii,#6b1a31,#fd6b0d,"['http://a.espncdn.com/i/teamlogos/ncaa/500/216.png', 'http://a.espncdn.com/i/teamlogos/ncaa/500-dark/216.png']",,"{'id': 6124, 'name': 'Amos Alonzo Stagg Field (PA)', 'city': 'Selinsgrove', 'state': 'PA', 'zip': None, 'countryCode': 'US', 'timezone': None, 'latitude': 40.8062437, 'longitude': -76.8607084, 'elevation': None, 'capacity': 3500, 'constructionYear': None, 'grass': None, 'dome': False}"
183,Syracuse,Orange,SYR,"['SYR', 'Syracuse']",ACC,,fbs,#ff6500,#000e54,"['http://a.espncdn.com/i/teamlogos/ncaa/500/183.png', 'http://a.espncdn.com/i/teamlogos/ncaa/500-dark/183.png']",@CuseFootball,"{'id': 1964, 'name': 'JMA Wireless Dome', 'city': 'Syracuse', 'state': 'NY', 'zip': '13244', 'countryCode': 'US', 'timezone': 'America/New_York', 'latitude': 43.0362269, 'longitude': -76.1363161, 'elevation': '162.6989746', 'capacity': 49057, 'constructionYear': 1980, 'grass': False, 'dome': True}"
2627,Tarleton State,Texans,TAR,"['TAR', 'Tarleton St']",UAC,,fcs,#null,#null,"['http://a.espncdn.com/i/teamlogos/ncaa/500/2627.png', 'http://a.espncdn.com/i/teamlogos/ncaa/500-dark/2627.png']",@TarletonFB,"{'id': 3827, 'name': 'Memorial Stadium (Stephenville, TX)', 'city': 'Stephenville', 'state': 'TX', 'zip': None, 'countryCode': 'US', 'timezone': None, 'latitude': 32.2191836, 'longitude': -98.2130634, 'elevation': None, 'capacity': 12000, 'constructionYear': None, 'grass': None, 'dome': False}"
2628,TCU,Horned Frogs,TCU,"['Texas Christian', 'TCU', 'TCU']",Big 12,,fbs,#4d1979,#f1f2f3,"['http://a.espncdn.com/i/teamlogos/ncaa/500/2628.png', 'http://a.espncdn.com/i/teamlogos/ncaa/500-dark/2628.png']",@TCUFootball,"{'id': 3616, 'name': 'Amon G. Carter Stadium', 'city': 'Fort Worth', 'state': 'TX', 'zip': '76129', 'countryCode': 'US', 'timezone': 'America/Chicago', 'latitude': 32.7096604, 'longitude': -97.3680835, 'elevation': '185.4387054', 'capacity': 46000, 'constructionYear': 1929, 'grass': True, 'dome': False}"
218,Temple,Owls,TEM,"['TEM', 'Temple']",American Athletic,,fbs,#A80532,#a7a9ac,"['http://a.espncdn.com/i/teamlogos/ncaa/500/218.png', 'http://a.espncdn.com/i/teamlogos/ncaa/500-dark/218.png']",@Temple_FB,"{'id': 3806, 'name': 'Lincoln Financial Field', 'city': 'Philadelphia', 'state': 'PA', 'zip': '19122', 'countryCode': 'US', 'timezone': 'America/New_York', 'latitude': 39.9007995, 'longitude': -75.1675414, 'elevation': '3.198706865', 'capacity': 69879, 'constructionYear': 2003, 'grass': False, 'dome': False}"
2633,Tennessee,Volunteers,TENN,"['TENN', 'Tennessee']",SEC,,fbs,#ff8200,#58595b,"['http://a.espncdn.com/i/teamlogos/ncaa/500/2633.png', 'http://a.espncdn.com/i/teamlogos/ncaa/500-dark/2633.png']",@Vol_Football,"{'id': 3853, 'name': 'Neyland Stadium', 'city': 'Knoxville', 'state': 'TN', 'zip': '37996', 'countryCode': 'US', 'timezone': 'America/New_York', 'latitude': 35.9550131, 'longitude': -83.9250128, 'elevation': '271.9517212', 'capacity': 102455, 'constructionYear': 1921, 'grass': True, 'dome': False}"
2634,Tennessee State,Tigers,TNST,"['TNST', 'Tennessee St']",Big South-OVC,,fcs,#171796,#f0f0f0,"['http://a.espncdn.com/i/teamlogos/ncaa/500/2634.png', 'http://a.espncdn.com/i/teamlogos/ncaa/500-dark/2634.png']",@TSU_Football,"{'id': 3810, 'name': 'Nissan Stadium', 'city': 'Nashville', 'state': 'TN', 'zip': '37209', 'countryCode': 'US', 'timezone': 'America/Chicago', 'latitude': 36.166479, 'longitude': -86.7712898, 'elevation': '121.0412598', 'capacity': 69143, 'constructionYear': 1999, 'grass': False, 'dome': False}"
2635,Tennessee Tech,Golden Eagles,TNTC,"['TNTC', 'Tennessee Tech']",Big South-OVC,,fcs,#5A4099,#ffde00,"['http://a.espncdn.com/i/teamlogos/ncaa/500/2635.png', 'http://a.espncdn.com/i/teamlogos/ncaa/500-dark/2635.png']",@TNTechFootball,"{'id': 3962, 'name': 'Tucker Stadium', 'city': 'Cookeville', 'state': 'TN', 'zip': '38501', 'countryCode': 'US', 'timezone': 'America/Chicago', 'latitude': 36.1780555, 'longitude': -85.506183, 'elevation': '340.8609314', 'capacity': 16500, 'constructionYear': 1966, 'grass': False, 'dome': False}"
251,Texas,Longhorns,TEX,"['TEX', 'Texas']",SEC,,fbs,#c15d26,#ffffff,"['http://a.espncdn.com/i/teamlogos/ncaa/500/251.png', 'http://a.espncdn.com/i/teamlogos/ncaa/500-dark/251.png']",@TexasFootball,"{'id': 3910, 'name': 'DKR-Texas Memorial Stadium', 'city': 'Austin', 'state': 'TX', 'zip': '78712', 'countryCode': 'US', 'timezone': 'America/Chicago', 'latitude': 30.2836813, 'longitude': -97.7325345, 'elevation': '160.3089447', 'capacity': 100119, 'constructionYear': 1924, 'grass': False, 'dome': False}"
245,Texas A&M,Aggies,TA&M,"['TA&M', 'Texas A&M']",SEC,,fbs,#500000,#ffffff,"['http://a.espncdn.com/i/teamlogos/ncaa/500/245.png', 'http://a.espncdn.com/i/teamlogos/ncaa/500-dark/245.png']",@AggieFootball,"{'id': 3795, 'name': 'Kyle Field', 'city': 'College Station', 'state': 'TX', 'zip': '77843', 'countryCode': 'US', 'timezone': 'America/Chicago', 'latitude': 30.6098891, 'longitude': -96.3403828, 'elevation': '108.824585', 'capacity': 102733, 'constructionYear': 1927, 'grass': True, 'dome': False}"
2658,Texas A&M-Kingsville,Javelinas,TXA,"['TXA', 'TX A&M Kng']",Lone Star,,ii,#null,#null,"['http://a.espncdn.com/i/teamlogos/ncaa/500/2658.png', 'http://a.espncdn.com/i/teamlogos/ncaa/500-dark/2658.png']",,"{'id': 6076, 'name': 'Javelina Stadium', 'city': 'Kingsville', 'state': 'TX', 'zip': '78363', 'countryCode': 'US', 'timezone': None, 'latitude': 27.5158689, 'longitude': -97.856109, 'elevation': None, 'capacity': 15000, 'constructionYear': None, 'grass': None, 'dome': False}"
2637,Texas College,Steers,TXCL,"['TXCL', 'Texas Col']",,,,#null,#null,"['http://a.espncdn.com/i/teamlogos/ncaa/500/2637.png', 'http://a.espncdn.com/i/teamlogos/ncaa/500-dark/2637.png']",,"{'id': None, 'name': None, 'city': None, 'state': None, 'zip': None, 'countryCode': None, 'timezone': None, 'latitude': None, 'longitude': None, 'elevation': None, 'capacity': None, 'constructionYear': None, 'grass': None, 'dome': None}"
2639,Texas Lutheran,Bulldogs,TL,"['TL', 'Texas Lutheran']",Southern Collegiate Athletic,,iii,#fdbe10,#000000,"['http://a.espncdn.com/i/teamlogos/ncaa/500/2639.png', 'http://a.espncdn.com/i/teamlogos/ncaa/500-dark/2639.png']",,"{'id': 6125, 'name': 'Bulldog Stadium (TX)', 'city': 'Seguin', 'state': 'TX', 'zip': '79765', 'countryCode': 'US', 'timezone': None, 'latitude': 29.5688411, 'longitude': -97.9647269, 'elevation': None, 'capacity': 1500, 'constructionYear': None, 'grass': None, 'dome': False}"
1000938,Texas-Permian Basin,,,[],,,,#null,#null,,,"{'id': None, 'name': None, 'city': None, 'state': None, 'zip': None, 'countryCode': None, 'timezone': None, 'latitude': None, 'longitude': None, 'elevation': None, 'capacity': None, 'constructionYear': None, 'grass': None, 'dome': None}"
1001032,Texas-Rio Grande Valley,,,[],,,,#null,#null,,,"{'id': None, 'name': None, 'city': None, 'state': None, 'zip': None, 'countryCode': None, 'timezone': None, 'latitude': None, 'longitude': None, 'elevation': None, 'capacity': None, 'constructionYear': None, 'grass': None, 'dome': None}"
2640,Texas Southern,Tigers,TXSO,"['TXSO', 'Texas Southern']",SWAC,West,fcs,#860038,#ffffff,"['http://a.espncdn.com/i/teamlogos/ncaa/500/2640.png', 'http://a.espncdn.com/i/teamlogos/ncaa/500-dark/2640.png']",@TSUFootball,"{'id': 3631, 'name': 'BBVA Compass Stadium', 'city': 'Houston', 'state': 'TX', 'zip': '77003', 'countryCode': 'US', 'timezone': 'America/Chicago', 'latitude': 29.7521988, 'longitude': -95.3524146, 'elevation': '13.68128395', 'capacity': 22000, 'constructionYear': 2012, 'grass': True, 'dome': False}"
326,Texas State,Bobcats,TXST,"['TXST', 'Texas St']",Pac-12,,fbs,#4e1719,#b4975a,"['http://a.espncdn.com/i/teamlogos/ncaa/500/326.png', 'http://a.espncdn.com/i/teamlogos/ncaa/500-dark/326.png']",@TXStateFootball,"{'id': 3644, 'name': 'Bobcat Stadium (TX)', 'city': 'San Marcos', 'state': 'TX', 'zip': '78666', 'countryCode': 'US', 'timezone': 'America/Chicago', 'latitude': 29.8910008, 'longitude': -97.9255735, 'elevation': '177.8676453', 'capacity': 30000, 'constructionYear': 1981, 'grass': False, 'dome': False}"
2641,Texas Tech,Red Raiders,TTU,"['TTU', 'Texas Tech']",Big 12,,fbs,#CC0000,#000000,"['http://a.espncdn.com/i/teamlogos/ncaa/500/2641.png', 'http://a.espncdn.com/i/teamlogos/ncaa/500-dark/2641.png']",@TexasTechFB,"{'id': 3784, 'name': 'Jones AT&T Stadium', 'city': 'Lubbock', 'state': 'TX', 'zip': '79409', 'countryCode': 'US', 'timezone': 'America/Chicago', 'latitude': 33.5910518, 'longitude': -101.8728824, 'elevation': '980.7632446', 'capacity': 60454, 'constructionYear': 1947, 'grass': False, 'dome': False}"
102626,Texas Wesleyan,Rams,TXWE,"['TXWE', 'Texas Wesleyan']",,,,#null,#null,,,"{'id': None, 'name': None, 'city': None, 'state': None, 'zip': None, 'countryCode': None, 'timezone': None, 'latitude': None, 'longitude': None, 'elevation': None, 'capacity': None, 'constructionYear': None, 'grass': None, 'dome': None}"
122776,Thaddeus Stevens,Bulldogs,TSCT,"['TSCT', 'Thaddeus Stevens']",,,,#null,#null,,,"{'id': None, 'name': None, 'city': None, 'state': None, 'zip': None, 'countryCode': None, 'timezone': None, 'latitude': None, 'longitude': None, 'elevation': None, 'capacity': None, 'constructionYear': None, 'grass': None, 'dome': None}"
2643,The Citadel,Bulldogs,CIT,"['CIT', 'The Citadel']",Southern,,fcs,#002b5c,#f0f0f0,"['http://a.espncdn.com/i/teamlogos/ncaa/500/2643.png', 'http://a.espncdn.com/i/teamlogos/ncaa/500-dark/2643.png']",@CitadelFootball,"{'id': 3782, 'name': 'Johnson Hagood Stadium', 'city': 'Charleston', 'state': 'SC', 'zip': '29403', 'countryCode': 'US', 'timezone': 'America/New_York', 'latitude': 32.7936975, 'longitude': -79.9558183, 'elevation': '4.137742996', 'capacity': 11427, 'constructionYear': 1948, 'grass': True, 'dome': False}"
2646,Thomas More College,Saints,THMORE,"['THMORE', 'Thmas More']",Great Midwest Athletic,,ii,#null,#null,"['http://a.espncdn.com/i/teamlogos/ncaa/500/2646.png', 'http://a.espncdn.com/i/teamlogos/ncaa/500-dark/2646.png']",,"{'id': 6129, 'name': 'BB&T Field at Griffin Plaza', 'city': 'Crestview Hills', 'state': 'KY', 'zip': None, 'countryCode': 'US', 'timezone': None, 'latitude': None, 'longitude': None, 'elevation': None, 'capacity': 2500, 'constructionYear': None, 'grass': None, 'dome': False}"
625,Tiffin University,Dragons,TIF,"['TIF', 'Tiffin']",Great Midwest Athletic,,ii,#null,#null,,,"{'id': None, 'name': None, 'city': None, 'state': None, 'zip': None, 'countryCode': None, 'timezone': None, 'latitude': None, 'longitude': None, 'elevation': None, 'capacity': None, 'constructionYear': None, 'grass': None, 'dome': None}"
2649,Toledo,Rockets,TOL,"['TOL', 'Toledo']",Mid-American,,fbs,#0a2240,#ffcd00,"['http://a.espncdn.com/i/teamlogos/ncaa/500/2649.png', 'http://a.espncdn.com/i/teamlogos/ncaa/500-dark/2649.png']",@ToledoFB,"{'id': 3739, 'name': 'Glass Bowl', 'city': 'Toledo', 'state': 'OH', 'zip': '43606', 'countryCode': 'US', 'timezone': 'America/New_York', 'latitude': 41.6574777, 'longitude': -83.6135652, 'elevation': '181.4839783', 'capacity': 26038, 'constructionYear': 1937, 'grass': False, 'dome': False}"
119,Towson,Tigers,TOW,"['TOW', 'Towson']",CAA,,fcs,#FFC229,#null,"['http://a.espncdn.com/i/teamlogos/ncaa/500/119.png', 'http://a.espncdn.com/i/teamlogos/ncaa/500-dark/119.png']",@Towson_FB,"{'id': 3781, 'name': 'Johnny Unitas Stadium', 'city': 'Towson', 'state': 'MD', 'zip': '21252', 'countryCode': 'US', 'timezone': 'America/New_York', 'latitude': 39.3885683, 'longitude': -76.6159716, 'elevation': '117.6974106', 'capacity': 11200, 'constructionYear': 1978, 'grass': False, 'dome': False}"
2651,Trine University,Thunder,TRI,"['TRI', 'Trine']",Michigan,,iii,#null,#null,"['http://a.espncdn.com/i/teamlogos/ncaa/500/2651.png', 'http://a.espncdn.com/i/teamlogos/ncaa/500-dark/2651.png']",,"{'id': 6130, 'name': 'Fred Zollner Athletic Stadium', 'city': 'Angola', 'state': 'IN', 'zip': None, 'countryCode': 'US', 'timezone': None, 'latitude': 41.634874, 'longitude': -84.99928, 'elevation': None, 'capacity': 5000, 'constructionYear': None, 'grass': None, 'dome': False}"
1001058,Trinity,,,[],,,,#null,#null,,,"{'id': None, 'name': None, 'city': None, 'state': None, 'zip': None, 'countryCode': None, 'timezone': None, 'latitude': None, 'longitude': None, 'elevation': None, 'capacity': None, 'constructionYear': None, 'grass': None, 'dome': None}"
1001057,Trinity,,,[],,,,#null,#null,,,"{'id': None, 'name': None, 'city': None, 'state': None, 'zip': None, 'countryCode': None, 'timezone': None, 'latitude': None, 'longitude': None, 'elevation': None, 'capacity': None, 'constructionYear': None, 'grass': None, 'dome': None}"
3214,Trinity Bible College,Lions,TRINBIB,"['TRINBIB', 'Trinty Bbl']",,,,#null,#null,"['http://a.espncdn.com/i/teamlogos/ncaa/500/3214.png', 'http://a.espncdn.com/i/teamlogos/ncaa/500-dark/3214.png']",,"{'id': None, 'name': None, 'city': None, 'state': None, 'zip': None, 'countryCode': None, 'timezone': None, 'latitude': None, 'longitude': None, 'elevation': None, 'capacity': None, 'constructionYear': None, 'grass': None, 'dome': None}"
1001051,Trinity (Conn.),,,[],,,,#null,#null,,,"{'id': None, 'name': None, 'city': None, 'state': None, 'zip': None, 'countryCode': None, 'timezone': None, 'latitude': None, 'longitude': None, 'elevation': None, 'capacity': None, 'constructionYear': None, 'grass': None, 'dome': None}"
2977,Trinity (CT),Bantams,TRI,"['TRI', 'Trinity CT']",NESCAC,,iii,#032d58,#fecd01,"['http://a.espncdn.com/i/teamlogos/ncaa/500/2977.png', 'http://a.espncdn.com/i/teamlogos/ncaa/500-dark/2977.png']",,"{'id': 6131, 'name': 'Jessee/Miller Field', 'city': 'Hartford', 'state': 'CT', 'zip': '06103', 'countryCode': 'US', 'timezone': None, 'latitude': 41.764582, 'longitude': -72.6908547, 'elevation': None, 'capacity': 5500, 'constructionYear': None, 'grass': None, 'dome': False}"
2652,Trinity (IL),Trojans,TRI,"['TRI', 'Trinity (IL)']",,,,#000000,#null,"['http://a.espncdn.com/i/teamlogos/ncaa/500/2652.png', 'http://a.espncdn.com/i/teamlogos/ncaa/500-dark/2652.png']",,"{'id': None, 'name': None, 'city': None, 'state': None, 'zip': None, 'countryCode': None, 'timezone': None, 'latitude': None, 'longitude': None, 'elevation': None, 'capacity': None, 'constructionYear': None, 'grass': None, 'dome': None}"
386,Trinity University TX,Tigers,TRTX,"['TRTX', 'Trinity TX']",Southern Athletic,,iii,#null,#null,"['http://a.espncdn.com/i/teamlogos/ncaa/500/386.png', 'http://a.espncdn.com/i/teamlogos/ncaa/500-dark/386.png']",,"{'id': 6132, 'name': 'Trinity University Stadium', 'city': 'San Antonio', 'state': 'TX', 'zip': '78205', 'countryCode': 'US', 'timezone': None, 'latitude': 29.4246002, 'longitude': -98.4951405, 'elevation': None, 'capacity': 3500, 'constructionYear': None, 'grass': None, 'dome': False}"
1000969,Trinity Valley C.C.,,,[],,,,#null,#null,,,"{'id': None, 'name': None, 'city': None, 'state': None, 'zip': None, 'countryCode': None, 'timezone': None, 'latitude': None, 'longitude': None, 'elevation': None, 'capacity': None, 'constructionYear': None, 'grass': None, 'dome': None}"
2653,Troy,Trojans,TROY,"['TROY', 'Troy']",Sun Belt,West,fbs,#AE0210,#88898c,"['http://a.espncdn.com/i/teamlogos/ncaa/500/2653.png', 'http://a.espncdn.com/i/teamlogos/ncaa/500-dark/2653.png']",@TroyTrojansFB,"{'id': 3975, 'name': 'Veterans Memorial Stadium (AL)', 'city': 'Troy', 'state': 'AL', 'zip': '36082', 'countryCode': 'US', 'timezone': 'America/Chicago', 'latitude': 31.7995565, 'longitude': -85.9518328, 'elevation': '154.7746277', 'capacity': 30000, 'constructionYear': 1950, 'grass': False, 'dome': False}"
2654,Truman State,Bulldogs,TRU,"['TRU', 'Truman St']",Great Lakes,,ii,#null,#null,"['http://a.espncdn.com/i/teamlogos/ncaa/500/2654.png', 'http://a.espncdn.com/i/teamlogos/ncaa/500-dark/2654.png']",,"{'id': 6077, 'name': 'Stokes Stadium', 'city': 'Kirksville', 'state': 'MO', 'zip': None, 'countryCode': 'US', 'timezone': None, 'latitude': 40.1948848, 'longitude': -92.5833939, 'elevation': None, 'capacity': 4000, 'constructionYear': None, 'grass': None, 'dome': False}"
112,Tufts,Jumbos,TUF,"['TUF', 'Tufts']",NESCAC,,iii,#3e8ede,#c6beb6,"['http://a.espncdn.com/i/teamlogos/ncaa/500/112.png', 'http://a.espncdn.com/i/teamlogos/ncaa/500-dark/112.png']",,"{'id': 6133, 'name': 'Ellis Oval at Zimman Field', 'city': 'Medford', 'state': 'MA', 'zip': '02155', 'countryCode': 'US', 'timezone': None, 'latitude': 42.4184296, 'longitude': -71.1061639, 'elevation': None, 'capacity': 1000, 'constructionYear': None, 'grass': None, 'dome': False}"
1000998,Tufts University,,,[],,,,#null,#null,,,"{'id': None, 'name': None, 'city': None, 'state': None, 'zip': None, 'countryCode': None, 'timezone': None, 'latitude': None, 'longitude': None, 'elevation': None, 'capacity': None, 'constructionYear': None, 'grass': None, 'dome': None}"
2655,Tulane,Green Wave,TULN,"['TULN', 'Tulane']",American Athletic,,fbs,#006547,#468ac9,"['http://a.espncdn.com/i/teamlogos/ncaa/500/2655.png', 'http://a.espncdn.com/i/teamlogos/ncaa/500-dark/2655.png']",@GreenWaveFB,"{'id': 4729, 'name': 'Yulman Stadium', 'city': 'New Orleans', 'state': 'LA', 'zip': '70118', 'countryCode': 'US', 'timezone': 'America/Chicago', 'latitude': 29.944616, 'longitude': -90.116692, 'elevation': '0.0000000000000000000000000000000000000118', 'capacity': 30000, 'constructionYear': 2014, 'grass': False, 'dome': False}"
202,Tulsa,Golden Hurricane,TLSA,"['TLSA', 'Tulsa']",American Athletic,,fbs,#003595,#d0b787,"['http://a.espncdn.com/i/teamlogos/ncaa/500/202.png', 'http://a.espncdn.com/i/teamlogos/ncaa/500-dark/202.png']",@TulsaFootball,"{'id': 3674, 'name': 'Chapman Stadium', 'city': 'Tulsa', 'state': 'OK', 'zip': '74194', 'countryCode': 'US', 'timezone': 'America/Chicago', 'latitude': 36.1489175, 'longitude': -95.9437853, 'elevation': '235.5928345', 'capacity': 30000, 'constructionYear': 1930, 'grass': False, 'dome': False}"
2657,Tuskegee,Golden Tigers,TUS,"['TUS', 'Tuskegee']",SIAC,,ii,#null,#null,"['http://a.espncdn.com/i/teamlogos/ncaa/500/2657.png', 'http://a.espncdn.com/i/teamlogos/ncaa/500-dark/2657.png']",,"{'id': 4747, 'name': 'Abbott Memorial Alumni Stadium', 'city': 'Tuskegee', 'state': 'AL', 'zip': '36083', 'countryCode': 'US', 'timezone': None, 'latitude': 32.4240286, 'longitude': -85.6916195, 'elevation': '122.8', 'capacity': 10000, 'constructionYear': 1925, 'grass': None, 'dome': False}"
1000967,Tyler J.C. ,,,[],,,,#null,#null,,,"{'id': None, 'name': None, 'city': None, 'state': None, 'zip': None, 'countryCode': None, 'timezone': None, 'latitude': None, 'longitude': None, 'elevation': None, 'capacity': None, 'constructionYear': None, 'grass': None, 'dome': None}"
5,UAB,Blazers,UAB,"['Alabama-Birmingham', 'UAB', 'UAB']",American Athletic,,fbs,#003b28,#ffc845,"['http://a.espncdn.com/i/teamlogos/ncaa/500/5.png', 'http://a.espncdn.com/i/teamlogos/ncaa/500-dark/5.png']",@UAB_FB,"{'id': 7221, 'name': 'Protective Stadium', 'city': 'Birmingham', 'state': 'AL', 'zip': '35203', 'countryCode': 'US', 'timezone': None, 'latitude': 33.5206824, 'longitude': -86.8024326, 'elevation': None, 'capacity': 0, 'constructionYear': None, 'grass': False, 'dome': False}"
399,UAlbany,Great Danes,UALB,"['SUNY Albany', 'UALB', 'UAlbany']",CAA,,fcs,#3D2777,#ffffff,"['http://a.espncdn.com/i/teamlogos/ncaa/500/399.png', 'http://a.espncdn.com/i/teamlogos/ncaa/500-dark/399.png']",@UAlbanyFootball,"{'id': 4419, 'name': 'Bob Ford Field', 'city': 'Albany', 'state': 'NY', 'zip': '12222', 'countryCode': 'US', 'timezone': 'America/New_York', 'latitude': 42.6808062, 'longitude': -73.8272841, 'elevation': '64.42764282', 'capacity': 8500, 'constructionYear': 2013, 'grass': False, 'dome': False}"
302,UC Davis,Aggies,UCD,"['California-Davis', 'UCD', 'UC Davis']",Big Sky,,fcs,#002855,#c3c4c6,"['http://a.espncdn.com/i/teamlogos/ncaa/500/302.png', 'http://a.espncdn.com/i/teamlogos/ncaa/500-dark/302.png']",@UCDfootball,"{'id': 3602, 'name': 'Aggie Stadium', 'city': 'Davis', 'state': 'CA', 'zip': '95616', 'countryCode': 'US', 'timezone': 'America/Los_Angeles', 'latitude': 38.5365266, 'longitude': -121.7627936, 'elevation': '11.3825922', 'capacity': 10743, 'constructionYear': 2007, 'grass': False, 'dome': False}"
2116,UCF,Knights,UCF,"['Central Florida', 'UCF', 'UCF']",Big 12,,fbs,#ba9b37,#000000,"['http://a.espncdn.com/i/teamlogos/ncaa/500/2116.png', 'http://a.espncdn.com/i/teamlogos/ncaa/500-dark/2116.png']",@UCF_Football,"{'id': 3652, 'name': 'FBC Mortgage Stadium', 'city': 'Orlando', 'state': 'FL', 'zip': '32816', 'countryCode': 'US', 'timezone': 'America/New_York', 'latitude': 28.6079765, 'longitude': -81.1927233, 'elevation': '20.94113731', 'capacity': 44206, 'constructionYear': 2007, 'grass': True, 'dome': False}"
26,UCLA,Bruins,UCLA,"['UCLA', 'UCLA']",Big Ten,,fbs,#2774ae,#f2a900,"['http://a.espncdn.com/i/teamlogos/ncaa/500/26.png', 'http://a.espncdn.com/i/teamlogos/ncaa/500-dark/26.png']",@UCLAFootball,"{'id': 1056, 'name': 'Rose Bowl', 'city': 'Pasadena', 'state': 'CA', 'zip': '90095', 'countryCode': 'US', 'timezone': 'America/Los_Angeles', 'latitude': 34.1613284, 'longitude': -118.1676462, 'elevation': '245.1772461', 'capacity': 88565, 'constructionYear': 1922, 'grass': True, 'dome': False}"
41,UConn,Huskies,CONN,"['Connecticut', 'CONN', 'UConn']",FBS Independents,,fbs,#0c2340,#f1f2f3,"['http://a.espncdn.com/i/teamlogos/ncaa/500/41.png', 'http://a.espncdn.com/i/teamlogos/ncaa/500-dark/41.png']",@UConnFootball,"{'id': 3892, 'name': 'Pratt & Whitney Stadium', 'city': 'East Hartford', 'state': 'CT', 'zip': '6118 ', 'countryCode': 'US', 'timezone': 'America/New_York', 'latitude': 41.7595675, 'longitude': -72.6187728, 'elevation': '6.515614986', 'capacity': 40000, 'constructionYear': 2003, 'grass': True, 'dome': False}"
124110,UFTL,Eagles,UFTL,"['UFTL', 'UFTL']",,,,#null,#null,,,"{'id': None, 'name': None, 'city': None, 'state': None, 'zip': None, 'countryCode': None, 'timezone': None, 'latitude': None, 'longitude': None, 'elevation': None, 'capacity': None, 'constructionYear': None, 'grass': None, 'dome': None}"
2433,UL Monroe,Warhawks,ULM,"['La.-Monroe', 'ULM', 'UL Monroe']",Sun Belt,West,fbs,#231F20,#b18445,"['http://a.espncdn.com/i/teamlogos/ncaa/500/2433.png', 'http://a.espncdn.com/i/teamlogos/ncaa/500-dark/2433.png']",@ULM_FB,"{'id': 3817, 'name': 'Malone Stadium', 'city': 'Monroe', 'state': 'LA', 'zip': '71209', 'countryCode': 'US', 'timezone': 'America/Chicago', 'latitude': 32.5308089, 'longitude': -92.0660602, 'elevation': '22.998209', 'capacity': 27617, 'constructionYear': 1978, 'grass': False, 'dome': False}"
379,UMass Dartmouth,Corsairs,MAS,"['MAS', 'UMass Dart']",MSCAC,,iii,#null,#null,"['http://a.espncdn.com/i/teamlogos/ncaa/500/379.png', 'http://a.espncdn.com/i/teamlogos/ncaa/500-dark/379.png']",,"{'id': 5939, 'name': 'Cressy Field', 'city': 'Dartmouth', 'state': 'MA', 'zip': '02747', 'countryCode': 'US', 'timezone': None, 'latitude': 41.6332267, 'longitude': -70.9879928, 'elevation': None, 'capacity': 1850, 'constructionYear': None, 'grass': None, 'dome': False}"
2349,UMass Lowell,River Hawks,UML,"['UML', 'UMass Lowell']",,,,#000000,#cf1f2f,"['http://a.espncdn.com/i/teamlogos/ncaa/500/2349.png', 'http://a.espncdn.com/i/teamlogos/ncaa/500-dark/2349.png']",,"{'id': None, 'name': None, 'city': None, 'state': None, 'zip': None, 'countryCode': None, 'timezone': None, 'latitude': None, 'longitude': None, 'elevation': None, 'capacity': None, 'constructionYear': None, 'grass': None, 'dome': None}"
2882,UNC Pembroke,Braves,NCPEMB,"['NCPEMB', 'NC Pembrke']",Carolinas,,ii,#null,#null,"['http://a.espncdn.com/i/teamlogos/ncaa/500/2882.png', 'http://a.espncdn.com/i/teamlogos/ncaa/500-dark/2882.png']",,"{'id': 6060, 'name': 'Grace P. Johnson Stadium', 'city': 'Pembroke', 'state': 'NC', 'zip': '28372', 'countryCode': 'US', 'timezone': None, 'latitude': 34.6801627, 'longitude': -79.1950373, 'elevation': None, 'capacity': 4000, 'constructionYear': None, 'grass': None, 'dome': False}"
1001031,UNC-Pembroke,,,[],,,,#null,#null,,,"{'id': None, 'name': None, 'city': None, 'state': None, 'zip': None, 'countryCode': None, 'timezone': None, 'latitude': None, 'longitude': None, 'elevation': None, 'capacity': None, 'constructionYear': None, 'grass': None, 'dome': None}"
237,Union (NY),Garnet Chargers,UNNY,"['UNNY', 'Union']",Liberty League,,iii,#null,#null,"['http://a.espncdn.com/i/teamlogos/ncaa/500/237.png', 'http://a.espncdn.com/i/teamlogos/ncaa/500-dark/237.png']",,"{'id': 6134, 'name': 'Frank Bailey Field', 'city': 'Schenectady', 'state': 'NY', 'zip': '12150', 'countryCode': 'US', 'timezone': None, 'latitude': 42.8142432, 'longitude': -73.9395687, 'elevation': None, 'capacity': 1600, 'constructionYear': None, 'grass': None, 'dome': False}"
1001030,University of Charleston,,,[],,,,#null,#null,,,"{'id': None, 'name': None, 'city': None, 'state': None, 'zip': None, 'countryCode': None, 'timezone': None, 'latitude': None, 'longitude': None, 'elevation': None, 'capacity': None, 'constructionYear': None, 'grass': None, 'dome': None}"
2128,University Of Charleston (WV),Golden Eagles,CHWV,"['CHWV', 'Charl WV']",Mountain East,,ii,#null,#null,"['http://a.espncdn.com/i/teamlogos/ncaa/500/2128.png', 'http://a.espncdn.com/i/teamlogos/ncaa/500-dark/2128.png']",,"{'id': 5121, 'name': 'University of Charleston Stadium', 'city': 'Charleston', 'state': 'WV', 'zip': '25314', 'countryCode': 'US', 'timezone': None, 'latitude': 38.3505995, 'longitude': -81.6332812, 'elevation': None, 'capacity': 18500, 'constructionYear': None, 'grass': None, 'dome': False}"
109425,University of God's Chosen,Disciples,GDCH,"['GDCH', ""University of God's Chosen""]",,,,#null,#null,,,"{'id': None, 'name': None, 'city': None, 'state': None, 'zip': None, 'countryCode': None, 'timezone': None, 'latitude': None, 'longitude': None, 'elevation': None, 'capacity': None, 'constructionYear': None, 'grass': None, 'dome': None}"
1001000,University of Guelph,,,[],,,,#null,#null,,,"{'id': None, 'name': None, 'city': None, 'state': None, 'zip': None, 'countryCode': None, 'timezone': None, 'latitude': None, 'longitude': None, 'elevation': None, 'capacity': None, 'constructionYear': None, 'grass': None, 'dome': None}"
3212,University Of Mexico,Mexico U,UMEX,"['UMEX', 'Mexico']",,,,#null,#null,,,"{'id': None, 'name': None, 'city': None, 'state': None, 'zip': None, 'countryCode': None, 'timezone': None, 'latitude': None, 'longitude': None, 'elevation': None, 'capacity': None, 'constructionYear': None, 'grass': None, 'dome': None}"
426,University of Mount Union,Raiders,MTU,"['MTU', 'Mt Union']",Ohio,,iii,#null,#null,"['http://a.espncdn.com/i/teamlogos/ncaa/500/426.png', 'http://a.espncdn.com/i/teamlogos/ncaa/500-dark/426.png']",,"{'id': 4856, 'name': 'Mount Union Stadium', 'city': 'Alliance', 'state': 'OH', 'zip': '44601', 'countryCode': 'US', 'timezone': None, 'latitude': 40.9153362, 'longitude': -81.1059309, 'elevation': None, 'capacity': 5600, 'constructionYear': None, 'grass': None, 'dome': False}"
131239,University of Rio Grande,Urg,,[],,,,#null,#null,,,"{'id': None, 'name': None, 'city': None, 'state': None, 'zip': None, 'countryCode': None, 'timezone': None, 'latitude': None, 'longitude': None, 'elevation': None, 'capacity': None, 'constructionYear': None, 'grass': None, 'dome': None}"
184,University of Rochester (NY),Yellow Jackets,ROC,"['ROC', 'Rochester']",Liberty League,,iii,#null,#null,"['http://a.espncdn.com/i/teamlogos/ncaa/500/184.png', 'http://a.espncdn.com/i/teamlogos/ncaa/500-dark/184.png']",,"{'id': 3717, 'name': 'Edwin Fauver Stadium', 'city': 'Rochester', 'state': 'NY', 'zip': '14617', 'countryCode': 'US', 'timezone': None, 'latitude': 43.157285, 'longitude': -77.615214, 'elevation': None, 'capacity': 5111, 'constructionYear': None, 'grass': None, 'dome': False}"
2831,University Of St Francis IN,Cougars,SBP,"['SBP', 'St Fran IN']",,,,#null,#null,"['http://a.espncdn.com/i/teamlogos/ncaa/500/2831.png', 'http://a.espncdn.com/i/teamlogos/ncaa/500-dark/2831.png']",,"{'id': None, 'name': None, 'city': None, 'state': None, 'zip': None, 'countryCode': None, 'timezone': None, 'latitude': None, 'longitude': None, 'elevation': None, 'capacity': None, 'constructionYear': None, 'grass': None, 'dome': None}"
2439,UNLV,Rebels,UNLV,"['Nevada-Las Vegas', 'UNLV', 'UNLV']",Mountain West,,fbs,#b10202,#ffffff,"['http://a.espncdn.com/i/teamlogos/ncaa/500/2439.png', 'http://a.espncdn.com/i/teamlogos/ncaa/500-dark/2439.png']",@UNLVFootball,"{'id': 6501, 'name': 'Allegiant Stadium', 'city': 'Las Vegas', 'state': 'NV', 'zip': '89154', 'countryCode': 'US', 'timezone': None, 'latitude': 36.1672559, 'longitude': -115.1485163, 'elevation': None, 'capacity': 65000, 'constructionYear': None, 'grass': False, 'dome': True}"
389,Upper Iowa University,Peacocks,UPPERIOWA,"['UPPERIOWA', 'Upper Iowa']",Great Lakes,,ii,#null,#null,"['http://a.espncdn.com/i/teamlogos/ncaa/500/389.png', 'http://a.espncdn.com/i/teamlogos/ncaa/500-dark/389.png']",,"{'id': 6030, 'name': 'Harms-Eischeid Stadium', 'city': 'Fayette', 'state': 'IA', 'zip': '52142', 'countryCode': 'US', 'timezone': None, 'latitude': 42.8420766, 'longitude': -91.850265, 'elevation': None, 'capacity': 3500, 'constructionYear': None, 'grass': None, 'dome': False}"
2666,Urbana,Blue Knights,URB,"['URB', 'Urbana']",,,,#000000,#null,"['http://a.espncdn.com/i/teamlogos/ncaa/500/2666.png', 'http://a.espncdn.com/i/teamlogos/ncaa/500-dark/2666.png']",,"{'id': None, 'name': None, 'city': None, 'state': None, 'zip': None, 'countryCode': None, 'timezone': None, 'latitude': None, 'longitude': None, 'elevation': None, 'capacity': None, 'constructionYear': None, 'grass': None, 'dome': None}"
2667,Ursinus,Bears,URS,"['URS', 'Ursinus']",Centennial,,iii,#98012e,#fcb034,"['http://a.espncdn.com/i/teamlogos/ncaa/500/2667.png', 'http://a.espncdn.com/i/teamlogos/ncaa/500-dark/2667.png']",,"{'id': 6136, 'name': 'Patterson Field', 'city': 'Collegeville', 'state': 'PA', 'zip': '19426', 'countryCode': 'US', 'timezone': None, 'latitude': 40.1856597, 'longitude': -75.451571, 'elevation': None, 'capacity': 2500, 'constructionYear': None, 'grass': None, 'dome': False}"
30,USC,Trojans,USC,"['USC', 'USC']",Big Ten,,fbs,#9e2237,#ffcc00,"['http://a.espncdn.com/i/teamlogos/ncaa/500/30.png', 'http://a.espncdn.com/i/teamlogos/ncaa/500-dark/30.png']",@uscfb,"{'id': 477, 'name': 'Los Angeles Memorial Coliseum', 'city': 'Los Angeles', 'state': 'CA', 'zip': '90089', 'countryCode': 'US', 'timezone': 'America/Los_Angeles', 'latitude': 34.014167, 'longitude': -118.287778, 'elevation': '42.50374222', 'capacity': 77500, 'constructionYear': 1923, 'grass': True, 'dome': False}"
254,Utah,Utes,UTAH,"['UTAH', 'Utah']",Big 12,,fbs,#ea002a,#ffffff,"['http://a.espncdn.com/i/teamlogos/ncaa/500/254.png', 'http://a.espncdn.com/i/teamlogos/ncaa/500-dark/254.png']",@Utah_Football,"{'id': 587, 'name': 'Rice-Eccles Stadium', 'city': 'Salt Lake City', 'state': 'UT', 'zip': '84112', 'countryCode': 'US', 'timezone': 'America/Denver', 'latitude': 40.7599724, 'longitude': -111.8488255, 'elevation': '1411.543579', 'capacity': 51444, 'constructionYear': 1998, 'grass': False, 'dome': False}"
328,Utah State,Aggies,USU,"['USU', 'Utah State']",Pac-12,,fbs,#00263a,#949ca1,"['http://a.espncdn.com/i/teamlogos/ncaa/500/328.png', 'http://a.espncdn.com/i/teamlogos/ncaa/500-dark/328.png']",@USUFootball,"{'id': 3905, 'name': 'Maverik Stadium', 'city': 'Logan', 'state': 'UT', 'zip': '84322', 'countryCode': 'US', 'timezone': 'America/Denver', 'latitude': 41.7517394, 'longitude': -111.8116007, 'elevation': '1427.914429', 'capacity': 25513, 'constructionYear': 1968, 'grass': False, 'dome': False}"
3101,Utah Tech,Trailblazers,UTU,"['Dixie State', 'UTU', 'Utah Tech']",UAC,,fcs,#null,#null,"['http://a.espncdn.com/i/teamlogos/ncaa/500/3101.png', 'http://a.espncdn.com/i/teamlogos/ncaa/500-dark/3101.png']",@UtahTechFB,"{'id': 3745, 'name': 'Greater Zion Stadium', 'city': 'Saint George', 'state': 'UT', 'zip': '84771', 'countryCode': 'US', 'timezone': None, 'latitude': 37.1098868, 'longitude': -113.5674494, 'elevation': None, 'capacity': 10500, 'constructionYear': None, 'grass': None, 'dome': False}"
2638,UTEP,Miners,UTEP,"['Texas-El Paso', 'UTEP', 'UTEP']",Mountain West,,fbs,#ff8200,#041e42,"['http://a.espncdn.com/i/teamlogos/ncaa/500/2638.png', 'http://a.espncdn.com/i/teamlogos/ncaa/500-dark/2638.png']",@UTEPFB,"{'id': 3946, 'name': 'Sun Bowl', 'city': 'El Paso', 'state': 'TX', 'zip': '79968', 'countryCode': 'US', 'timezone': 'America/Denver', 'latitude': 31.7733353, 'longitude': -106.507957, 'elevation': '1183.697876', 'capacity': 51500, 'constructionYear': 1963, 'grass': False, 'dome': False}"
390,Utica,Pioneers,UTICA,"['UTICA', 'Utica']",Empire 8,,iii,#null,#null,"['http://a.espncdn.com/i/teamlogos/ncaa/500/390.png', 'http://a.espncdn.com/i/teamlogos/ncaa/500-dark/390.png']",,"{'id': 3675, 'name': 'Charles A. Gaetano Stadium', 'city': 'Utica', 'state': 'NY', 'zip': '13501', 'countryCode': 'US', 'timezone': None, 'latitude': 43.1009031, 'longitude': -75.2326641, 'elevation': None, 'capacity': 1200, 'constructionYear': None, 'grass': None, 'dome': False}"
2630,UT Martin,Skyhawks,UTM,"['Tennessee Martin', 'UTM', 'UT Martin']",Big South-OVC,,fcs,#FF6700,#102a5c,"['http://a.espncdn.com/i/teamlogos/ncaa/500/2630.png', 'http://a.espncdn.com/i/teamlogos/ncaa/500-dark/2630.png']",@UTM_FOOTBALL,"{'id': 3748, 'name': 'Graham Stadium', 'city': 'Martin', 'state': 'TN', 'zip': '38238', 'countryCode': 'US', 'timezone': 'America/Chicago', 'latitude': 36.3448341, 'longitude': -88.8616245, 'elevation': '124.6879349', 'capacity': 7500, 'constructionYear': 1964, 'grass': False, 'dome': False}"
110243,UT Permian Basin,Falcons,TXPBAS,"['TXPBAS', 'UTPermianBasin']",Lone Star,,ii,#null,#null,,,"{'id': 5917, 'name': 'Ratliff Stadium', 'city': 'Odessa', 'state': 'TX', 'zip': '79766', 'countryCode': 'US', 'timezone': None, 'latitude': 31.8457149, 'longitude': -102.367687, 'elevation': None, 'capacity': 17931, 'constructionYear': None, 'grass': None, 'dome': False}"
292,UT Rio Grande Valley,Vaqueros,RGV,"['RGV', 'UT Rio Grande']",Southland,,fcs,#null,#null,"['http://a.espncdn.com/i/teamlogos/ncaa/500/292.png', 'http://a.espncdn.com/i/teamlogos/ncaa/500-dark/292.png']",,"{'id': 6006, 'name': 'Robert and Janet Vackar Stadium', 'city': 'Edinburg', 'state': 'TX', 'zip': None, 'countryCode': 'US', 'timezone': None, 'latitude': None, 'longitude': None, 'elevation': None, 'capacity': None, 'constructionYear': None, 'grass': None, 'dome': False}"
1001033,UT-Rio Grande Valley,,,[],,,,#null,#null,,,"{'id': None, 'name': None, 'city': None, 'state': None, 'zip': None, 'countryCode': None, 'timezone': None, 'latitude': None, 'longitude': None, 'elevation': None, 'capacity': None, 'constructionYear': None, 'grass': None, 'dome': None}"
1001049,UT-Rio Grande Valley (Do not use),,,[],,,,#null,#null,,,"{'id': None, 'name': None, 'city': None, 'state': None, 'zip': None, 'countryCode': None, 'timezone': None, 'latitude': None, 'longitude': None, 'elevation': None, 'capacity': None, 'constructionYear': None, 'grass': None, 'dome': None}"
2636,UTSA,Roadrunners,UTSA,"['Texas-San Antonio', 'UTSA', 'UTSA']",American Athletic,,fbs,#002A5C,#f47321,"['http://a.espncdn.com/i/teamlogos/ncaa/500/2636.png', 'http://a.espncdn.com/i/teamlogos/ncaa/500-dark/2636.png']",,"{'id': 3604, 'name': 'Alamodome', 'city': 'San Antonio', 'state': 'TX', 'zip': '78299', 'countryCode': 'US', 'timezone': 'America/Chicago', 'latitude': 29.4169834, 'longitude': -98.4788143, 'elevation': '201.5526886', 'capacity': 36582, 'constructionYear': 1993, 'grass': False, 'dome': True}"
2842,UVA Wise,Cavaliers,VIRWISE,"['UVA Wise', 'VIRWISE', 'VA Wise']",South Atlantic,,ii,#e30000,#000000,"['http://a.espncdn.com/i/teamlogos/ncaa/500/2842.png', 'http://a.espncdn.com/i/teamlogos/ncaa/500-dark/2842.png']",,"{'id': 6033, 'name': 'Carl Smith Stadium', 'city': 'Wise', 'state': 'VA', 'zip': '24293', 'countryCode': 'US', 'timezone': None, 'latitude': 36.9759345, 'longitude': -82.5757108, 'elevation': None, 'capacity': 3900, 'constructionYear': None, 'grass': None, 'dome': False}"
2673,Valdosta State,Blazers,VAL,"['VAL', 'Valdosta']",Gulf South,,ii,#dd1a32,#000000,"['http://a.espncdn.com/i/teamlogos/ncaa/500/2673.png', 'http://a.espncdn.com/i/teamlogos/ncaa/500-dark/2673.png']",,"{'id': 4851, 'name': 'Bazemore-Hyder Stadium', 'city': 'Valdosta', 'state': 'GA', 'zip': '31604', 'countryCode': 'US', 'timezone': None, 'latitude': 30.8327022, 'longitude': -83.2784851, 'elevation': None, 'capacity': 10100, 'constructionYear': None, 'grass': None, 'dome': False}"
628,Valley City State,Valley City St,VALCST,"['VALCST', 'Vall City']",,,,#null,#null,"['http://a.espncdn.com/i/teamlogos/ncaa/500/628.png', 'http://a.espncdn.com/i/teamlogos/ncaa/500-dark/628.png']",,"{'id': None, 'name': None, 'city': None, 'state': None, 'zip': None, 'countryCode': None, 'timezone': None, 'latitude': None, 'longitude': None, 'elevation': None, 'capacity': None, 'constructionYear': None, 'grass': None, 'dome': None}"
2674,Valparaiso,Beacons,VAL,"['VAL', 'Valparaiso']",Pioneer,,fcs,#794500,#null,"['http://a.espncdn.com/i/teamlogos/ncaa/500/2674.png', 'http://a.espncdn.com/i/teamlogos/ncaa/500-dark/2674.png']",@ValpoUFootball,"{'id': 3655, 'name': 'Brown Field', 'city': 'Valparaiso', 'state': 'IN', 'zip': '46383', 'countryCode': 'US', 'timezone': 'America/Chicago', 'latitude': 41.465642, 'longitude': -87.0479446, 'elevation': '244.6367645', 'capacity': 5000, 'constructionYear': 1919, 'grass': False, 'dome': False}"
238,Vanderbilt,Commodores,VAN,"['VAN', 'Vanderbilt']",SEC,,fbs,#866d4b,#000000,"['http://a.espncdn.com/i/teamlogos/ncaa/500/238.png', 'http://a.espncdn.com/i/teamlogos/ncaa/500-dark/238.png']",@VandyFootball,"{'id': 3973, 'name': 'FirstBank Stadium', 'city': 'Nashville', 'state': 'TN', 'zip': '37212', 'countryCode': 'US', 'timezone': 'America/Chicago', 'latitude': 36.1440455, 'longitude': -86.8088942, 'elevation': '159.9194641', 'capacity': 40351, 'constructionYear': 1922, 'grass': False, 'dome': False}"
222,Villanova,Wildcats,VILL,"['VILL', 'Villanova']",CAA,,fcs,#00205b,#13b5ea,"['http://a.espncdn.com/i/teamlogos/ncaa/500/222.png', 'http://a.espncdn.com/i/teamlogos/ncaa/500-dark/222.png']",@NovaFootball,"{'id': 717, 'name': 'Villanova Stadium', 'city': 'Villanova', 'state': 'PA', 'zip': '19085', 'countryCode': 'US', 'timezone': 'America/New_York', 'latitude': 40.0343329, 'longitude': -75.3367666, 'elevation': '127.3836746', 'capacity': 12500, 'constructionYear': 1927, 'grass': False, 'dome': False}"
258,Virginia,Cavaliers,UVA,"['UVA', 'Virginia']",ACC,,fbs,#232d4b,#f84c1e,"['http://a.espncdn.com/i/teamlogos/ncaa/500/258.png', 'http://a.espncdn.com/i/teamlogos/ncaa/500-dark/258.png']",@UVAFootball,"{'id': 3923, 'name': 'Scott Stadium', 'city': 'Charlottesville', 'state': 'VA', 'zip': '22904', 'countryCode': 'US', 'timezone': 'America/New_York', 'latitude': 38.0311801, 'longitude': -78.5137897, 'elevation': '170.4677429', 'capacity': 61500, 'constructionYear': 1931, 'grass': True, 'dome': False}"
330,Virginia St,Trojans,VIR,"['VIR', 'VA State']",CIAA,Northern,ii,#null,#null,"['http://a.espncdn.com/i/teamlogos/ncaa/500/330.png', 'http://a.espncdn.com/i/teamlogos/ncaa/500-dark/330.png']",,"{'id': 3904, 'name': 'Rogers Stadium (VA)', 'city': 'Petersburg', 'state': 'VA', 'zip': '23804', 'countryCode': 'US', 'timezone': None, 'latitude': 37.227928, 'longitude': -77.4019268, 'elevation': None, 'capacity': 7909, 'constructionYear': None, 'grass': None, 'dome': False}"
259,Virginia Tech,Hokies,VT,"['VT', 'Virginia Tech']",ACC,,fbs,#630031,#cf4520,"['http://a.espncdn.com/i/teamlogos/ncaa/500/259.png', 'http://a.espncdn.com/i/teamlogos/ncaa/500-dark/259.png']",@VT_Football,"{'id': 3799, 'name': 'Lane Stadium', 'city': 'Blacksburg', 'state': 'VA', 'zip': '24061', 'countryCode': 'US', 'timezone': 'America/New_York', 'latitude': 37.2199873, 'longitude': -80.4180643, 'elevation': '632.2631226', 'capacity': 65632, 'constructionYear': 1965, 'grass': True, 'dome': False}"
2355,Virginia University Of Lynchburg,Dragons,VIRLYN,"['Lynchburg', 'VIRLYN', 'Lynchburg']",,,,#null,#null,,,"{'id': None, 'name': None, 'city': None, 'state': None, 'zip': None, 'countryCode': None, 'timezone': None, 'latitude': None, 'longitude': None, 'elevation': None, 'capacity': None, 'constructionYear': None, 'grass': None, 'dome': None}"
2678,VMI,Keydets,VMI,"['Virginia Military Institute', 'VMI', 'VMI']",Southern,,fcs,#E52D37,#eec52b,"['http://a.espncdn.com/i/teamlogos/ncaa/500/2678.png', 'http://a.espncdn.com/i/teamlogos/ncaa/500-dark/2678.png']",@VMI_Football,"{'id': 3597, 'name': 'Alumni Memorial Field', 'city': 'Lexington', 'state': 'VA', 'zip': '24450', 'countryCode': 'US', 'timezone': 'America/New_York', 'latitude': 37.788983, 'longitude': -79.43505, 'elevation': '294.958252', 'capacity': 10000, 'constructionYear': 1962, 'grass': True, 'dome': False}"
89,Wabash College,Little Giants,WAB,"['Wabash', 'WAB', 'Wabash']",North Coast,,iii,#null,#null,"['http://a.espncdn.com/i/teamlogos/ncaa/500/89.png', 'http://a.espncdn.com/i/teamlogos/ncaa/500-dark/89.png']",,"{'id': 5123, 'name': 'Little Giant Stadium', 'city': 'Crawfordsville', 'state': 'IN', 'zip': '47933', 'countryCode': 'US', 'timezone': None, 'latitude': 40.0401991, 'longitude': -86.8990249, 'elevation': None, 'capacity': 3500, 'constructionYear': None, 'grass': None, 'dome': False}"
2681,Wagner,Seahawks,WAG,"['WAG', 'Wagner']",NEC,,fcs,#00483A,#ffffff,"['http://a.espncdn.com/i/teamlogos/ncaa/500/2681.png', 'http://a.espncdn.com/i/teamlogos/ncaa/500-dark/2681.png']",@Wagner_Football,"{'id': 3979, 'name': 'Wagner College Stadium', 'city': 'Staten Island', 'state': 'NY', 'zip': '10301', 'countryCode': 'US', 'timezone': 'America/New_York', 'latitude': 40.614688, 'longitude': -74.090639, 'elevation': '63.39014053', 'capacity': 3300, 'constructionYear': 1967, 'grass': False, 'dome': False}"
154,Wake Forest,Demon Deacons,WAKE,"['WAKE', 'Wake Forest']",ACC,,fbs,#9E7E38,#000000,"['http://a.espncdn.com/i/teamlogos/ncaa/500/154.png', 'http://a.espncdn.com/i/teamlogos/ncaa/500-dark/154.png']",@WakeFB,"{'id': 3630, 'name': 'Allegacy Federal Credit Union Stadium', 'city': 'Winston-Salem', 'state': 'NC', 'zip': '27105', 'countryCode': 'US', 'timezone': 'America/New_York', 'latitude': 36.1305507, 'longitude': -80.2545851, 'elevation': '283.548584', 'capacity': 31500, 'constructionYear': 1968, 'grass': False, 'dome': False}"
3080,Waldorf College,Warriors,WAL,"['WAL', 'Waldorf']",,,,#null,#null,"['http://a.espncdn.com/i/teamlogos/ncaa/500/3080.png', 'http://a.espncdn.com/i/teamlogos/ncaa/500-dark/3080.png']",,"{'id': None, 'name': None, 'city': None, 'state': None, 'zip': None, 'countryCode': None, 'timezone': None, 'latitude': None, 'longitude': None, 'elevation': None, 'capacity': None, 'constructionYear': None, 'grass': None, 'dome': None}"
2682,Walsh,Cavaliers,WAL,"['WAL', 'Walsh']",Great Midwest Athletic,,ii,#null,#null,"['http://a.espncdn.com/i/teamlogos/ncaa/500/2682.png', 'http://a.espncdn.com/i/teamlogos/ncaa/500-dark/2682.png']",,"{'id': 3718, 'name': 'Tom Benson Hall of Fame Stadium', 'city': 'Canton', 'state': 'OH', 'zip': None, 'countryCode': 'US', 'timezone': None, 'latitude': 40.7985464, 'longitude': -81.3749508, 'elevation': None, 'capacity': 23000, 'constructionYear': None, 'grass': None, 'dome': False}"
2683,Warner University,Royals,WARNE,"['WARNE', 'Warner']",,,,#null,#null,"['http://a.espncdn.com/i/teamlogos/ncaa/500/2683.png', 'http://a.espncdn.com/i/teamlogos/ncaa/500-dark/2683.png']",,"{'id': None, 'name': None, 'city': None, 'state': None, 'zip': None, 'countryCode': None, 'timezone': None, 'latitude': None, 'longitude': None, 'elevation': None, 'capacity': None, 'constructionYear': None, 'grass': None, 'dome': None}"
2685,Wartburg,Knights,WAR,"['WAR', 'Wartburg']",American Rivers,,iii,#f5822b,#000000,"['http://a.espncdn.com/i/teamlogos/ncaa/500/2685.png', 'http://a.espncdn.com/i/teamlogos/ncaa/500-dark/2685.png']",,"{'id': 6137, 'name': 'Walston-Hoover Stadium', 'city': 'Waverly', 'state': 'IA', 'zip': '50677', 'countryCode': 'US', 'timezone': None, 'latitude': 42.7258451, 'longitude': -92.4746033, 'elevation': None, 'capacity': 4000, 'constructionYear': None, 'grass': None, 'dome': False}"
2687,Washburn,Ichabods,WAS,"['WAS', 'Washburn']",Mid America,,ii,#null,#null,"['http://a.espncdn.com/i/teamlogos/ncaa/500/2687.png', 'http://a.espncdn.com/i/teamlogos/ncaa/500-dark/2687.png']",,"{'id': 6034, 'name': 'Yager Stadium at Moore Bowl', 'city': 'Topeka', 'state': 'KS', 'zip': '66603', 'countryCode': 'US', 'timezone': None, 'latitude': 39.049011, 'longitude': -95.677556, 'elevation': None, 'capacity': 7200, 'constructionYear': None, 'grass': None, 'dome': False}"
264,Washington,Huskies,WASH,"['WASH', 'Washington']",Big Ten,,fbs,#33006f,#e8d3a2,"['http://a.espncdn.com/i/teamlogos/ncaa/500/264.png', 'http://a.espncdn.com/i/teamlogos/ncaa/500-dark/264.png']",@UW_Football,"{'id': 3765, 'name': 'Husky Stadium', 'city': 'Seattle', 'state': 'WA', 'zip': '98195', 'countryCode': 'US', 'timezone': 'America/Los_Angeles', 'latitude': 47.6503235, 'longitude': -122.3015746, 'elevation': '11.65622807', 'capacity': 70138, 'constructionYear': 1920, 'grass': False, 'dome': False}"
2688,Washington and Lee,Generals,UWL,"['UWL', 'Wash and Lee']",Old Dominion,,iii,#000399,#d8d8d8,"['http://a.espncdn.com/i/teamlogos/ncaa/500/2688.png', 'http://a.espncdn.com/i/teamlogos/ncaa/500-dark/2688.png']",,"{'id': 6138, 'name': 'Wilson Field', 'city': 'Lexington', 'state': 'VA', 'zip': '22936', 'countryCode': 'US', 'timezone': None, 'latitude': 37.7840208, 'longitude': -79.4428157, 'elevation': None, 'capacity': 4000, 'constructionYear': None, 'grass': None, 'dome': False}"
2686,Washington & Jefferson,Presidents,WAS,"['WAS', 'Wash & Jeff']",Presidents',,iii,#null,#null,"['http://a.espncdn.com/i/teamlogos/ncaa/500/2686.png', 'http://a.espncdn.com/i/teamlogos/ncaa/500-dark/2686.png']",,"{'id': 6139, 'name': 'Cameron Stadium', 'city': 'Washington', 'state': 'PA', 'zip': '15301', 'countryCode': 'US', 'timezone': None, 'latitude': 31.3991238, 'longitude': -88.2019828, 'elevation': None, 'capacity': 3500, 'constructionYear': None, 'grass': None, 'dome': False}"
265,Washington State,Cougars,WSU,"['WSU', 'Washington St']",Pac-12,,fbs,#981e32,#ffffff,"['http://a.espncdn.com/i/teamlogos/ncaa/500/265.png', 'http://a.espncdn.com/i/teamlogos/ncaa/500-dark/265.png']",@WSUCougarFB,"{'id': 3820, 'name': 'Gesa Field', 'city': 'Pullman', 'state': 'WA', 'zip': '99164', 'countryCode': 'US', 'timezone': 'America/Los_Angeles', 'latitude': 46.731831, 'longitude': -117.1604991, 'elevation': '773.9526367', 'capacity': 32952, 'constructionYear': 1972, 'grass': False, 'dome': False}"
143,Washington University (St. Louis),Bears,WSTL,"['WSTL', 'Wash St Louis']",CCIW,,iii,#null,#null,"['http://a.espncdn.com/i/teamlogos/ncaa/500/143.png', 'http://a.espncdn.com/i/teamlogos/ncaa/500-dark/143.png']",,"{'id': 5897, 'name': 'Francis Field (MO)', 'city': 'Saint Louis', 'state': 'MO', 'zip': '63103', 'countryCode': 'US', 'timezone': None, 'latitude': 38.6264256, 'longitude': -90.1995853, 'elevation': None, 'capacity': 4000, 'constructionYear': None, 'grass': None, 'dome': False}"
630,Wayland Baptist,Pioneers,WAYLAND,"['WAYLAND', 'Wayland']",,,,#null,#null,"['http://a.espncdn.com/i/teamlogos/ncaa/500/630.png', 'http://a.espncdn.com/i/teamlogos/ncaa/500-dark/630.png']",,"{'id': None, 'name': None, 'city': None, 'state': None, 'zip': None, 'countryCode': None, 'timezone': None, 'latitude': None, 'longitude': None, 'elevation': None, 'capacity': None, 'constructionYear': None, 'grass': None, 'dome': None}"
2845,Waynesburg,Yellow Jackets,WAYNEB,"['WAYNEB', 'Waynesburg']",Presidents',,iii,#null,#null,"['http://a.espncdn.com/i/teamlogos/ncaa/500/2845.png', 'http://a.espncdn.com/i/teamlogos/ncaa/500-dark/2845.png']",,"{'id': 6140, 'name': 'John F. Wiley Stadium', 'city': 'Waynesburg', 'state': 'PA', 'zip': None, 'countryCode': 'US', 'timezone': None, 'latitude': 39.8964641, 'longitude': -80.1792299, 'elevation': None, 'capacity': 4000, 'constructionYear': None, 'grass': None, 'dome': False}"
1001070,Wayne State College,,,[],,,,#null,#null,,,"{'id': None, 'name': None, 'city': None, 'state': None, 'zip': None, 'countryCode': None, 'timezone': None, 'latitude': None, 'longitude': None, 'elevation': None, 'capacity': None, 'constructionYear': None, 'grass': None, 'dome': None}"
131,Wayne State (MI),Warriors,WAY,"['WAY', 'Wayne State MI']",GLIAC,,ii,#null,#null,"['http://a.espncdn.com/i/teamlogos/ncaa/500/131.png', 'http://a.espncdn.com/i/teamlogos/ncaa/500-dark/131.png']",,"{'id': 3600, 'name': 'Tom Adams Field', 'city': 'Detroit', 'state': 'MI', 'zip': '48207', 'countryCode': 'US', 'timezone': None, 'latitude': 42.3315509, 'longitude': -83.0466403, 'elevation': None, 'capacity': 6439, 'constructionYear': None, 'grass': None, 'dome': False}"
2844,Wayne State (NE),Wildcats,WNST,"['WNST', 'Wayne State NE']",Northern Sun,,ii,#null,#null,"['http://a.espncdn.com/i/teamlogos/ncaa/500/2844.png', 'http://a.espncdn.com/i/teamlogos/ncaa/500-dark/2844.png']",,"{'id': 6035, 'name': 'Memorial Stadium (Wayne, NE)', 'city': 'Wayne', 'state': 'NE', 'zip': '68787', 'countryCode': 'US', 'timezone': None, 'latitude': 42.1941294, 'longitude': -97.169623, 'elevation': None, 'capacity': 2500, 'constructionYear': None, 'grass': None, 'dome': False}"
2691,Webber International,Warriors,WEBBINT,"['WEBBINT', 'Webber Int']",,,,#bf2f38,#909090,"['http://a.espncdn.com/i/teamlogos/ncaa/500/2691.png', 'http://a.espncdn.com/i/teamlogos/ncaa/500-dark/2691.png']",,"{'id': None, 'name': None, 'city': None, 'state': None, 'zip': None, 'countryCode': None, 'timezone': None, 'latitude': None, 'longitude': None, 'elevation': None, 'capacity': None, 'constructionYear': None, 'grass': None, 'dome': None}"
2692,Weber State,Wildcats,WEB,"['WEB', 'Weber St']",Big Sky,,fcs,#18005a,#ebebeb,"['http://a.espncdn.com/i/teamlogos/ncaa/500/2692.png', 'http://a.espncdn.com/i/teamlogos/ncaa/500-dark/2692.png']",@WeberStateFB,"{'id': 3942, 'name': 'Stewart Stadium', 'city': 'Ogden', 'state': 'UT', 'zip': '84408', 'countryCode': 'US', 'timezone': 'America/Denver', 'latitude': 41.1918741, 'longitude': -111.9401391, 'elevation': '1451.553711', 'capacity': 17500, 'constructionYear': 1966, 'grass': False, 'dome': False}"
336,Wesleyan University (CT),Cardinals,WES,"['Wesleyan', 'WES', 'Wesleyan']",NESCAC,,iii,#d72121,#000000,"['http://a.espncdn.com/i/teamlogos/ncaa/500/336.png', 'http://a.espncdn.com/i/teamlogos/ncaa/500-dark/336.png']",,"{'id': 6141, 'name': 'Corwin Stadium', 'city': 'Middletown', 'state': 'CT', 'zip': None, 'countryCode': 'US', 'timezone': None, 'latitude': 41.5623178, 'longitude': -72.6509061, 'elevation': None, 'capacity': 3000, 'constructionYear': None, 'grass': None, 'dome': False}"
2846,Wesley College,Wolverines,WES,"['WES', 'Wesley College']",,,,#000000,#null,"['http://a.espncdn.com/i/teamlogos/ncaa/500/2846.png', 'http://a.espncdn.com/i/teamlogos/ncaa/500-dark/2846.png']",,"{'id': None, 'name': None, 'city': None, 'state': None, 'zip': None, 'countryCode': None, 'timezone': None, 'latitude': None, 'longitude': None, 'elevation': None, 'capacity': None, 'constructionYear': None, 'grass': None, 'dome': None}"
3147,West,All-Stars,WEST,"['WEST', 'West']",,,,#000000,#null,,,"{'id': None, 'name': None, 'city': None, 'state': None, 'zip': None, 'countryCode': None, 'timezone': None, 'latitude': None, 'longitude': None, 'elevation': None, 'capacity': None, 'constructionYear': None, 'grass': None, 'dome': None}"
2695,West Alabama,Tigers,WES,"['WES', 'W Alabama']",Gulf South,,ii,#d31d33,#ffffff,"['http://a.espncdn.com/i/teamlogos/ncaa/500/2695.png', 'http://a.espncdn.com/i/teamlogos/ncaa/500-dark/2695.png']",,"{'id': 3957, 'name': 'Tiger Stadium (AL)', 'city': 'Livingston', 'state': 'AL', 'zip': '35470', 'countryCode': 'US', 'timezone': None, 'latitude': 32.5843026, 'longitude': -88.1872474, 'elevation': None, 'capacity': 7000, 'constructionYear': None, 'grass': None, 'dome': False}"
223,West Chester,Golden Rams,WES,"['WES', 'W Chester']",Pennsylvania State Athletic,Eastern,ii,#null,#null,"['http://a.espncdn.com/i/teamlogos/ncaa/500/223.png', 'http://a.espncdn.com/i/teamlogos/ncaa/500-dark/223.png']",,"{'id': 4427, 'name': 'John A. Farrell Stadium', 'city': 'West Chester', 'state': 'PA', 'zip': '19383', 'countryCode': 'US', 'timezone': None, 'latitude': 39.9597213, 'longitude': -75.6059638, 'elevation': None, 'capacity': 7500, 'constructionYear': None, 'grass': None, 'dome': False}"
2717,Western Carolina,Catamounts,WCU,"['WCU', 'W Carolina']",Southern,,fcs,#492F91,#bf9e70,"['http://a.espncdn.com/i/teamlogos/ncaa/500/2717.png', 'http://a.espncdn.com/i/teamlogos/ncaa/500-dark/2717.png']",@WCU_FB,"{'id': 3704, 'name': 'E. J. Whitmire Stadium', 'city': 'Cullowhee', 'state': 'NC', 'zip': '28723', 'countryCode': 'US', 'timezone': 'America/New_York', 'latitude': 35.3048352, 'longitude': -83.1818148, 'elevation': '653.8632813', 'capacity': 13742, 'constructionYear': 1974, 'grass': False, 'dome': False}"
2714,Western Colorado,Mountaineers,WSCO,"['WSCO', 'W Colorado']",Rocky Mountain,,ii,#null,#null,"['http://a.espncdn.com/i/teamlogos/ncaa/500/2714.png', 'http://a.espncdn.com/i/teamlogos/ncaa/500-dark/2714.png']",,"{'id': 5782, 'name': 'Mountaineer Bowl', 'city': 'Gunnison', 'state': 'CO', 'zip': '81230', 'countryCode': 'US', 'timezone': None, 'latitude': 38.6476702, 'longitude': -107.0603126, 'elevation': None, 'capacity': 4000, 'constructionYear': None, 'grass': None, 'dome': False}"
2843,Western Connecticut St,Wolves,WES,"['WES', 'W Conn St']",Landmark Conference,,iii,#002857,#ffffff,"['http://a.espncdn.com/i/teamlogos/ncaa/500/2843.png', 'http://a.espncdn.com/i/teamlogos/ncaa/500-dark/2843.png']",,"{'id': 6142, 'name': 'Westside Athletic Complex', 'city': 'Danbury', 'state': 'CT', 'zip': '06811', 'countryCode': 'US', 'timezone': None, 'latitude': 41.394817, 'longitude': -73.4540111, 'elevation': None, 'capacity': 2500, 'constructionYear': None, 'grass': None, 'dome': False}"
1001080,Western Connecticut State,,,[],,,,#null,#null,,,"{'id': None, 'name': None, 'city': None, 'state': None, 'zip': None, 'countryCode': None, 'timezone': None, 'latitude': None, 'longitude': None, 'elevation': None, 'capacity': None, 'constructionYear': None, 'grass': None, 'dome': None}"
2710,Western Illinois,Leathernecks,WIU,"['WIU', 'W Illinois']",Big South-OVC,,fcs,#4e1e8a,#ffc90a,"['http://a.espncdn.com/i/teamlogos/ncaa/500/2710.png', 'http://a.espncdn.com/i/teamlogos/ncaa/500-dark/2710.png']",@WIUFootball,"{'id': 3746, 'name': 'Hanson Field', 'city': 'Macomb', 'state': 'IL', 'zip': '61455', 'countryCode': 'US', 'timezone': 'America/Chicago', 'latitude': 40.4683928, 'longitude': -90.6841248, 'elevation': '192.8755646', 'capacity': 16368, 'constructionYear': 1950, 'grass': False, 'dome': False}"
98,Western Kentucky,Hilltoppers,WKU,"['WKU', 'Western KY']",Conference USA,,fbs,#F32026,#b3b5b8,"['http://a.espncdn.com/i/teamlogos/ncaa/500/98.png', 'http://a.espncdn.com/i/teamlogos/ncaa/500-dark/98.png']",@WKUFootball,"{'id': 3796, 'name': 'Houchens Industries-L.T. Smith Stadium', 'city': 'Bowling Green', 'state': 'KY', 'zip': '42101', 'countryCode': 'US', 'timezone': 'America/Chicago', 'latitude': 36.9847901, 'longitude': -86.4594041, 'elevation': '154.4346619', 'capacity': 22113, 'constructionYear': 1968, 'grass': False, 'dome': False}"
2711,Western Michigan,Broncos,WMU,"['WMU', 'W Michigan']",Mid-American,,fbs,#532e1f,#8b7f79,"['http://a.espncdn.com/i/teamlogos/ncaa/500/2711.png', 'http://a.espncdn.com/i/teamlogos/ncaa/500-dark/2711.png']",@WMU_Football,"{'id': 3980, 'name': 'Waldo Stadium', 'city': 'Kalamazoo', 'state': 'MI', 'zip': '49008', 'countryCode': 'US', 'timezone': 'America/Detroit', 'latitude': 42.2860064, 'longitude': -85.6007573, 'elevation': '243.8211212', 'capacity': 30200, 'constructionYear': 1939, 'grass': False, 'dome': False}"
2702,Western New England,Golden Bears,WNWENG,"['WNWENG', 'Western NE']",Commonwealth Coast,,iii,#null,#null,"['http://a.espncdn.com/i/teamlogos/ncaa/500/2702.png', 'http://a.espncdn.com/i/teamlogos/ncaa/500-dark/2702.png']",,"{'id': 6143, 'name': 'Golden Bear Stadium', 'city': 'Springfield', 'state': 'MA', 'zip': '56087', 'countryCode': 'US', 'timezone': None, 'latitude': 42.1018764, 'longitude': -72.5886727, 'elevation': None, 'capacity': 1500, 'constructionYear': None, 'grass': None, 'dome': False}"
2703,Western New Mexico,Mustangs,WNMEX,"['WNMEX', 'W New Mex']",Lone Star,,ii,#null,#null,"['http://a.espncdn.com/i/teamlogos/ncaa/500/2703.png', 'http://a.espncdn.com/i/teamlogos/ncaa/500-dark/2703.png']",,"{'id': 3633, 'name': 'Ben Altamirano Field', 'city': 'Silver City', 'state': 'NM', 'zip': '88062', 'countryCode': 'US', 'timezone': None, 'latitude': 32.7751371, 'longitude': -108.2754371, 'elevation': None, 'capacity': 3000, 'constructionYear': None, 'grass': None, 'dome': False}"
2848,Western Oregon,Wolves,WORE,"['WORE', 'Western Oregon']",Lone Star,,ii,#null,#null,"['http://a.espncdn.com/i/teamlogos/ncaa/500/2848.png', 'http://a.espncdn.com/i/teamlogos/ncaa/500-dark/2848.png']",,"{'id': 5783, 'name': 'McArthur Field', 'city': 'Monmouth', 'state': 'OR', 'zip': '97361', 'countryCode': 'US', 'timezone': None, 'latitude': 44.8486414, 'longitude': -123.2290777, 'elevation': None, 'capacity': 3000, 'constructionYear': None, 'grass': None, 'dome': False}"
2847,Western Washington,Vikings,WES,"['WES', 'W Washington']",,,,#000000,#null,"['http://a.espncdn.com/i/teamlogos/ncaa/500/2847.png', 'http://a.espncdn.com/i/teamlogos/ncaa/500-dark/2847.png']",,"{'id': None, 'name': None, 'city': None, 'state': None, 'zip': None, 'countryCode': None, 'timezone': None, 'latitude': None, 'longitude': None, 'elevation': None, 'capacity': None, 'constructionYear': None, 'grass': None, 'dome': None}"
2909,Westfield State,Owls,WES,"['WES', 'Westfield St']",MSCAC,,iii,#1b509e,#000000,"['http://a.espncdn.com/i/teamlogos/ncaa/500/2909.png', 'http://a.espncdn.com/i/teamlogos/ncaa/500-dark/2909.png']",,"{'id': 6144, 'name': 'Alumni Field (Westfield, MA)', 'city': 'Westfield', 'state': 'MA', 'zip': '04787', 'countryCode': 'US', 'timezone': None, 'latitude': 42.1390327, 'longitude': -72.7584859, 'elevation': None, 'capacity': 4000, 'constructionYear': None, 'grass': None, 'dome': False}"
110242,West Florida,Argonauts,WES,"['WES', 'W Florida']",Gulf South,,ii,#null,#null,,,"{'id': 10803, 'name': 'Pen-Air Field', 'city': 'Pensacola', 'state': 'FL', 'zip': None, 'countryCode': 'US', 'timezone': None, 'latitude': None, 'longitude': None, 'elevation': None, 'capacity': None, 'constructionYear': None, 'grass': None, 'dome': False}"
2698,West Georgia,Wolves,WGA,"['WGA', 'West Georgia']",UAC,,fcs,#0033a1,#db1a21,"['http://a.espncdn.com/i/teamlogos/ncaa/500/2698.png', 'http://a.espncdn.com/i/teamlogos/ncaa/500-dark/2698.png']",,"{'id': 5888, 'name': 'University Stadium (GA)', 'city': 'Carrollton', 'state': 'GA', 'zip': None, 'countryCode': 'US', 'timezone': None, 'latitude': 33.5801103, 'longitude': -85.0766113, 'elevation': None, 'capacity': 10000, 'constructionYear': None, 'grass': None, 'dome': False}"
2699,West Liberty,Hilltoppers,WLIBST,"['WLIBST', 'West Liberty']",Mountain East,,ii,#null,#null,"['http://a.espncdn.com/i/teamlogos/ncaa/500/2699.png', 'http://a.espncdn.com/i/teamlogos/ncaa/500-dark/2699.png']",,"{'id': 5886, 'name': 'West Family Stadium', 'city': 'Wheeling', 'state': 'WV', 'zip': '26003', 'countryCode': 'US', 'timezone': None, 'latitude': 40.0639616, 'longitude': -80.7209149, 'elevation': None, 'capacity': 4000, 'constructionYear': None, 'grass': None, 'dome': False}"
3211,West Memphis,Crusaders,FAI,"['FAI', 'C of Faith']",,,,#null,#null,"['http://a.espncdn.com/i/teamlogos/ncaa/500/3211.png', 'http://a.espncdn.com/i/teamlogos/ncaa/500-dark/3211.png']",,"{'id': None, 'name': None, 'city': None, 'state': None, 'zip': None, 'countryCode': None, 'timezone': None, 'latitude': None, 'longitude': None, 'elevation': None, 'capacity': None, 'constructionYear': None, 'grass': None, 'dome': None}"
433,Westminster College (MO),Blue Jays,WMN,"['WMN', 'Wmnstermo']",Upper Midwest,,iii,#06496f,#ffffff,"['http://a.espncdn.com/i/teamlogos/ncaa/500/433.png', 'http://a.espncdn.com/i/teamlogos/ncaa/500-dark/433.png']",,"{'id': 6145, 'name': 'Blue Jay Stadium', 'city': 'Fulton', 'state': 'MO', 'zip': '65251', 'countryCode': 'US', 'timezone': None, 'latitude': 38.8467082, 'longitude': -91.9479586, 'elevation': None, 'capacity': 2000, 'constructionYear': None, 'grass': None, 'dome': False}"
2849,Westminster (PA),Titans,WMNPA,"['WMNPA', 'Wmnsterpa']",Presidents',,iii,#null,#null,"['http://a.espncdn.com/i/teamlogos/ncaa/500/2849.png', 'http://a.espncdn.com/i/teamlogos/ncaa/500-dark/2849.png']",,"{'id': 6146, 'name': 'Memorial Field (PA)', 'city': 'New Wilmington', 'state': 'PA', 'zip': '16172', 'countryCode': 'US', 'timezone': None, 'latitude': 41.1222812, 'longitude': -80.3328428, 'elevation': None, 'capacity': 4500, 'constructionYear': None, 'grass': None, 'dome': False}"
2704,West Texas A&M,Buffaloes,WES,"['WES', 'West Texas A&M']",Lone Star,,ii,#null,#null,"['http://a.espncdn.com/i/teamlogos/ncaa/500/2704.png', 'http://a.espncdn.com/i/teamlogos/ncaa/500-dark/2704.png']",,"{'id': 5884, 'name': 'Buffalo Stadium', 'city': 'Canyon', 'state': 'TX', 'zip': '79016', 'countryCode': 'US', 'timezone': None, 'latitude': 34.9799429, 'longitude': -101.919197, 'elevation': None, 'capacity': 12000, 'constructionYear': None, 'grass': None, 'dome': False}"
277,West Virginia,Mountaineers,WVU,"['WVU', 'West Virginia']",Big 12,,fbs,#002855,#eaaa00,"['http://a.espncdn.com/i/teamlogos/ncaa/500/277.png', 'http://a.espncdn.com/i/teamlogos/ncaa/500-dark/277.png']",@WVUFootball,"{'id': 3842, 'name': 'Milan Puskar Stadium', 'city': 'Morgantown', 'state': 'WV', 'zip': '26507', 'countryCode': 'US', 'timezone': 'America/New_York', 'latitude': 39.6502744, 'longitude': -79.9551873, 'elevation': '327.409668', 'capacity': 60000, 'constructionYear': 1980, 'grass': False, 'dome': False}"
2706,West Virginia Institute Of Tech,Golden Bears,WVT,"['WVT', 'WV Tech']",,,,#null,#null,"['http://a.espncdn.com/i/teamlogos/ncaa/500/2706.png', 'http://a.espncdn.com/i/teamlogos/ncaa/500-dark/2706.png']",,"{'id': None, 'name': None, 'city': None, 'state': None, 'zip': None, 'countryCode': None, 'timezone': None, 'latitude': None, 'longitude': None, 'elevation': None, 'capacity': None, 'constructionYear': None, 'grass': None, 'dome': None}"
2707,West Virginia State,Yellow Jackets,WEST ,"['WEST ', 'W Virginia St']",Mountain East,,ii,#null,#null,"['http://a.espncdn.com/i/teamlogos/ncaa/500/2707.png', 'http://a.espncdn.com/i/teamlogos/ncaa/500-dark/2707.png']",,"{'id': 5785, 'name': 'Dickerson Stadium', 'city': 'Institute', 'state': 'WV', 'zip': '25112', 'countryCode': 'US', 'timezone': None, 'latitude': 38.3836097, 'longitude': -81.7654665, 'elevation': None, 'capacity': 5000, 'constructionYear': None, 'grass': None, 'dome': False}"
455,West Virginia Wesleyan,Bobcats,WEST,"['West Virginia Wesleyan', 'WEST', 'WV Weslyan']",Mountain East,,ii,#null,#null,"['http://a.espncdn.com/i/teamlogos/ncaa/500/455.png', 'http://a.espncdn.com/i/teamlogos/ncaa/500-dark/455.png']",,"{'id': 5784, 'name': 'Cebe Ross Field', 'city': 'Buckhannon', 'state': 'WV', 'zip': '26201', 'countryCode': 'US', 'timezone': None, 'latitude': 38.9939426, 'longitude': -80.2322698, 'elevation': None, 'capacity': 3000, 'constructionYear': None, 'grass': None, 'dome': False}"
396,Wheaton,Thunder,WHEATON,"['WHEATON', 'Wheaton']",CCIW,,iii,#null,#null,"['http://a.espncdn.com/i/teamlogos/ncaa/500/396.png', 'http://a.espncdn.com/i/teamlogos/ncaa/500-dark/396.png']",,"{'id': 5115, 'name': 'McCully Stadium', 'city': 'Wheaton', 'state': 'IL', 'zip': '60187', 'countryCode': 'US', 'timezone': None, 'latitude': 41.8646959, 'longitude': -88.1101709, 'elevation': None, 'capacity': 4100, 'constructionYear': None, 'grass': None, 'dome': False}"
112335,Wheeling,Cardinals,WHEEL,"['WHEEL', 'Wheeling']",Mountain East,,ii,#null,#null,,,"{'id': 6212, 'name': 'Bishop Schmitt Field', 'city': 'Wheeling', 'state': 'WV', 'zip': '26003', 'countryCode': 'US', 'timezone': None, 'latitude': 40.0639616, 'longitude': -80.7209149, 'elevation': None, 'capacity': 2200, 'constructionYear': None, 'grass': None, 'dome': False}"
2850,Whittier,Poets,WHI,"['WHI', 'Whittier']",So. Cal.,,iii,#000000,#null,"['http://a.espncdn.com/i/teamlogos/ncaa/500/2850.png', 'http://a.espncdn.com/i/teamlogos/ncaa/500-dark/2850.png']",,"{'id': 6147, 'name': 'Memorial Stadium (Whittier, CA)', 'city': 'Whittier', 'state': 'CA', 'zip': None, 'countryCode': 'US', 'timezone': None, 'latitude': 33.9708782, 'longitude': -118.0308396, 'elevation': None, 'capacity': 7000, 'constructionYear': None, 'grass': None, 'dome': False}"
2721,Whitworth,Pirates,WHI,"['WHI', 'Whitworth']",Northwest,,iii,#930036,#000000,"['http://a.espncdn.com/i/teamlogos/ncaa/500/2721.png', 'http://a.espncdn.com/i/teamlogos/ncaa/500-dark/2721.png']",,"{'id': 6148, 'name': 'The Pine Bowl', 'city': 'Spokane', 'state': 'WA', 'zip': '99201', 'countryCode': 'US', 'timezone': None, 'latitude': 47.6571934, 'longitude': -117.4235106, 'elevation': None, 'capacity': 2200, 'constructionYear': None, 'grass': None, 'dome': False}"
2725,Widener,Pride,WID,"['WID', 'Widener']",Mid Atlantic,,iii,#0056ba,#fdc743,"['http://a.espncdn.com/i/teamlogos/ncaa/500/2725.png', 'http://a.espncdn.com/i/teamlogos/ncaa/500-dark/2725.png']",,"{'id': 4855, 'name': 'Leslie C. Quick Jr. Stadium', 'city': 'Chester', 'state': 'PA', 'zip': '19013', 'countryCode': 'US', 'timezone': None, 'latitude': 39.849557, 'longitude': -75.3557458, 'elevation': None, 'capacity': 4000, 'constructionYear': None, 'grass': None, 'dome': False}"
398,Wilkes,Colonels,WILKES,"['WILKES', 'Wilkes']",Landmark Conference,,iii,#002856,#ffcd00,"['http://a.espncdn.com/i/teamlogos/ncaa/500/398.png', 'http://a.espncdn.com/i/teamlogos/ncaa/500-dark/398.png']",,"{'id': 3920, 'name': 'Schmidt Stadium', 'city': 'Edwardsville', 'state': 'PA', 'zip': '36261', 'countryCode': 'US', 'timezone': None, 'latitude': 33.707182, 'longitude': -85.51021468718943, 'elevation': None, 'capacity': 1800, 'constructionYear': None, 'grass': None, 'dome': False}"
2930,Willamette,Bearcats,WLLMTT,"['WLLMTT', 'Willamette']",Northwest,,iii,#960a2c,#ab9e76,"['http://a.espncdn.com/i/teamlogos/ncaa/500/2930.png', 'http://a.espncdn.com/i/teamlogos/ncaa/500-dark/2930.png']",,"{'id': 6149, 'name': 'McCulloch Stadium', 'city': 'Salem', 'state': 'OR', 'zip': '97310', 'countryCode': 'US', 'timezone': None, 'latitude': 44.9391565, 'longitude': -123.033121, 'elevation': None, 'capacity': 7000, 'constructionYear': None, 'grass': None, 'dome': False}"
2911,William Jewell,Cardinals,WILLI,"['William Jewell', 'WILLI', 'William Jewell']",Great Lakes,,ii,#null,#null,"['http://a.espncdn.com/i/teamlogos/ncaa/500/2911.png', 'http://a.espncdn.com/i/teamlogos/ncaa/500-dark/2911.png']",,"{'id': 7504, 'name': 'Liberty North High School', 'city': 'Liberty', 'state': 'MO', 'zip': None, 'countryCode': 'US', 'timezone': None, 'latitude': None, 'longitude': None, 'elevation': None, 'capacity': 0, 'constructionYear': None, 'grass': None, 'dome': False}"
1001046,William Jewell College,,,[],,,,#null,#null,,,"{'id': None, 'name': None, 'city': None, 'state': None, 'zip': None, 'countryCode': None, 'timezone': None, 'latitude': None, 'longitude': None, 'elevation': None, 'capacity': None, 'constructionYear': None, 'grass': None, 'dome': None}"
2729,William & Mary,Tribe,W&M,"['W&M', 'William & Mary']",CAA,,fcs,#103217,#f6b220,"['http://a.espncdn.com/i/teamlogos/ncaa/500/2729.png', 'http://a.espncdn.com/i/teamlogos/ncaa/500-dark/2729.png']",@WMTribeFootball,"{'id': 3998, 'name': 'Zable Stadium', 'city': 'Williamsburg', 'state': 'VA', 'zip': '23186', 'countryCode': 'US', 'timezone': 'America/New_York', 'latitude': 37.2730996, 'longitude': -76.7137202, 'elevation': '26.07615852', 'capacity': 12400, 'constructionYear': 1935, 'grass': False, 'dome': False}"
2970,William Paterson,Pioneers,WILLPAT,"['WILLPAT', 'Will Paterson']",New Jersey,,iii,#null,#f57b21,"['http://a.espncdn.com/i/teamlogos/ncaa/500/2970.png', 'http://a.espncdn.com/i/teamlogos/ncaa/500-dark/2970.png']",,"{'id': 6150, 'name': 'Wightman Stadium', 'city': 'Wayne', 'state': 'NJ', 'zip': '07470', 'countryCode': 'US', 'timezone': None, 'latitude': 40.9491723, 'longitude': -74.2376802, 'elevation': None, 'capacity': 1909, 'constructionYear': None, 'grass': None, 'dome': False}"
2912,William Penn,Statesmen,WILLPENN,"['WILLPENN', 'Wm Penn']",,,,#null,#null,"['http://a.espncdn.com/i/teamlogos/ncaa/500/2912.png', 'http://a.espncdn.com/i/teamlogos/ncaa/500-dark/2912.png']",,"{'id': None, 'name': None, 'city': None, 'state': None, 'zip': None, 'countryCode': None, 'timezone': None, 'latitude': None, 'longitude': None, 'elevation': None, 'capacity': None, 'constructionYear': None, 'grass': None, 'dome': None}"
2731,Williams,Ephs,WIL,"['WIL', 'Williams']",NESCAC,,iii,#500082,#ffbe0a,"['http://a.espncdn.com/i/teamlogos/ncaa/500/2731.png', 'http://a.espncdn.com/i/teamlogos/ncaa/500-dark/2731.png']",,"{'id': 6151, 'name': 'Farley-Lamb Field', 'city': 'Williamstown', 'state': 'MA', 'zip': '01267', 'countryCode': 'US', 'timezone': None, 'latitude': 42.6889156, 'longitude': -73.2246057, 'elevation': None, 'capacity': 1400, 'constructionYear': None, 'grass': None, 'dome': False}"
3130,Williamson Trade School,Mechanics,WIL,"['WIL', 'Willtrade']",,,,#null,#null,"['http://a.espncdn.com/i/teamlogos/ncaa/500/3130.png', 'http://a.espncdn.com/i/teamlogos/ncaa/500-dark/3130.png']",,"{'id': None, 'name': None, 'city': None, 'state': None, 'zip': None, 'countryCode': None, 'timezone': None, 'latitude': None, 'longitude': None, 'elevation': None, 'capacity': None, 'constructionYear': None, 'grass': None, 'dome': None}"
129741,William Woods,Wwu,,['William Woods'],,,,#null,#null,,,"{'id': None, 'name': None, 'city': None, 'state': None, 'zip': None, 'countryCode': None, 'timezone': None, 'latitude': None, 'longitude': None, 'elevation': None, 'capacity': None, 'constructionYear': None, 'grass': None, 'dome': None}"
2733,Wilmington (OH),Fightin' Quakers,WILMOH,"['WILMOH', 'Wilmington OH']",Ohio,,iii,#null,#null,"['http://a.espncdn.com/i/teamlogos/ncaa/500/2733.png', 'http://a.espncdn.com/i/teamlogos/ncaa/500-dark/2733.png']",,"{'id': 6152, 'name': 'Wiliams Stadium (OH)', 'city': 'Wilmington', 'state': 'OH', 'zip': None, 'countryCode': 'US', 'timezone': None, 'latitude': 39.4453393, 'longitude': -83.8285375, 'elevation': None, 'capacity': 3500, 'constructionYear': None, 'grass': None, 'dome': False}"
122666,Wilson,Bulldogs,BARTON,"['BARTON', 'BARTON']",Carolinas,,ii,#null,#null,,,"{'id': 7075, 'name': 'Electric Supply Company Field', 'city': 'Wilson', 'state': 'NC', 'zip': '27893', 'countryCode': 'US', 'timezone': None, 'latitude': 35.7212689, 'longitude': -77.9155395, 'elevation': None, 'capacity': 3500, 'constructionYear': None, 'grass': None, 'dome': False}"
351,Wingate,Bulldogs,WIN,"['WIN', 'Wingate']",South Atlantic,,ii,#182441,#c1b585,"['http://a.espncdn.com/i/teamlogos/ncaa/500/351.png', 'http://a.espncdn.com/i/teamlogos/ncaa/500-dark/351.png']",,"{'id': 5781, 'name': 'Irwin Belk Stadium', 'city': 'Wingate', 'state': 'NC', 'zip': '28174', 'countryCode': 'US', 'timezone': None, 'latitude': 34.9843176, 'longitude': -80.4492319, 'elevation': None, 'capacity': 3500, 'constructionYear': None, 'grass': None, 'dome': False}"
2851,Winona State,Warriors,WIN,"['WIN', 'Winona State']",Northern Sun,,ii,#null,#null,"['http://a.espncdn.com/i/teamlogos/ncaa/500/2851.png', 'http://a.espncdn.com/i/teamlogos/ncaa/500-dark/2851.png']",,"{'id': 5780, 'name': 'Altra Federal Credit Union Stadium', 'city': 'Winona', 'state': 'MN', 'zip': '55987', 'countryCode': 'US', 'timezone': None, 'latitude': 43.9582272, 'longitude': -91.7807784, 'elevation': None, 'capacity': 5000, 'constructionYear': None, 'grass': None, 'dome': False}"
2736,Winston-Salem,Rams,WNSL,"['WNSL', 'Winston-Salem']",CIAA,Southern,ii,#bb0100,#null,"['http://a.espncdn.com/i/teamlogos/ncaa/500/2736.png', 'http://a.espncdn.com/i/teamlogos/ncaa/500-dark/2736.png']",,"{'id': 3649, 'name': 'Bowman Gray Stadium', 'city': 'Winston-Salem', 'state': 'NC', 'zip': '27107', 'countryCode': 'US', 'timezone': 'America/New_York', 'latitude': 36.083372, 'longitude': -80.222037, 'elevation': '242.5', 'capacity': 17000, 'constructionYear': 1937, 'grass': True, 'dome': False}"
1000935,Winston-Salem State,,,[],,,,#null,#null,,,"{'id': None, 'name': None, 'city': None, 'state': None, 'zip': None, 'countryCode': None, 'timezone': None, 'latitude': None, 'longitude': None, 'elevation': None, 'capacity': None, 'constructionYear': None, 'grass': None, 'dome': None}"
275,Wisconsin,Badgers,WIS,"['WIS', 'Wisconsin']",Big Ten,,fbs,#c4012f,#ffffff,"['http://a.espncdn.com/i/teamlogos/ncaa/500/275.png', 'http://a.espncdn.com/i/teamlogos/ncaa/500-dark/275.png']",@BadgerFootball,"{'id': 347, 'name': 'Camp Randall Stadium', 'city': 'Madison', 'state': 'WI', 'zip': '53711', 'countryCode': 'US', 'timezone': 'America/Chicago', 'latitude': 43.06994, 'longitude': -89.4126943, 'elevation': '263.604126', 'capacity': 80321, 'constructionYear': 1917, 'grass': False, 'dome': False}"
2738,Wisconsin-Eau Claire,Blugolds,WISE,"['WISE', 'Wis EC']",Wisconsin,,iii,#null,#null,"['http://a.espncdn.com/i/teamlogos/ncaa/500/2738.png', 'http://a.espncdn.com/i/teamlogos/ncaa/500-dark/2738.png']",,"{'id': 5916, 'name': 'Carson Park', 'city': 'Eau Claire', 'state': 'WI', 'zip': '54720', 'countryCode': 'US', 'timezone': None, 'latitude': 44.811349, 'longitude': -91.4984941, 'elevation': None, 'capacity': 6500, 'constructionYear': None, 'grass': None, 'dome': False}"
2740,Wisconsin-Lacrosse,Eagles,WISL,"['WISL', 'Wis LC']",Wisconsin,,iii,#null,#null,"['http://a.espncdn.com/i/teamlogos/ncaa/500/2740.png', 'http://a.espncdn.com/i/teamlogos/ncaa/500-dark/2740.png']",,"{'id': 5914, 'name': 'Veterans Memorial Stadium (WI)', 'city': 'La Crosse', 'state': 'WI', 'zip': '54602', 'countryCode': 'US', 'timezone': None, 'latitude': 43.8122836, 'longitude': -91.2514355, 'elevation': None, 'capacity': 10000, 'constructionYear': None, 'grass': None, 'dome': False}"
1001073,Wisconsin La Crosse,,,[],,,,#null,#null,,,"{'id': None, 'name': None, 'city': None, 'state': None, 'zip': None, 'countryCode': None, 'timezone': None, 'latitude': None, 'longitude': None, 'elevation': None, 'capacity': None, 'constructionYear': None, 'grass': None, 'dome': None}"
2741,Wisconsin-Lutheran,Warriors,WILU,"['WILU', 'Wis Luthrn']",NACC,,iii,#006241,#000000,"['http://a.espncdn.com/i/teamlogos/ncaa/500/2741.png', 'http://a.espncdn.com/i/teamlogos/ncaa/500-dark/2741.png']",,"{'id': 5913, 'name': 'Warrior Field at Raabe Stadium', 'city': 'Wauwatosa', 'state': 'WI', 'zip': None, 'countryCode': 'US', 'timezone': None, 'latitude': 43.0494122, 'longitude': -88.0079271, 'elevation': None, 'capacity': 1700, 'constructionYear': None, 'grass': None, 'dome': False}"
271,Wisconsin-Oshkosh,Titans,WISO,"['WISO', 'Wis Osh']",Wisconsin,,iii,#null,#null,"['http://a.espncdn.com/i/teamlogos/ncaa/500/271.png', 'http://a.espncdn.com/i/teamlogos/ncaa/500-dark/271.png']",,"{'id': 5120, 'name': 'J.J. Keller Field at Titan Stadium', 'city': 'Oshkosh', 'state': 'WI', 'zip': '54903', 'countryCode': 'US', 'timezone': None, 'latitude': 44.0206919, 'longitude': -88.5408574, 'elevation': None, 'capacity': 9800, 'constructionYear': None, 'grass': None, 'dome': False}"
272,Wisconsin-Platteville,Pioneers,WIPL,"['WIPL', 'Wis Platte']",Wisconsin,,iii,#null,#null,"['http://a.espncdn.com/i/teamlogos/ncaa/500/272.png', 'http://a.espncdn.com/i/teamlogos/ncaa/500-dark/272.png']",,"{'id': 5911, 'name': 'Ralph E. Davis Pioneer Stadium', 'city': 'Platteville', 'state': 'WI', 'zip': '53818', 'countryCode': 'US', 'timezone': None, 'latitude': 42.7342942, 'longitude': -90.4784451, 'elevation': None, 'capacity': 10000, 'constructionYear': None, 'grass': None, 'dome': False}"
2723,Wisconsin-River Falls,Falcons,WIRF,"['WIRF', 'Wis RF']",Wisconsin,,iii,#null,#null,"['http://a.espncdn.com/i/teamlogos/ncaa/500/2723.png', 'http://a.espncdn.com/i/teamlogos/ncaa/500-dark/2723.png']",,"{'id': 5901, 'name': 'David Smith Stadium at Ramer Field', 'city': 'River Falls', 'state': 'WI', 'zip': '54022', 'countryCode': 'US', 'timezone': None, 'latitude': 44.8595111, 'longitude': -92.6265897, 'elevation': None, 'capacity': 2300, 'constructionYear': None, 'grass': None, 'dome': False}"
2743,Wisconsin-Stevens Pt,Pointers,WISP,"['WISP', 'Wis Stevns']",Wisconsin,,iii,#null,#null,"['http://a.espncdn.com/i/teamlogos/ncaa/500/2743.png', 'http://a.espncdn.com/i/teamlogos/ncaa/500-dark/2743.png']",,"{'id': 5903, 'name': 'Community Stadium at Goerke Park', 'city': 'Stevens Point', 'state': 'WI', 'zip': '54881', 'countryCode': 'US', 'timezone': None, 'latitude': 44.5229223, 'longitude': -89.574111, 'elevation': None, 'capacity': 4000, 'constructionYear': None, 'grass': None, 'dome': False}"
2744,Wisconsin-Stout,Blue Devils,WISS,"['WISS', 'Wis Stout']",Wisconsin,,iii,#null,#null,"['http://a.espncdn.com/i/teamlogos/ncaa/500/2744.png', 'http://a.espncdn.com/i/teamlogos/ncaa/500-dark/2744.png']",,"{'id': 5900, 'name': 'Don and Nona Williams Stadium', 'city': 'Menomonie', 'state': 'WI', 'zip': '54751', 'countryCode': 'US', 'timezone': None, 'latitude': 44.8755183, 'longitude': -91.9193422, 'elevation': None, 'capacity': 4500, 'constructionYear': None, 'grass': None, 'dome': False}"
2745,Wisconsin-Whitewater,Warhawks,WISW,"['WISW', 'Wis Whtwtr']",Wisconsin,,iii,#null,#null,"['http://a.espncdn.com/i/teamlogos/ncaa/500/2745.png', 'http://a.espncdn.com/i/teamlogos/ncaa/500-dark/2745.png']",,"{'id': 4854, 'name': 'Perkins Stadium', 'city': 'Whitewater', 'state': 'WI', 'zip': '53190', 'countryCode': 'US', 'timezone': None, 'latitude': 42.8336422, 'longitude': -88.7292679, 'elevation': None, 'capacity': 13500, 'constructionYear': None, 'grass': None, 'dome': False}"
2746,Wittenberg,Tigers,WITTEN,"['WITTEN', 'Wittenberg']",North Coast,,iii,#null,#null,"['http://a.espncdn.com/i/teamlogos/ncaa/500/2746.png', 'http://a.espncdn.com/i/teamlogos/ncaa/500-dark/2746.png']",,"{'id': 4757, 'name': 'Edwards-Maurer Field', 'city': 'Springfield', 'state': 'OH', 'zip': '45504', 'countryCode': 'US', 'timezone': 'America/New_York', 'latitude': 39.937943, 'longitude': -83.812075, 'elevation': '309.1', 'capacity': 3000, 'constructionYear': 1993, 'grass': False, 'dome': False}"
2747,Wofford,Terriers,WOF,"['WOF', 'Wofford']",Southern,,fcs,#533B23,#f0f0f0,"['http://a.espncdn.com/i/teamlogos/ncaa/500/2747.png', 'http://a.espncdn.com/i/teamlogos/ncaa/500-dark/2747.png']",@Wofford_FB,"{'id': 3737, 'name': 'Gibbs Stadium', 'city': 'Spartanburg', 'state': 'SC', 'zip': '29303', 'countryCode': 'US', 'timezone': 'America/New_York', 'latitude': 34.9618606, 'longitude': -81.9328915, 'elevation': '231.6300049', 'capacity': 13000, 'constructionYear': 1996, 'grass': True, 'dome': False}"
2748,Wooster,Fighting Scots,WOO,"['WOO', 'Wooster']",North Coast,,iii,#null,#null,"['http://a.espncdn.com/i/teamlogos/ncaa/500/2748.png', 'http://a.espncdn.com/i/teamlogos/ncaa/500-dark/2748.png']",,"{'id': 6127, 'name': 'John P. Papp Stadium', 'city': 'Wooster', 'state': 'OH', 'zip': '44691', 'countryCode': 'US', 'timezone': None, 'latitude': 40.7980976, 'longitude': -81.9397733, 'elevation': None, 'capacity': 4500, 'constructionYear': None, 'grass': None, 'dome': False}"
2749,Worcester Polytechnic Institute,Engineers,WORCE,"['WORCE', 'Wor Tech']",NEWMAC,,iii,#null,#null,"['http://a.espncdn.com/i/teamlogos/ncaa/500/2749.png', 'http://a.espncdn.com/i/teamlogos/ncaa/500-dark/2749.png']",,"{'id': 5899, 'name': 'Alumni Stadium (Worcester, MA)', 'city': 'Worcester', 'state': 'MA', 'zip': '01613', 'countryCode': 'US', 'timezone': None, 'latitude': 42.2625621, 'longitude': -71.8018877, 'elevation': None, 'capacity': 2000, 'constructionYear': None, 'grass': None, 'dome': False}"
402,Worcester St,Lancers,WORST,"['WORST', 'Wor State']",MSCAC,,iii,#004b8e,#ffc629,"['http://a.espncdn.com/i/teamlogos/ncaa/500/402.png', 'http://a.espncdn.com/i/teamlogos/ncaa/500-dark/402.png']",,"{'id': 5898, 'name': 'John Coughlin Memorial Field', 'city': 'Worcester', 'state': 'MA', 'zip': '01613', 'countryCode': 'US', 'timezone': None, 'latitude': 42.2625621, 'longitude': -71.8018877, 'elevation': None, 'capacity': 2000, 'constructionYear': None, 'grass': None, 'dome': False}"
2750,Wright State University,Raiders,WRST,"['WRST', 'Wright State']",,,,#cba052,#cba052,"['http://a.espncdn.com/i/teamlogos/ncaa/500/2750.png', 'http://a.espncdn.com/i/teamlogos/ncaa/500-dark/2750.png']",,"{'id': None, 'name': None, 'city': None, 'state': None, 'zip': None, 'countryCode': None, 'timezone': None, 'latitude': None, 'longitude': None, 'elevation': None, 'capacity': None, 'constructionYear': None, 'grass': None, 'dome': None}"
2751,Wyoming,Cowboys,WYO,"['WYO', 'Wyoming']",Mountain West,,fbs,#492f24,#ffc425,"['http://a.espncdn.com/i/teamlogos/ncaa/500/2751.png', 'http://a.espncdn.com/i/teamlogos/ncaa/500-dark/2751.png']",@Wyo_Football,"{'id': 3984, 'name': 'War Memorial Stadium', 'city': 'Laramie', 'state': 'WY', 'zip': '82071', 'countryCode': 'US', 'timezone': 'America/Denver', 'latitude': 41.31161, 'longitude': -105.5681384, 'elevation': '2200.153564', 'capacity': 29181, 'constructionYear': 1950, 'grass': False, 'dome': False}"
43,Yale,Bulldogs,YALE,"['YALE', 'Yale']",Ivy,,fcs,#004a81,#286dc0,"['http://a.espncdn.com/i/teamlogos/ncaa/500/43.png', 'http://a.espncdn.com/i/teamlogos/ncaa/500-dark/43.png']",@Yale_Football,"{'id': 3997, 'name': 'Yale Bowl', 'city': 'New Haven', 'state': 'CT', 'zip': '6520 ', 'countryCode': 'US', 'timezone': 'America/New_York', 'latitude': 41.3132441, 'longitude': -72.9605333, 'elevation': '5.302621841', 'capacity': 61446, 'constructionYear': 1914, 'grass': False, 'dome': False}"
2754,Youngstown State,Penguins,YSU,"['YSU', 'Youngstown St']",MVFC,,fcs,#E51936,#690717,"['http://a.espncdn.com/i/teamlogos/ncaa/500/2754.png', 'http://a.espncdn.com/i/teamlogos/ncaa/500-dark/2754.png']",@YoungstownStFB,"{'id': 844, 'name': 'Stambaugh Stadium', 'city': 'Youngstown', 'state': 'OH', 'zip': '44502', 'countryCode': 'US', 'timezone': 'America/New_York', 'latitude': 41.1092964, 'longitude': -80.6501885, 'elevation': '298.8893127', 'capacity': 20630, 'constructionYear': 1982, 'grass': False, 'dome': False}"
1000509,10th District A.C.,,,[],,,,#null,#null,,,"{'id': None, 'name': None, 'city': None, 'state': None, 'zip': None, 'countryCode': None, 'timezone': None, 'latitude': None, 'longitude': None, 'elevation': None, 'capacity': None, 'constructionYear': None, 'grass': None, 'dome': None}"
1000571,111th Ambulance,,,[],,,,#null,#null,,,"{'id': None, 'name': None, 'city': None, 'state': None, 'zip': None, 'countryCode': None, 'timezone': None, 'latitude': None, 'longitude': None, 'elevation': None, 'capacity': None, 'constructionYear': None, 'grass': None, 'dome': None}"
1000449,11th Cavalry,,,[],,,,#null,#null,,,"{'id': None, 'name': None, 'city': None, 'state': None, 'zip': None, 'countryCode': None, 'timezone': None, 'latitude': None, 'longitude': None, 'elevation': None, 'capacity': None, 'constructionYear': None, 'grass': None, 'dome': None}"
1000727,1st Infantry,,,[],,,,#null,#null,,,"{'id': None, 'name': None, 'city': None, 'state': None, 'zip': None, 'countryCode': None, 'timezone': None, 'latitude': None, 'longitude': None, 'elevation': None, 'capacity': None, 'constructionYear': None, 'grass': None, 'dome': None}"
1000557,1st Texas Artillery,,,[],,,,#null,#null,,,"{'id': None, 'name': None, 'city': None, 'state': None, 'zip': None, 'countryCode': None, 'timezone': None, 'latitude': None, 'longitude': None, 'elevation': None, 'capacity': None, 'constructionYear': None, 'grass': None, 'dome': None}"
1000726,20th Infantry,,,[],,,,#null,#null,,,"{'id': None, 'name': None, 'city': None, 'state': None, 'zip': None, 'countryCode': None, 'timezone': None, 'latitude': None, 'longitude': None, 'elevation': None, 'capacity': None, 'constructionYear': None, 'grass': None, 'dome': None}"
1000770,260th Coast Artillery,,,[],,,,#null,#null,,,"{'id': None, 'name': None, 'city': None, 'state': None, 'zip': None, 'countryCode': None, 'timezone': None, 'latitude': None, 'longitude': None, 'elevation': None, 'capacity': None, 'constructionYear': None, 'grass': None, 'dome': None}"
1000399,26th Infantry,,,[],,,,#null,#null,,,"{'id': None, 'name': None, 'city': None, 'state': None, 'zip': None, 'countryCode': None, 'timezone': None, 'latitude': None, 'longitude': None, 'elevation': None, 'capacity': None, 'constructionYear': None, 'grass': None, 'dome': None}"
1000633,2nd Developmemt Regiment,,,[],,,,#null,#null,,,"{'id': None, 'name': None, 'city': None, 'state': None, 'zip': None, 'countryCode': None, 'timezone': None, 'latitude': None, 'longitude': None, 'elevation': None, 'capacity': None, 'constructionYear': None, 'grass': None, 'dome': None}"
1000566,2nd Texas 132nd Infantry,,,[],,,,#null,#null,,,"{'id': None, 'name': None, 'city': None, 'state': None, 'zip': None, 'countryCode': None, 'timezone': None, 'latitude': None, 'longitude': None, 'elevation': None, 'capacity': None, 'constructionYear': None, 'grass': None, 'dome': None}"
1000562,362nd Infantry,,,[],,,,#null,#null,,,"{'id': None, 'name': None, 'city': None, 'state': None, 'zip': None, 'countryCode': None, 'timezone': None, 'latitude': None, 'longitude': None, 'elevation': None, 'capacity': None, 'constructionYear': None, 'grass': None, 'dome': None}"
1000677,3rd Army Corps,,,[],,,,#null,#null,,,"{'id': None, 'name': None, 'city': None, 'state': None, 'zip': None, 'countryCode': None, 'timezone': None, 'latitude': None, 'longitude': None, 'elevation': None, 'capacity': None, 'constructionYear': None, 'grass': None, 'dome': None}"
1000549,47th Infantry,,,[],,,,#null,#null,,,"{'id': None, 'name': None, 'city': None, 'state': None, 'zip': None, 'countryCode': None, 'timezone': None, 'latitude': None, 'longitude': None, 'elevation': None, 'capacity': None, 'constructionYear': None, 'grass': None, 'dome': None}"
1000600,48th Infantry,,,[],,,,#null,#null,,,"{'id': None, 'name': None, 'city': None, 'state': None, 'zip': None, 'countryCode': None, 'timezone': None, 'latitude': None, 'longitude': None, 'elevation': None, 'capacity': None, 'constructionYear': None, 'grass': None, 'dome': None}"
1000551,7th Infantry,,,[],,,,#null,#null,,,"{'id': None, 'name': None, 'city': None, 'state': None, 'zip': None, 'countryCode': None, 'timezone': None, 'latitude': None, 'longitude': None, 'elevation': None, 'capacity': None, 'constructionYear': None, 'grass': None, 'dome': None}"
1000668,9th Amry Corps,,,[],,,,#null,#null,,,"{'id': None, 'name': None, 'city': None, 'state': None, 'zip': None, 'countryCode': None, 'timezone': None, 'latitude': None, 'longitude': None, 'elevation': None, 'capacity': None, 'constructionYear': None, 'grass': None, 'dome': None}"
1000817,Abilene Field,,,[],,,,#null,#null,,,"{'id': None, 'name': None, 'city': None, 'state': None, 'zip': None, 'countryCode': None, 'timezone': None, 'latitude': None, 'longitude': None, 'elevation': None, 'capacity': None, 'constructionYear': None, 'grass': None, 'dome': None}"
1000093,Active Football Club,,,[],,,,#null,#null,,,"{'id': None, 'name': None, 'city': None, 'state': None, 'zip': None, 'countryCode': None, 'timezone': None, 'latitude': None, 'longitude': None, 'elevation': None, 'capacity': None, 'constructionYear': None, 'grass': None, 'dome': None}"
1000379,Actual Business College,,,[],,,,#null,#null,,,"{'id': None, 'name': None, 'city': None, 'state': None, 'zip': None, 'countryCode': None, 'timezone': None, 'latitude': None, 'longitude': None, 'elevation': None, 'capacity': None, 'constructionYear': None, 'grass': None, 'dome': None}"
1000173,Adelbert,,,[],,,,#null,#null,,,"{'id': None, 'name': None, 'city': None, 'state': None, 'zip': None, 'countryCode': None, 'timezone': None, 'latitude': None, 'longitude': None, 'elevation': None, 'capacity': None, 'constructionYear': None, 'grass': None, 'dome': None}"
1000872,Adelphi,,,[],,,,#null,#null,,,"{'id': None, 'name': None, 'city': None, 'state': None, 'zip': None, 'countryCode': None, 'timezone': None, 'latitude': None, 'longitude': None, 'elevation': None, 'capacity': None, 'constructionYear': None, 'grass': None, 'dome': None}"
1000654,Alabama Medical,,,[],,,,#null,#null,,,"{'id': None, 'name': None, 'city': None, 'state': None, 'zip': None, 'countryCode': None, 'timezone': None, 'latitude': None, 'longitude': None, 'elevation': None, 'capacity': None, 'constructionYear': None, 'grass': None, 'dome': None}"
1000481,Alabama Presbyterian,,,[],,,,#null,#null,,,"{'id': None, 'name': None, 'city': None, 'state': None, 'zip': None, 'countryCode': None, 'timezone': None, 'latitude': None, 'longitude': None, 'elevation': None, 'capacity': None, 'constructionYear': None, 'grass': None, 'dome': None}"
1000473,Alabama Southern,,,[],,,,#null,#null,,,"{'id': None, 'name': None, 'city': None, 'state': None, 'zip': None, 'countryCode': None, 'timezone': None, 'latitude': None, 'longitude': None, 'elevation': None, 'capacity': None, 'constructionYear': None, 'grass': None, 'dome': None}"
1000008,Alameda Coast Guard,Sea Lions,,['Alameda Coast Guard'],,,,#null,#null,,,"{'id': None, 'name': None, 'city': None, 'state': None, 'zip': None, 'countryCode': None, 'timezone': None, 'latitude': None, 'longitude': None, 'elevation': None, 'capacity': None, 'constructionYear': None, 'grass': None, 'dome': None}"
1000869,Alameda NAS,,,[],,,,#null,#null,,,"{'id': None, 'name': None, 'city': None, 'state': None, 'zip': None, 'countryCode': None, 'timezone': None, 'latitude': None, 'longitude': None, 'elevation': None, 'capacity': None, 'constructionYear': None, 'grass': None, 'dome': None}"
1000672,Albertson,,,[],,,,#null,#null,,,"{'id': None, 'name': None, 'city': None, 'state': None, 'zip': None, 'countryCode': None, 'timezone': None, 'latitude': None, 'longitude': None, 'elevation': None, 'capacity': None, 'constructionYear': None, 'grass': None, 'dome': None}"
1000782,Albuquerque Field,,,[],,,,#null,#null,,,"{'id': None, 'name': None, 'city': None, 'state': None, 'zip': None, 'countryCode': None, 'timezone': None, 'latitude': None, 'longitude': None, 'elevation': None, 'capacity': None, 'constructionYear': None, 'grass': None, 'dome': None}"
1000874,Alliance,,,[],,,,#null,#null,,,"{'id': None, 'name': None, 'city': None, 'state': None, 'zip': None, 'countryCode': None, 'timezone': None, 'latitude': None, 'longitude': None, 'elevation': None, 'capacity': None, 'constructionYear': None, 'grass': None, 'dome': None}"
1000512,Alma,,,[],,,,#null,#null,,,"{'id': None, 'name': None, 'city': None, 'state': None, 'zip': None, 'countryCode': None, 'timezone': None, 'latitude': None, 'longitude': None, 'elevation': None, 'capacity': None, 'constructionYear': None, 'grass': None, 'dome': None}"
1000409,Altoona A.C.,,,[],,,,#null,#null,,,"{'id': None, 'name': None, 'city': None, 'state': None, 'zip': None, 'countryCode': None, 'timezone': None, 'latitude': None, 'longitude': None, 'elevation': None, 'capacity': None, 'constructionYear': None, 'grass': None, 'dome': None}"
1000915,Alverno College,,,[],,,,#null,#null,,,"{'id': None, 'name': None, 'city': None, 'state': None, 'zip': None, 'countryCode': None, 'timezone': None, 'latitude': None, 'longitude': None, 'elevation': None, 'capacity': None, 'constructionYear': None, 'grass': None, 'dome': None}"
1000009,Amarillo Field,Sky Giants,,['Amarillo Field'],,,,#null,#null,,,"{'id': None, 'name': None, 'city': None, 'state': None, 'zip': None, 'countryCode': None, 'timezone': None, 'latitude': None, 'longitude': None, 'elevation': None, 'capacity': None, 'constructionYear': None, 'grass': None, 'dome': None}"
1000386,American,,,[],,,,#null,#null,,,"{'id': None, 'name': None, 'city': None, 'state': None, 'zip': None, 'countryCode': None, 'timezone': None, 'latitude': None, 'longitude': None, 'elevation': None, 'capacity': None, 'constructionYear': None, 'grass': None, 'dome': None}"
1000684,American Legion,,,[],,,,#null,#null,,,"{'id': None, 'name': None, 'city': None, 'state': None, 'zip': None, 'countryCode': None, 'timezone': None, 'latitude': None, 'longitude': None, 'elevation': None, 'capacity': None, 'constructionYear': None, 'grass': None, 'dome': None}"
1000303,American Medical,,,[],,,,#null,#null,,,"{'id': None, 'name': None, 'city': None, 'state': None, 'zip': None, 'countryCode': None, 'timezone': None, 'latitude': None, 'longitude': None, 'elevation': None, 'capacity': None, 'constructionYear': None, 'grass': None, 'dome': None}"
1000257,American Osteopath,,,[],,,,#null,#null,,,"{'id': None, 'name': None, 'city': None, 'state': None, 'zip': None, 'countryCode': None, 'timezone': None, 'latitude': None, 'longitude': None, 'elevation': None, 'capacity': None, 'constructionYear': None, 'grass': None, 'dome': None}"
1000179,Amherst YMCA,,,[],,,,#null,#null,,,"{'id': None, 'name': None, 'city': None, 'state': None, 'zip': None, 'countryCode': None, 'timezone': None, 'latitude': None, 'longitude': None, 'elevation': None, 'capacity': None, 'constructionYear': None, 'grass': None, 'dome': None}"
1000723,Anaconda Anodes,,,[],,,,#null,#null,,,"{'id': None, 'name': None, 'city': None, 'state': None, 'zip': None, 'countryCode': None, 'timezone': None, 'latitude': None, 'longitude': None, 'elevation': None, 'capacity': None, 'constructionYear': None, 'grass': None, 'dome': None}"
1000469,Anderson,,,[],,,,#null,#null,,,"{'id': None, 'name': None, 'city': None, 'state': None, 'zip': None, 'countryCode': None, 'timezone': None, 'latitude': None, 'longitude': None, 'elevation': None, 'capacity': None, 'constructionYear': None, 'grass': None, 'dome': None}"
1000089,Andover,,,[],,,,#null,#null,,,"{'id': None, 'name': None, 'city': None, 'state': None, 'zip': None, 'countryCode': None, 'timezone': None, 'latitude': None, 'longitude': None, 'elevation': None, 'capacity': None, 'constructionYear': None, 'grass': None, 'dome': None}"
1000740,Arizona All-Stars,,,[],,,,#null,#null,,,"{'id': None, 'name': None, 'city': None, 'state': None, 'zip': None, 'countryCode': None, 'timezone': None, 'latitude': None, 'longitude': None, 'elevation': None, 'capacity': None, 'constructionYear': None, 'grass': None, 'dome': None}"
1000142,Armour,,,[],,,,#null,#null,,,"{'id': None, 'name': None, 'city': None, 'state': None, 'zip': None, 'countryCode': None, 'timezone': None, 'latitude': None, 'longitude': None, 'elevation': None, 'capacity': None, 'constructionYear': None, 'grass': None, 'dome': None}"
1000552,Army Ambulance Corps,,,[],,,,#null,#null,,,"{'id': None, 'name': None, 'city': None, 'state': None, 'zip': None, 'countryCode': None, 'timezone': None, 'latitude': None, 'longitude': None, 'elevation': None, 'capacity': None, 'constructionYear': None, 'grass': None, 'dome': None}"
1000446,Athens,,,[],,,,#null,#null,,,"{'id': None, 'name': None, 'city': None, 'state': None, 'zip': None, 'countryCode': None, 'timezone': None, 'latitude': None, 'longitude': None, 'elevation': None, 'capacity': None, 'constructionYear': None, 'grass': None, 'dome': None}"
1000273,Athens A.C.,,,[],,,,#null,#null,,,"{'id': None, 'name': None, 'city': None, 'state': None, 'zip': None, 'countryCode': None, 'timezone': None, 'latitude': None, 'longitude': None, 'elevation': None, 'capacity': None, 'constructionYear': None, 'grass': None, 'dome': None}"
1000675,Atlantic Christian,,,[],,,,#null,#null,,,"{'id': None, 'name': None, 'city': None, 'state': None, 'zip': None, 'countryCode': None, 'timezone': None, 'latitude': None, 'longitude': None, 'elevation': None, 'capacity': None, 'constructionYear': None, 'grass': None, 'dome': None}"
1000838,Atlantic City NAS,,,[],,,,#null,#null,,,"{'id': None, 'name': None, 'city': None, 'state': None, 'zip': None, 'countryCode': None, 'timezone': None, 'latitude': None, 'longitude': None, 'elevation': None, 'capacity': None, 'constructionYear': None, 'grass': None, 'dome': None}"
1000362,Augusta Military Academy,,,[],,,,#null,#null,,,"{'id': None, 'name': None, 'city': None, 'state': None, 'zip': None, 'countryCode': None, 'timezone': None, 'latitude': None, 'longitude': None, 'elevation': None, 'capacity': None, 'constructionYear': None, 'grass': None, 'dome': None}"
1000347,Augustana (South Dakota),,,[],,,,#null,#null,,,"{'id': None, 'name': None, 'city': None, 'state': None, 'zip': None, 'countryCode': None, 'timezone': None, 'latitude': None, 'longitude': None, 'elevation': None, 'capacity': None, 'constructionYear': None, 'grass': None, 'dome': None}"
1000387,Austin,,,[],,,,#null,#null,,,"{'id': None, 'name': None, 'city': None, 'state': None, 'zip': None, 'countryCode': None, 'timezone': None, 'latitude': None, 'longitude': None, 'elevation': None, 'capacity': None, 'constructionYear': None, 'grass': None, 'dome': None}"
1000212,Austin High,,,[],,,,#null,#null,,,"{'id': None, 'name': None, 'city': None, 'state': None, 'zip': None, 'countryCode': None, 'timezone': None, 'latitude': None, 'longitude': None, 'elevation': None, 'capacity': None, 'constructionYear': None, 'grass': None, 'dome': None}"
1000906,Australia,Australia,Australia,['Australia'],,,,#null,#null,,,"{'id': None, 'name': None, 'city': None, 'state': None, 'zip': None, 'countryCode': None, 'timezone': None, 'latitude': None, 'longitude': None, 'elevation': None, 'capacity': None, 'constructionYear': None, 'grass': None, 'dome': None}"
1000547,Bailey Military,,,[],,,,#null,#null,,,"{'id': None, 'name': None, 'city': None, 'state': None, 'zip': None, 'countryCode': None, 'timezone': None, 'latitude': None, 'longitude': None, 'elevation': None, 'capacity': None, 'constructionYear': None, 'grass': None, 'dome': None}"
1000808,Bainbridge NTS,,,[],,,,#null,#null,,,"{'id': None, 'name': None, 'city': None, 'state': None, 'zip': None, 'countryCode': None, 'timezone': None, 'latitude': None, 'longitude': None, 'elevation': None, 'capacity': None, 'constructionYear': None, 'grass': None, 'dome': None}"
1000131,Baker,,,[],,,,#null,#null,,,"{'id': None, 'name': None, 'city': None, 'state': None, 'zip': None, 'countryCode': None, 'timezone': None, 'latitude': None, 'longitude': None, 'elevation': None, 'capacity': None, 'constructionYear': None, 'grass': None, 'dome': None}"
1000637,Balboa NTS,,,[],,,,#null,#null,,,"{'id': None, 'name': None, 'city': None, 'state': None, 'zip': None, 'countryCode': None, 'timezone': None, 'latitude': None, 'longitude': None, 'elevation': None, 'capacity': None, 'constructionYear': None, 'grass': None, 'dome': None}"
1000544,Ballard Meteors,,,[],,,,#null,#null,,,"{'id': None, 'name': None, 'city': None, 'state': None, 'zip': None, 'countryCode': None, 'timezone': None, 'latitude': None, 'longitude': None, 'elevation': None, 'capacity': None, 'constructionYear': None, 'grass': None, 'dome': None}"
1000431,Baltimore,,,[],,,,#null,#null,,,"{'id': None, 'name': None, 'city': None, 'state': None, 'zip': None, 'countryCode': None, 'timezone': None, 'latitude': None, 'longitude': None, 'elevation': None, 'capacity': None, 'constructionYear': None, 'grass': None, 'dome': None}"
1000180,Baltimore A.C.,,,[],,,,#null,#null,,,"{'id': None, 'name': None, 'city': None, 'state': None, 'zip': None, 'countryCode': None, 'timezone': None, 'latitude': None, 'longitude': None, 'elevation': None, 'capacity': None, 'constructionYear': None, 'grass': None, 'dome': None}"
1000140,Bankers A.C.,,,[],,,,#null,#null,,,"{'id': None, 'name': None, 'city': None, 'state': None, 'zip': None, 'countryCode': None, 'timezone': None, 'latitude': None, 'longitude': None, 'elevation': None, 'capacity': None, 'constructionYear': None, 'grass': None, 'dome': None}"
1000845,Barksdale Field,,,[],,,,#null,#null,,,"{'id': None, 'name': None, 'city': None, 'state': None, 'zip': None, 'countryCode': None, 'timezone': None, 'latitude': None, 'longitude': None, 'elevation': None, 'capacity': None, 'constructionYear': None, 'grass': None, 'dome': None}"
1000442,Barnes Medical,,,[],,,,#null,#null,,,"{'id': None, 'name': None, 'city': None, 'state': None, 'zip': None, 'countryCode': None, 'timezone': None, 'latitude': None, 'longitude': None, 'elevation': None, 'capacity': None, 'constructionYear': None, 'grass': None, 'dome': None}"
1000597,Barron Field,,,[],,,,#null,#null,,,"{'id': None, 'name': None, 'city': None, 'state': None, 'zip': None, 'countryCode': None, 'timezone': None, 'latitude': None, 'longitude': None, 'elevation': None, 'capacity': None, 'constructionYear': None, 'grass': None, 'dome': None}"
1000825,Beaumont Hospital,,,[],,,,#null,#null,,,"{'id': None, 'name': None, 'city': None, 'state': None, 'zip': None, 'countryCode': None, 'timezone': None, 'latitude': None, 'longitude': None, 'elevation': None, 'capacity': None, 'constructionYear': None, 'grass': None, 'dome': None}"
2056,Belhaven,Blazers,BELHA,"['BELHA', 'Belhaven']",USA South,,iii,#215732,#f2a900,"['http://a.espncdn.com/i/teamlogos/ncaa/500/2056.png', 'http://a.espncdn.com/i/teamlogos/ncaa/500-dark/2056.png']",,"{'id': 5802, 'name': 'Belhaven Bowl Stadium', 'city': 'Jackson', 'state': 'MS', 'zip': '39202', 'countryCode': 'US', 'timezone': None, 'latitude': 32.2990021, 'longitude': -90.1847691, 'elevation': None, 'capacity': 1200, 'constructionYear': None, 'grass': None, 'dome': False}"
1000408,Bellefonte Academy,,,[],,,,#null,#null,,,"{'id': None, 'name': None, 'city': None, 'state': None, 'zip': None, 'countryCode': None, 'timezone': None, 'latitude': None, 'longitude': None, 'elevation': None, 'capacity': None, 'constructionYear': None, 'grass': None, 'dome': None}"
1000336,Bellevue,,,[],,,,#null,#null,,,"{'id': None, 'name': None, 'city': None, 'state': None, 'zip': None, 'countryCode': None, 'timezone': None, 'latitude': None, 'longitude': None, 'elevation': None, 'capacity': None, 'constructionYear': None, 'grass': None, 'dome': None}"
1000596,Belmont A.C.,,,[],,,,#null,#null,,,"{'id': None, 'name': None, 'city': None, 'state': None, 'zip': None, 'countryCode': None, 'timezone': None, 'latitude': None, 'longitude': None, 'elevation': None, 'capacity': None, 'constructionYear': None, 'grass': None, 'dome': None}"
1000314,Beloit High,,,[],,,,#null,#null,,,"{'id': None, 'name': None, 'city': None, 'state': None, 'zip': None, 'countryCode': None, 'timezone': None, 'latitude': None, 'longitude': None, 'elevation': None, 'capacity': None, 'constructionYear': None, 'grass': None, 'dome': None}"
2059,Benedict,Tigers,BEN,"['BEN', 'Benedict']",,,,#000000,#null,"['http://a.espncdn.com/i/teamlogos/ncaa/500/2059.png', 'http://a.espncdn.com/i/teamlogos/ncaa/500-dark/2059.png']",,"{'id': None, 'name': None, 'city': None, 'state': None, 'zip': None, 'countryCode': None, 'timezone': None, 'latitude': None, 'longitude': None, 'elevation': None, 'capacity': None, 'constructionYear': None, 'grass': None, 'dome': None}"
1000192,Bennett Medical,,,[],,,,#null,#null,,,"{'id': None, 'name': None, 'city': None, 'state': None, 'zip': None, 'countryCode': None, 'timezone': None, 'latitude': None, 'longitude': None, 'elevation': None, 'capacity': None, 'constructionYear': None, 'grass': None, 'dome': None}"
1000857,Berg Field,,,[],,,,#null,#null,,,"{'id': None, 'name': None, 'city': None, 'state': None, 'zip': None, 'countryCode': None, 'timezone': None, 'latitude': None, 'longitude': None, 'elevation': None, 'capacity': None, 'constructionYear': None, 'grass': None, 'dome': None}"
1000849,Bergstrom Field,,,[],,,,#null,#null,,,"{'id': None, 'name': None, 'city': None, 'state': None, 'zip': None, 'countryCode': None, 'timezone': None, 'latitude': None, 'longitude': None, 'elevation': None, 'capacity': None, 'constructionYear': None, 'grass': None, 'dome': None}"
1000112,Berkeley A.C.,,,[],,,,#null,#null,,,"{'id': None, 'name': None, 'city': None, 'state': None, 'zip': None, 'countryCode': None, 'timezone': None, 'latitude': None, 'longitude': None, 'elevation': None, 'capacity': None, 'constructionYear': None, 'grass': None, 'dome': None}"
1000495,Bethel,,,[],,,,#null,#null,,,"{'id': None, 'name': None, 'city': None, 'state': None, 'zip': None, 'countryCode': None, 'timezone': None, 'latitude': None, 'longitude': None, 'elevation': None, 'capacity': None, 'constructionYear': None, 'grass': None, 'dome': None}"
1000288,Bingham,,,[],,,,#null,#null,,,"{'id': None, 'name': None, 'city': None, 'state': None, 'zip': None, 'countryCode': None, 'timezone': None, 'latitude': None, 'longitude': None, 'elevation': None, 'capacity': None, 'constructionYear': None, 'grass': None, 'dome': None}"
1000440,Birmingham,,,[],,,,#null,#null,,,"{'id': None, 'name': None, 'city': None, 'state': None, 'zip': None, 'countryCode': None, 'timezone': None, 'latitude': None, 'longitude': None, 'elevation': None, 'capacity': None, 'constructionYear': None, 'grass': None, 'dome': None}"
1000291,Birmingham High,,,[],,,,#null,#null,,,"{'id': None, 'name': None, 'city': None, 'state': None, 'zip': None, 'countryCode': None, 'timezone': None, 'latitude': None, 'longitude': None, 'elevation': None, 'capacity': None, 'constructionYear': None, 'grass': None, 'dome': None}"
1000893,Bishop,,,[],,,,#null,#null,,,"{'id': None, 'name': None, 'city': None, 'state': None, 'zip': None, 'countryCode': None, 'timezone': None, 'latitude': None, 'longitude': None, 'elevation': None, 'capacity': None, 'constructionYear': None, 'grass': None, 'dome': None}"
1000771,Blackland Field,,,[],,,,#null,#null,,,"{'id': None, 'name': None, 'city': None, 'state': None, 'zip': None, 'countryCode': None, 'timezone': None, 'latitude': None, 'longitude': None, 'elevation': None, 'capacity': None, 'constructionYear': None, 'grass': None, 'dome': None}"
1000468,Blountsville Agricultural,,,[],,,,#null,#null,,,"{'id': None, 'name': None, 'city': None, 'state': None, 'zip': None, 'countryCode': None, 'timezone': None, 'latitude': None, 'longitude': None, 'elevation': None, 'capacity': None, 'constructionYear': None, 'grass': None, 'dome': None}"
1000856,Bogue Field,,,[],,,,#null,#null,,,"{'id': None, 'name': None, 'city': None, 'state': None, 'zip': None, 'countryCode': None, 'timezone': None, 'latitude': None, 'longitude': None, 'elevation': None, 'capacity': None, 'constructionYear': None, 'grass': None, 'dome': None}"
1000882,Bolling Field,,,[],,,,#null,#null,,,"{'id': None, 'name': None, 'city': None, 'state': None, 'zip': None, 'countryCode': None, 'timezone': None, 'latitude': None, 'longitude': None, 'elevation': None, 'capacity': None, 'constructionYear': None, 'grass': None, 'dome': None}"
1000101,Boston A.C.,,,[],,,,#null,#null,,,"{'id': None, 'name': None, 'city': None, 'state': None, 'zip': None, 'countryCode': None, 'timezone': None, 'latitude': None, 'longitude': None, 'elevation': None, 'capacity': None, 'constructionYear': None, 'grass': None, 'dome': None}"
1000119,Boston English High,,,[],,,,#null,#null,,,"{'id': None, 'name': None, 'city': None, 'state': None, 'zip': None, 'countryCode': None, 'timezone': None, 'latitude': None, 'longitude': None, 'elevation': None, 'capacity': None, 'constructionYear': None, 'grass': None, 'dome': None}"
1000117,Boston Latin High,,,[],,,,#null,#null,,,"{'id': None, 'name': None, 'city': None, 'state': None, 'zip': None, 'countryCode': None, 'timezone': None, 'latitude': None, 'longitude': None, 'elevation': None, 'capacity': None, 'constructionYear': None, 'grass': None, 'dome': None}"
1000010,Boston University,Terriers,,['Boston University'],,,,#null,#null,,,"{'id': None, 'name': None, 'city': None, 'state': None, 'zip': None, 'countryCode': None, 'timezone': None, 'latitude': None, 'longitude': None, 'elevation': None, 'capacity': None, 'constructionYear': None, 'grass': None, 'dome': None}"
1000280,Boulder High,,,[],,,,#null,#null,,,"{'id': None, 'name': None, 'city': None, 'state': None, 'zip': None, 'countryCode': None, 'timezone': None, 'latitude': None, 'longitude': None, 'elevation': None, 'capacity': None, 'constructionYear': None, 'grass': None, 'dome': None}"
1000213,Bradford National Guard,,,[],,,,#null,#null,,,"{'id': None, 'name': None, 'city': None, 'state': None, 'zip': None, 'countryCode': None, 'timezone': None, 'latitude': None, 'longitude': None, 'elevation': None, 'capacity': None, 'constructionYear': None, 'grass': None, 'dome': None}"
1000011,Bradley,Braves,,['Bradley'],,,,#null,#null,,,"{'id': None, 'name': None, 'city': None, 'state': None, 'zip': None, 'countryCode': None, 'timezone': None, 'latitude': None, 'longitude': None, 'elevation': None, 'capacity': None, 'constructionYear': None, 'grass': None, 'dome': None}"
1000881,Brandeis,,,[],,,,#null,#null,,,"{'id': None, 'name': None, 'city': None, 'state': None, 'zip': None, 'countryCode': None, 'timezone': None, 'latitude': None, 'longitude': None, 'elevation': None, 'capacity': None, 'constructionYear': None, 'grass': None, 'dome': None}"
1000401,Brayton,,,[],,,,#null,#null,,,"{'id': None, 'name': None, 'city': None, 'state': None, 'zip': None, 'countryCode': None, 'timezone': None, 'latitude': None, 'longitude': None, 'elevation': None, 'capacity': None, 'constructionYear': None, 'grass': None, 'dome': None}"
1000546,Bremerton Navy,,,[],,,,#null,#null,,,"{'id': None, 'name': None, 'city': None, 'state': None, 'zip': None, 'countryCode': None, 'timezone': None, 'latitude': None, 'longitude': None, 'elevation': None, 'capacity': None, 'constructionYear': None, 'grass': None, 'dome': None}"
1000748,Bridgewater,,,[],,,,#null,#null,,,"{'id': None, 'name': None, 'city': None, 'state': None, 'zip': None, 'countryCode': None, 'timezone': None, 'latitude': None, 'longitude': None, 'elevation': None, 'capacity': None, 'constructionYear': None, 'grass': None, 'dome': None}"
1000072,Britannia,,,[],,,,#null,#null,,,"{'id': None, 'name': None, 'city': None, 'state': None, 'zip': None, 'countryCode': None, 'timezone': None, 'latitude': None, 'longitude': None, 'elevation': None, 'capacity': None, 'constructionYear': None, 'grass': None, 'dome': None}"
1000078,British Club of New York,,,[],,,,#null,#null,,,"{'id': None, 'name': None, 'city': None, 'state': None, 'zip': None, 'countryCode': None, 'timezone': None, 'latitude': None, 'longitude': None, 'elevation': None, 'capacity': None, 'constructionYear': None, 'grass': None, 'dome': None}"
1001013,British Columbia,British Col,BRI,['BRI'],,,,#null,#null,,,"{'id': None, 'name': None, 'city': None, 'state': None, 'zip': None, 'countryCode': None, 'timezone': None, 'latitude': None, 'longitude': None, 'elevation': None, 'capacity': None, 'constructionYear': None, 'grass': None, 'dome': None}"
1000929,Broaddus College,,,[],,,,#null,#null,,,"{'id': None, 'name': None, 'city': None, 'state': None, 'zip': None, 'countryCode': None, 'timezone': None, 'latitude': None, 'longitude': None, 'elevation': None, 'capacity': None, 'constructionYear': None, 'grass': None, 'dome': None}"
1000842,Brooklyn,,,[],,,,#null,#null,,,"{'id': None, 'name': None, 'city': None, 'state': None, 'zip': None, 'countryCode': None, 'timezone': None, 'latitude': None, 'longitude': None, 'elevation': None, 'capacity': None, 'constructionYear': None, 'grass': None, 'dome': None}"
1000080,Brooklyn Polytechnic Institute,,,[],,,,#null,#null,,,"{'id': None, 'name': None, 'city': None, 'state': None, 'zip': None, 'countryCode': None, 'timezone': None, 'latitude': None, 'longitude': None, 'elevation': None, 'capacity': None, 'constructionYear': None, 'grass': None, 'dome': None}"
1000814,Brooklyn Tigers (NFL),,,[],,,,#null,#null,,,"{'id': None, 'name': None, 'city': None, 'state': None, 'zip': None, 'countryCode': None, 'timezone': None, 'latitude': None, 'longitude': None, 'elevation': None, 'capacity': None, 'constructionYear': None, 'grass': None, 'dome': None}"
1000795,Bryan Field,,,[],,,,#null,#null,,,"{'id': None, 'name': None, 'city': None, 'state': None, 'zip': None, 'countryCode': None, 'timezone': None, 'latitude': None, 'longitude': None, 'elevation': None, 'capacity': None, 'constructionYear': None, 'grass': None, 'dome': None}"
1000662,Bryson,,,[],,,,#null,#null,,,"{'id': None, 'name': None, 'city': None, 'state': None, 'zip': None, 'countryCode': None, 'timezone': None, 'latitude': None, 'longitude': None, 'elevation': None, 'capacity': None, 'constructionYear': None, 'grass': None, 'dome': None}"
1000378,Buckner Business College,,,[],,,,#null,#null,,,"{'id': None, 'name': None, 'city': None, 'state': None, 'zip': None, 'countryCode': None, 'timezone': None, 'latitude': None, 'longitude': None, 'elevation': None, 'capacity': None, 'constructionYear': None, 'grass': None, 'dome': None}"
1000840,Bunker Hill Navy,,,[],,,,#null,#null,,,"{'id': None, 'name': None, 'city': None, 'state': None, 'zip': None, 'countryCode': None, 'timezone': None, 'latitude': None, 'longitude': None, 'elevation': None, 'capacity': None, 'constructionYear': None, 'grass': None, 'dome': None}"
1000640,Burleson,,,[],,,,#null,#null,,,"{'id': None, 'name': None, 'city': None, 'state': None, 'zip': None, 'countryCode': None, 'timezone': None, 'latitude': None, 'longitude': None, 'elevation': None, 'capacity': None, 'constructionYear': None, 'grass': None, 'dome': None}"
1000271,Burlingame A.C.,,,[],,,,#null,#null,,,"{'id': None, 'name': None, 'city': None, 'state': None, 'zip': None, 'countryCode': None, 'timezone': None, 'latitude': None, 'longitude': None, 'elevation': None, 'capacity': None, 'constructionYear': None, 'grass': None, 'dome': None}"
1000394,Butler YMCA,,,[],,,,#null,#null,,,"{'id': None, 'name': None, 'city': None, 'state': None, 'zip': None, 'countryCode': None, 'timezone': None, 'latitude': None, 'longitude': None, 'elevation': None, 'capacity': None, 'constructionYear': None, 'grass': None, 'dome': None}"
1000162,Butte A.C.,,,[],,,,#null,#null,,,"{'id': None, 'name': None, 'city': None, 'state': None, 'zip': None, 'countryCode': None, 'timezone': None, 'latitude': None, 'longitude': None, 'elevation': None, 'capacity': None, 'constructionYear': None, 'grass': None, 'dome': None}"
1000687,California Alumni,,,[],,,,#null,#null,,,"{'id': None, 'name': None, 'city': None, 'state': None, 'zip': None, 'countryCode': None, 'timezone': None, 'latitude': None, 'longitude': None, 'elevation': None, 'capacity': None, 'constructionYear': None, 'grass': None, 'dome': None}"
1000891,California-Riverside,,,[],,,,#null,#null,,,"{'id': None, 'name': None, 'city': None, 'state': None, 'zip': None, 'countryCode': None, 'timezone': None, 'latitude': None, 'longitude': None, 'elevation': None, 'capacity': None, 'constructionYear': None, 'grass': None, 'dome': None}"
1000007,California-Santa Barbara,Gauchos,UCSB,"['UCSB', 'California-Santa Barbara']",,,,#null,#null,,,"{'id': None, 'name': None, 'city': None, 'state': None, 'zip': None, 'countryCode': None, 'timezone': None, 'latitude': None, 'longitude': None, 'elevation': None, 'capacity': None, 'constructionYear': None, 'grass': None, 'dome': None}"
1000690,California Tech,,,[],,,,#null,#null,,,"{'id': None, 'name': None, 'city': None, 'state': None, 'zip': None, 'countryCode': None, 'timezone': None, 'latitude': None, 'longitude': None, 'elevation': None, 'capacity': None, 'constructionYear': None, 'grass': None, 'dome': None}"
1000513,Cal Poly-Pomona,,,[],,,,#null,#null,,,"{'id': None, 'name': None, 'city': None, 'state': None, 'zip': None, 'countryCode': None, 'timezone': None, 'latitude': None, 'longitude': None, 'elevation': None, 'capacity': None, 'constructionYear': None, 'grass': None, 'dome': None}"
1000012,Cal State Fullerton,Titans,,['Cal State Fullerton'],,,,#null,#null,,,"{'id': None, 'name': None, 'city': None, 'state': None, 'zip': None, 'countryCode': None, 'timezone': None, 'latitude': None, 'longitude': None, 'elevation': None, 'capacity': None, 'constructionYear': None, 'grass': None, 'dome': None}"
1000013,Cal State Los Angeles,Golden Eagles,,['Cal State Los Angeles'],,,,#null,#null,,,"{'id': None, 'name': None, 'city': None, 'state': None, 'zip': None, 'countryCode': None, 'timezone': None, 'latitude': None, 'longitude': None, 'elevation': None, 'capacity': None, 'constructionYear': None, 'grass': None, 'dome': None}"
1000887,Cal State Northridge,,,[],,,,#null,#null,,,"{'id': None, 'name': None, 'city': None, 'state': None, 'zip': None, 'countryCode': None, 'timezone': None, 'latitude': None, 'longitude': None, 'elevation': None, 'capacity': None, 'constructionYear': None, 'grass': None, 'dome': None}"
1000917,Cameron,Aggies,CAM,['CAM'],,,,#null,#null,,,"{'id': None, 'name': None, 'city': None, 'state': None, 'zip': None, 'countryCode': None, 'timezone': None, 'latitude': None, 'longitude': None, 'elevation': None, 'capacity': None, 'constructionYear': None, 'grass': None, 'dome': None}"
1000147,Camp Adams,,,[],,,,#null,#null,,,"{'id': None, 'name': None, 'city': None, 'state': None, 'zip': None, 'countryCode': None, 'timezone': None, 'latitude': None, 'longitude': None, 'elevation': None, 'capacity': None, 'constructionYear': None, 'grass': None, 'dome': None}"
1000591,Camp Baker,,,[],,,,#null,#null,,,"{'id': None, 'name': None, 'city': None, 'state': None, 'zip': None, 'countryCode': None, 'timezone': None, 'latitude': None, 'longitude': None, 'elevation': None, 'capacity': None, 'constructionYear': None, 'grass': None, 'dome': None}"
1000854,Camp Beale,,,[],,,,#null,#null,,,"{'id': None, 'name': None, 'city': None, 'state': None, 'zip': None, 'countryCode': None, 'timezone': None, 'latitude': None, 'longitude': None, 'elevation': None, 'capacity': None, 'constructionYear': None, 'grass': None, 'dome': None}"
1000846,Camp Blanding,,,[],,,,#null,#null,,,"{'id': None, 'name': None, 'city': None, 'state': None, 'zip': None, 'countryCode': None, 'timezone': None, 'latitude': None, 'longitude': None, 'elevation': None, 'capacity': None, 'constructionYear': None, 'grass': None, 'dome': None}"
1000767,Camp Davis,,,[],,,,#null,#null,,,"{'id': None, 'name': None, 'city': None, 'state': None, 'zip': None, 'countryCode': None, 'timezone': None, 'latitude': None, 'longitude': None, 'elevation': None, 'capacity': None, 'constructionYear': None, 'grass': None, 'dome': None}"
1000567,Camp Devens,,,[],,,,#null,#null,,,"{'id': None, 'name': None, 'city': None, 'state': None, 'zip': None, 'countryCode': None, 'timezone': None, 'latitude': None, 'longitude': None, 'elevation': None, 'capacity': None, 'constructionYear': None, 'grass': None, 'dome': None}"
1000618,Camp Dodge,,,[],,,,#null,#null,,,"{'id': None, 'name': None, 'city': None, 'state': None, 'zip': None, 'countryCode': None, 'timezone': None, 'latitude': None, 'longitude': None, 'elevation': None, 'capacity': None, 'constructionYear': None, 'grass': None, 'dome': None}"
1000575,Camp Doniphan,,,[],,,,#null,#null,,,"{'id': None, 'name': None, 'city': None, 'state': None, 'zip': None, 'countryCode': None, 'timezone': None, 'latitude': None, 'longitude': None, 'elevation': None, 'capacity': None, 'constructionYear': None, 'grass': None, 'dome': None}"
1000217,Campello,,,[],,,,#null,#null,,,"{'id': None, 'name': None, 'city': None, 'state': None, 'zip': None, 'countryCode': None, 'timezone': None, 'latitude': None, 'longitude': None, 'elevation': None, 'capacity': None, 'constructionYear': None, 'grass': None, 'dome': None}"
1000564,Camp Funston,,,[],,,,#null,#null,,,"{'id': None, 'name': None, 'city': None, 'state': None, 'zip': None, 'countryCode': None, 'timezone': None, 'latitude': None, 'longitude': None, 'elevation': None, 'capacity': None, 'constructionYear': None, 'grass': None, 'dome': None}"
1000572,Camp Gordon,,,[],,,,#null,#null,,,"{'id': None, 'name': None, 'city': None, 'state': None, 'zip': None, 'countryCode': None, 'timezone': None, 'latitude': None, 'longitude': None, 'elevation': None, 'capacity': None, 'constructionYear': None, 'grass': None, 'dome': None}"
1000014,Camp Grant,Warriors,,['Camp Grant'],,,,#null,#null,,,"{'id': None, 'name': None, 'city': None, 'state': None, 'zip': None, 'countryCode': None, 'timezone': None, 'latitude': None, 'longitude': None, 'elevation': None, 'capacity': None, 'constructionYear': None, 'grass': None, 'dome': None}"
1000626,Camp Greene,,,[],,,,#null,#null,,,"{'id': None, 'name': None, 'city': None, 'state': None, 'zip': None, 'countryCode': None, 'timezone': None, 'latitude': None, 'longitude': None, 'elevation': None, 'capacity': None, 'constructionYear': None, 'grass': None, 'dome': None}"
1000589,Camp Greenleaf,,,[],,,,#null,#null,,,"{'id': None, 'name': None, 'city': None, 'state': None, 'zip': None, 'countryCode': None, 'timezone': None, 'latitude': None, 'longitude': None, 'elevation': None, 'capacity': None, 'constructionYear': None, 'grass': None, 'dome': None}"
1000598,Camp Griffin,,,[],,,,#null,#null,,,"{'id': None, 'name': None, 'city': None, 'state': None, 'zip': None, 'countryCode': None, 'timezone': None, 'latitude': None, 'longitude': None, 'elevation': None, 'capacity': None, 'constructionYear': None, 'grass': None, 'dome': None}"
1000769,Camp Haan,,,[],,,,#null,#null,,,"{'id': None, 'name': None, 'city': None, 'state': None, 'zip': None, 'countryCode': None, 'timezone': None, 'latitude': None, 'longitude': None, 'elevation': None, 'capacity': None, 'constructionYear': None, 'grass': None, 'dome': None}"
1000599,Camp Hancock,,,[],,,,#null,#null,,,"{'id': None, 'name': None, 'city': None, 'state': None, 'zip': None, 'countryCode': None, 'timezone': None, 'latitude': None, 'longitude': None, 'elevation': None, 'capacity': None, 'constructionYear': None, 'grass': None, 'dome': None}"
1000619,Camp Harrison,,,[],,,,#null,#null,,,"{'id': None, 'name': None, 'city': None, 'state': None, 'zip': None, 'countryCode': None, 'timezone': None, 'latitude': None, 'longitude': None, 'elevation': None, 'capacity': None, 'constructionYear': None, 'grass': None, 'dome': None}"
1000879,Camp Hood,,,[],,,,#null,#null,,,"{'id': None, 'name': None, 'city': None, 'state': None, 'zip': None, 'countryCode': None, 'timezone': None, 'latitude': None, 'longitude': None, 'elevation': None, 'capacity': None, 'constructionYear': None, 'grass': None, 'dome': None}"
1000605,Camp Humphreys,,,[],,,,#null,#null,,,"{'id': None, 'name': None, 'city': None, 'state': None, 'zip': None, 'countryCode': None, 'timezone': None, 'latitude': None, 'longitude': None, 'elevation': None, 'capacity': None, 'constructionYear': None, 'grass': None, 'dome': None}"
1000803,Camp Kilmer,,,[],,,,#null,#null,,,"{'id': None, 'name': None, 'city': None, 'state': None, 'zip': None, 'countryCode': None, 'timezone': None, 'latitude': None, 'longitude': None, 'elevation': None, 'capacity': None, 'constructionYear': None, 'grass': None, 'dome': None}"
1000574,Camp Lee,,,[],,,,#null,#null,,,"{'id': None, 'name': None, 'city': None, 'state': None, 'zip': None, 'countryCode': None, 'timezone': None, 'latitude': None, 'longitude': None, 'elevation': None, 'capacity': None, 'constructionYear': None, 'grass': None, 'dome': None}"
1000789,Camp Lejeune,,,[],,,,#null,#null,,,"{'id': None, 'name': None, 'city': None, 'state': None, 'zip': None, 'countryCode': None, 'timezone': None, 'latitude': None, 'longitude': None, 'elevation': None, 'capacity': None, 'constructionYear': None, 'grass': None, 'dome': None}"
1000550,Camp Logan,,,[],,,,#null,#null,,,"{'id': None, 'name': None, 'city': None, 'state': None, 'zip': None, 'countryCode': None, 'timezone': None, 'latitude': None, 'longitude': None, 'elevation': None, 'capacity': None, 'constructionYear': None, 'grass': None, 'dome': None}"
1000559,Camp Lyons,,,[],,,,#null,#null,,,"{'id': None, 'name': None, 'city': None, 'state': None, 'zip': None, 'countryCode': None, 'timezone': None, 'latitude': None, 'longitude': None, 'elevation': None, 'capacity': None, 'constructionYear': None, 'grass': None, 'dome': None}"
1000625,Camp Mabry,,,[],,,,#null,#null,,,"{'id': None, 'name': None, 'city': None, 'state': None, 'zip': None, 'countryCode': None, 'timezone': None, 'latitude': None, 'longitude': None, 'elevation': None, 'capacity': None, 'constructionYear': None, 'grass': None, 'dome': None}"
1000569,Camp MacAurthur,,,[],,,,#null,#null,,,"{'id': None, 'name': None, 'city': None, 'state': None, 'zip': None, 'countryCode': None, 'timezone': None, 'latitude': None, 'longitude': None, 'elevation': None, 'capacity': None, 'constructionYear': None, 'grass': None, 'dome': None}"
1000579,Camp MacDowell,,,[],,,,#null,#null,,,"{'id': None, 'name': None, 'city': None, 'state': None, 'zip': None, 'countryCode': None, 'timezone': None, 'latitude': None, 'longitude': None, 'elevation': None, 'capacity': None, 'constructionYear': None, 'grass': None, 'dome': None}"
1000861,Camp Mackall,,,[],,,,#null,#null,,,"{'id': None, 'name': None, 'city': None, 'state': None, 'zip': None, 'countryCode': None, 'timezone': None, 'latitude': None, 'longitude': None, 'elevation': None, 'capacity': None, 'constructionYear': None, 'grass': None, 'dome': None}"
1000866,Camp McClelland,,,[],,,,#null,#null,,,"{'id': None, 'name': None, 'city': None, 'state': None, 'zip': None, 'countryCode': None, 'timezone': None, 'latitude': None, 'longitude': None, 'elevation': None, 'capacity': None, 'constructionYear': None, 'grass': None, 'dome': None}"
1000353,Camp McKinley,,,[],,,,#null,#null,,,"{'id': None, 'name': None, 'city': None, 'state': None, 'zip': None, 'countryCode': None, 'timezone': None, 'latitude': None, 'longitude': None, 'elevation': None, 'capacity': None, 'constructionYear': None, 'grass': None, 'dome': None}"
1000349,Camp McPherson,,,[],,,,#null,#null,,,"{'id': None, 'name': None, 'city': None, 'state': None, 'zip': None, 'countryCode': None, 'timezone': None, 'latitude': None, 'longitude': None, 'elevation': None, 'capacity': None, 'constructionYear': None, 'grass': None, 'dome': None}"
1000432,Camp Meyer,,,[],,,,#null,#null,,,"{'id': None, 'name': None, 'city': None, 'state': None, 'zip': None, 'countryCode': None, 'timezone': None, 'latitude': None, 'longitude': None, 'elevation': None, 'capacity': None, 'constructionYear': None, 'grass': None, 'dome': None}"
1000900,Camp Peary,,,[],,,,#null,#null,,,"{'id': None, 'name': None, 'city': None, 'state': None, 'zip': None, 'countryCode': None, 'timezone': None, 'latitude': None, 'longitude': None, 'elevation': None, 'capacity': None, 'constructionYear': None, 'grass': None, 'dome': None}"
1000880,Camp Pendleton,,,[],,,,#null,#null,,,"{'id': None, 'name': None, 'city': None, 'state': None, 'zip': None, 'countryCode': None, 'timezone': None, 'latitude': None, 'longitude': None, 'elevation': None, 'capacity': None, 'constructionYear': None, 'grass': None, 'dome': None}"
1000635,Camp Perry,,,[],,,,#null,#null,,,"{'id': None, 'name': None, 'city': None, 'state': None, 'zip': None, 'countryCode': None, 'timezone': None, 'latitude': None, 'longitude': None, 'elevation': None, 'capacity': None, 'constructionYear': None, 'grass': None, 'dome': None}"
1000773,Camp Pickett,,,[],,,,#null,#null,,,"{'id': None, 'name': None, 'city': None, 'state': None, 'zip': None, 'countryCode': None, 'timezone': None, 'latitude': None, 'longitude': None, 'elevation': None, 'capacity': None, 'constructionYear': None, 'grass': None, 'dome': None}"
1000577,Camp Pike,,,[],,,,#null,#null,,,"{'id': None, 'name': None, 'city': None, 'state': None, 'zip': None, 'countryCode': None, 'timezone': None, 'latitude': None, 'longitude': None, 'elevation': None, 'capacity': None, 'constructionYear': None, 'grass': None, 'dome': None}"
1000829,Camp Polk,,,[],,,,#null,#null,,,"{'id': None, 'name': None, 'city': None, 'state': None, 'zip': None, 'countryCode': None, 'timezone': None, 'latitude': None, 'longitude': None, 'elevation': None, 'capacity': None, 'constructionYear': None, 'grass': None, 'dome': None}"
1000250,Camp Preble,,,[],,,,#null,#null,,,"{'id': None, 'name': None, 'city': None, 'state': None, 'zip': None, 'countryCode': None, 'timezone': None, 'latitude': None, 'longitude': None, 'elevation': None, 'capacity': None, 'constructionYear': None, 'grass': None, 'dome': None}"
1000451,Camp Russell,,,[],,,,#null,#null,,,"{'id': None, 'name': None, 'city': None, 'state': None, 'zip': None, 'countryCode': None, 'timezone': None, 'latitude': None, 'longitude': None, 'elevation': None, 'capacity': None, 'constructionYear': None, 'grass': None, 'dome': None}"
1000576,Camp Sevier,,,[],,,,#null,#null,,,"{'id': None, 'name': None, 'city': None, 'state': None, 'zip': None, 'countryCode': None, 'timezone': None, 'latitude': None, 'longitude': None, 'elevation': None, 'capacity': None, 'constructionYear': None, 'grass': None, 'dome': None}"
1000621,Camp Shelby,,,[],,,,#null,#null,,,"{'id': None, 'name': None, 'city': None, 'state': None, 'zip': None, 'countryCode': None, 'timezone': None, 'latitude': None, 'longitude': None, 'elevation': None, 'capacity': None, 'constructionYear': None, 'grass': None, 'dome': None}"
1000573,Camp Sherman,,,[],,,,#null,#null,,,"{'id': None, 'name': None, 'city': None, 'state': None, 'zip': None, 'countryCode': None, 'timezone': None, 'latitude': None, 'longitude': None, 'elevation': None, 'capacity': None, 'constructionYear': None, 'grass': None, 'dome': None}"
1000607,Camp Taylor,,,[],,,,#null,#null,,,"{'id': None, 'name': None, 'city': None, 'state': None, 'zip': None, 'countryCode': None, 'timezone': None, 'latitude': None, 'longitude': None, 'elevation': None, 'capacity': None, 'constructionYear': None, 'grass': None, 'dome': None}"
1000594,Camp Travis,,,[],,,,#null,#null,,,"{'id': None, 'name': None, 'city': None, 'state': None, 'zip': None, 'countryCode': None, 'timezone': None, 'latitude': None, 'longitude': None, 'elevation': None, 'capacity': None, 'constructionYear': None, 'grass': None, 'dome': None}"
1000556,Camp Wadsworth,,,[],,,,#null,#null,,,"{'id': None, 'name': None, 'city': None, 'state': None, 'zip': None, 'countryCode': None, 'timezone': None, 'latitude': None, 'longitude': None, 'elevation': None, 'capacity': None, 'constructionYear': None, 'grass': None, 'dome': None}"
1000068,Canada All-Stars,,,[],,,,#null,#null,,,"{'id': None, 'name': None, 'city': None, 'state': None, 'zip': None, 'countryCode': None, 'timezone': None, 'latitude': None, 'longitude': None, 'elevation': None, 'capacity': None, 'constructionYear': None, 'grass': None, 'dome': None}"
1000706,Canisius,,,[],,,,#null,#null,,,"{'id': None, 'name': None, 'city': None, 'state': None, 'zip': None, 'countryCode': None, 'timezone': None, 'latitude': None, 'longitude': None, 'elevation': None, 'capacity': None, 'constructionYear': None, 'grass': None, 'dome': None}"
1000396,Canton A.C.,,,[],,,,#null,#null,,,"{'id': None, 'name': None, 'city': None, 'state': None, 'zip': None, 'countryCode': None, 'timezone': None, 'latitude': None, 'longitude': None, 'elevation': None, 'capacity': None, 'constructionYear': None, 'grass': None, 'dome': None}"
1000601,Carleton-St. Olaf,,,[],,,,#null,#null,,,"{'id': None, 'name': None, 'city': None, 'state': None, 'zip': None, 'countryCode': None, 'timezone': None, 'latitude': None, 'longitude': None, 'elevation': None, 'capacity': None, 'constructionYear': None, 'grass': None, 'dome': None}"
1000015,Carlisle,Indians,,['Carlisle'],,,,#null,#null,,,"{'id': None, 'name': None, 'city': None, 'state': None, 'zip': None, 'countryCode': None, 'timezone': None, 'latitude': None, 'longitude': None, 'elevation': None, 'capacity': None, 'constructionYear': None, 'grass': None, 'dome': None}"
1000670,Carlstrom Field,,,[],,,,#null,#null,,,"{'id': None, 'name': None, 'city': None, 'state': None, 'zip': None, 'countryCode': None, 'timezone': None, 'latitude': None, 'longitude': None, 'elevation': None, 'capacity': None, 'constructionYear': None, 'grass': None, 'dome': None}"
1000692,Carroll (Montana),,,[],,,,#null,#null,,,"{'id': None, 'name': None, 'city': None, 'state': None, 'zip': None, 'countryCode': None, 'timezone': None, 'latitude': None, 'longitude': None, 'elevation': None, 'capacity': None, 'constructionYear': None, 'grass': None, 'dome': None}"
1000580,Carruthers Field,,,[],,,,#null,#null,,,"{'id': None, 'name': None, 'city': None, 'state': None, 'zip': None, 'countryCode': None, 'timezone': None, 'latitude': None, 'longitude': None, 'elevation': None, 'capacity': None, 'constructionYear': None, 'grass': None, 'dome': None}"
1000883,Carswell AFB,,,[],,,,#null,#null,,,"{'id': None, 'name': None, 'city': None, 'state': None, 'zip': None, 'countryCode': None, 'timezone': None, 'latitude': None, 'longitude': None, 'elevation': None, 'capacity': None, 'constructionYear': None, 'grass': None, 'dome': None}"
1000744,Casa Blanca Indians,,,[],,,,#null,#null,,,"{'id': None, 'name': None, 'city': None, 'state': None, 'zip': None, 'countryCode': None, 'timezone': None, 'latitude': None, 'longitude': None, 'elevation': None, 'capacity': None, 'constructionYear': None, 'grass': None, 'dome': None}"
1000156,Case,,,[],,,,#null,#null,,,"{'id': None, 'name': None, 'city': None, 'state': None, 'zip': None, 'countryCode': None, 'timezone': None, 'latitude': None, 'longitude': None, 'elevation': None, 'capacity': None, 'constructionYear': None, 'grass': None, 'dome': None}"
1000429,Castle Heights,,,[],,,,#null,#null,,,"{'id': None, 'name': None, 'city': None, 'state': None, 'zip': None, 'countryCode': None, 'timezone': None, 'latitude': None, 'longitude': None, 'elevation': None, 'capacity': None, 'constructionYear': None, 'grass': None, 'dome': None}"
1000500,Catholic,,,[],,,,#null,#null,,,"{'id': None, 'name': None, 'city': None, 'state': None, 'zip': None, 'countryCode': None, 'timezone': None, 'latitude': None, 'longitude': None, 'elevation': None, 'capacity': None, 'constructionYear': None, 'grass': None, 'dome': None}"
1000016,Centenary (LA),Gents,,['Centenary (LA)'],,,,#null,#null,,,"{'id': None, 'name': None, 'city': None, 'state': None, 'zip': None, 'countryCode': None, 'timezone': None, 'latitude': None, 'longitude': None, 'elevation': None, 'capacity': None, 'constructionYear': None, 'grass': None, 'dome': None}"
1000702,Centerville (Butte),,,[],,,,#null,#null,,,"{'id': None, 'name': None, 'city': None, 'state': None, 'zip': None, 'countryCode': None, 'timezone': None, 'latitude': None, 'longitude': None, 'elevation': None, 'capacity': None, 'constructionYear': None, 'grass': None, 'dome': None}"
1000309,Central Academy,,,[],,,,#null,#null,,,"{'id': None, 'name': None, 'city': None, 'state': None, 'zip': None, 'countryCode': None, 'timezone': None, 'latitude': None, 'longitude': None, 'elevation': None, 'capacity': None, 'constructionYear': None, 'grass': None, 'dome': None}"
1000506,Central (Iowa),,,[],,,,#null,#null,,,"{'id': None, 'name': None, 'city': None, 'state': None, 'zip': None, 'countryCode': None, 'timezone': None, 'latitude': None, 'longitude': None, 'elevation': None, 'capacity': None, 'constructionYear': None, 'grass': None, 'dome': None}"
1000295,Central (Kentucky),,,[],,,,#null,#null,,,"{'id': None, 'name': None, 'city': None, 'state': None, 'zip': None, 'countryCode': None, 'timezone': None, 'latitude': None, 'longitude': None, 'elevation': None, 'capacity': None, 'constructionYear': None, 'grass': None, 'dome': None}"
1000928,Central Missouri,Mules,CEN,['CEN'],,,,#null,#null,,,"{'id': None, 'name': None, 'city': None, 'state': None, 'zip': None, 'countryCode': None, 'timezone': None, 'latitude': None, 'longitude': None, 'elevation': None, 'capacity': None, 'constructionYear': None, 'grass': None, 'dome': None}"
1000526,Chamberlain Hunt,,,[],,,,#null,#null,,,"{'id': None, 'name': None, 'city': None, 'state': None, 'zip': None, 'countryCode': None, 'timezone': None, 'latitude': None, 'longitude': None, 'elevation': None, 'capacity': None, 'constructionYear': None, 'grass': None, 'dome': None}"
1000578,Chanute Field,,,[],,,,#null,#null,,,"{'id': None, 'name': None, 'city': None, 'state': None, 'zip': None, 'countryCode': None, 'timezone': None, 'latitude': None, 'longitude': None, 'elevation': None, 'capacity': None, 'constructionYear': None, 'grass': None, 'dome': None}"
1000390,Charles City,,,[],,,,#null,#null,,,"{'id': None, 'name': None, 'city': None, 'state': None, 'zip': None, 'countryCode': None, 'timezone': None, 'latitude': None, 'longitude': None, 'elevation': None, 'capacity': None, 'constructionYear': None, 'grass': None, 'dome': None}"
1000305,Charleston,,,[],,,,#null,#null,,,"{'id': None, 'name': None, 'city': None, 'state': None, 'zip': None, 'countryCode': None, 'timezone': None, 'latitude': None, 'longitude': None, 'elevation': None, 'capacity': None, 'constructionYear': None, 'grass': None, 'dome': None}"
1000806,Charleston Coast Guard,,,[],,,,#null,#null,,,"{'id': None, 'name': None, 'city': None, 'state': None, 'zip': None, 'countryCode': None, 'timezone': None, 'latitude': None, 'longitude': None, 'elevation': None, 'capacity': None, 'constructionYear': None, 'grass': None, 'dome': None}"
1000479,Charleston Navy,,,[],,,,#null,#null,,,"{'id': None, 'name': None, 'city': None, 'state': None, 'zip': None, 'countryCode': None, 'timezone': None, 'latitude': None, 'longitude': None, 'elevation': None, 'capacity': None, 'constructionYear': None, 'grass': None, 'dome': None}"
1000831,Chatham Field,,,[],,,,#null,#null,,,"{'id': None, 'name': None, 'city': None, 'state': None, 'zip': None, 'countryCode': None, 'timezone': None, 'latitude': None, 'longitude': None, 'elevation': None, 'capacity': None, 'constructionYear': None, 'grass': None, 'dome': None}"
1000666,Chemawa,,,[],,,,#null,#null,,,"{'id': None, 'name': None, 'city': None, 'state': None, 'zip': None, 'countryCode': None, 'timezone': None, 'latitude': None, 'longitude': None, 'elevation': None, 'capacity': None, 'constructionYear': None, 'grass': None, 'dome': None}"
1000826,Cherry Point Marines,,,[],,,,#null,#null,,,"{'id': None, 'name': None, 'city': None, 'state': None, 'zip': None, 'countryCode': None, 'timezone': None, 'latitude': None, 'longitude': None, 'elevation': None, 'capacity': None, 'constructionYear': None, 'grass': None, 'dome': None}"
1000395,Cheyenne High,,,[],,,,#null,#null,,,"{'id': None, 'name': None, 'city': None, 'state': None, 'zip': None, 'countryCode': None, 'timezone': None, 'latitude': None, 'longitude': None, 'elevation': None, 'capacity': None, 'constructionYear': None, 'grass': None, 'dome': None}"
1000109,Chicago A.C.,,,[],,,,#null,#null,,,"{'id': None, 'name': None, 'city': None, 'state': None, 'zip': None, 'countryCode': None, 'timezone': None, 'latitude': None, 'longitude': None, 'elevation': None, 'capacity': None, 'constructionYear': None, 'grass': None, 'dome': None}"
1000185,Chicago Alumni,,,[],,,,#null,#null,,,"{'id': None, 'name': None, 'city': None, 'state': None, 'zip': None, 'countryCode': None, 'timezone': None, 'latitude': None, 'longitude': None, 'elevation': None, 'capacity': None, 'constructionYear': None, 'grass': None, 'dome': None}"
1000263,Chicago College,,,[],,,,#null,#null,,,"{'id': None, 'name': None, 'city': None, 'state': None, 'zip': None, 'countryCode': None, 'timezone': None, 'latitude': None, 'longitude': None, 'elevation': None, 'capacity': None, 'constructionYear': None, 'grass': None, 'dome': None}"
1000287,Chicago Dental,,,[],,,,#null,#null,,,"{'id': None, 'name': None, 'city': None, 'state': None, 'zip': None, 'countryCode': None, 'timezone': None, 'latitude': None, 'longitude': None, 'elevation': None, 'capacity': None, 'constructionYear': None, 'grass': None, 'dome': None}"
1000144,Chicago Dining Club,,,[],,,,#null,#null,,,"{'id': None, 'name': None, 'city': None, 'state': None, 'zip': None, 'countryCode': None, 'timezone': None, 'latitude': None, 'longitude': None, 'elevation': None, 'capacity': None, 'constructionYear': None, 'grass': None, 'dome': None}"
1000267,Chicago Medical,,,[],,,,#null,#null,,,"{'id': None, 'name': None, 'city': None, 'state': None, 'zip': None, 'countryCode': None, 'timezone': None, 'latitude': None, 'longitude': None, 'elevation': None, 'capacity': None, 'constructionYear': None, 'grass': None, 'dome': None}"
1000583,Chicago Naval Reserve,,,[],,,,#null,#null,,,"{'id': None, 'name': None, 'city': None, 'state': None, 'zip': None, 'countryCode': None, 'timezone': None, 'latitude': None, 'longitude': None, 'elevation': None, 'capacity': None, 'constructionYear': None, 'grass': None, 'dome': None}"
1000122,Chicago YMCA,,,[],,,,#null,#null,,,"{'id': None, 'name': None, 'city': None, 'state': None, 'zip': None, 'countryCode': None, 'timezone': None, 'latitude': None, 'longitude': None, 'elevation': None, 'capacity': None, 'constructionYear': None, 'grass': None, 'dome': None}"
1000543,Chick Springs Military,,,[],,,,#null,#null,,,"{'id': None, 'name': None, 'city': None, 'state': None, 'zip': None, 'countryCode': None, 'timezone': None, 'latitude': None, 'longitude': None, 'elevation': None, 'capacity': None, 'constructionYear': None, 'grass': None, 'dome': None}"
1000321,Chilocco,,,[],,,,#null,#null,,,"{'id': None, 'name': None, 'city': None, 'state': None, 'zip': None, 'countryCode': None, 'timezone': None, 'latitude': None, 'longitude': None, 'elevation': None, 'capacity': None, 'constructionYear': None, 'grass': None, 'dome': None}"
2804,Chowan,Hawks,CHOWA,"['CHOWA', 'Chowan']",Carolinas,,ii,#null,#null,"['http://a.espncdn.com/i/teamlogos/ncaa/500/2804.png', 'http://a.espncdn.com/i/teamlogos/ncaa/500-dark/2804.png']",,"{'id': 5220, 'name': 'Garrison Stadium', 'city': 'Murfreesboro', 'state': 'TN', 'zip': None, 'countryCode': 'US', 'timezone': None, 'latitude': 36.434053, 'longitude': -77.098431, 'elevation': '18.69116974', 'capacity': 5000, 'constructionYear': 2007, 'grass': None, 'dome': False}"
1000514,Christian Brothers,,,[],,,,#null,#null,,,"{'id': None, 'name': None, 'city': None, 'state': None, 'zip': None, 'countryCode': None, 'timezone': None, 'latitude': None, 'longitude': None, 'elevation': None, 'capacity': None, 'constructionYear': None, 'grass': None, 'dome': None}"
1000066,City College of New York,,,[],,,,#null,#null,,,"{'id': None, 'name': None, 'city': None, 'state': None, 'zip': None, 'countryCode': None, 'timezone': None, 'latitude': None, 'longitude': None, 'elevation': None, 'capacity': None, 'constructionYear': None, 'grass': None, 'dome': None}"
1000699,Clarke Memorial,,,[],,,,#null,#null,,,"{'id': None, 'name': None, 'city': None, 'state': None, 'zip': None, 'countryCode': None, 'timezone': None, 'latitude': None, 'longitude': None, 'elevation': None, 'capacity': None, 'constructionYear': None, 'grass': None, 'dome': None}"
1000268,Clarkson,,,[],,,,#null,#null,,,"{'id': None, 'name': None, 'city': None, 'state': None, 'zip': None, 'countryCode': None, 'timezone': None, 'latitude': None, 'longitude': None, 'elevation': None, 'capacity': None, 'constructionYear': None, 'grass': None, 'dome': None}"
1000535,Clemson Freshmen,,,[],,,,#null,#null,,,"{'id': None, 'name': None, 'city': None, 'state': None, 'zip': None, 'countryCode': None, 'timezone': None, 'latitude': None, 'longitude': None, 'elevation': None, 'capacity': None, 'constructionYear': None, 'grass': None, 'dome': None}"
1000634,Cleveland Naval Reserves,,,[],,,,#null,#null,,,"{'id': None, 'name': None, 'city': None, 'state': None, 'zip': None, 'countryCode': None, 'timezone': None, 'latitude': None, 'longitude': None, 'elevation': None, 'capacity': None, 'constructionYear': None, 'grass': None, 'dome': None}"
1000148,C.M.T.S.,,,[],,,,#null,#null,,,"{'id': None, 'name': None, 'city': None, 'state': None, 'zip': None, 'countryCode': None, 'timezone': None, 'latitude': None, 'longitude': None, 'elevation': None, 'capacity': None, 'constructionYear': None, 'grass': None, 'dome': None}"
1000844,College All-Stars,,,[],,,,#null,#null,,,"{'id': None, 'name': None, 'city': None, 'state': None, 'zip': None, 'countryCode': None, 'timezone': None, 'latitude': None, 'longitude': None, 'elevation': None, 'capacity': None, 'constructionYear': None, 'grass': None, 'dome': None}"
1000344,Colorado Alumni,,,[],,,,#null,#null,,,"{'id': None, 'name': None, 'city': None, 'state': None, 'zip': None, 'countryCode': None, 'timezone': None, 'latitude': None, 'longitude': None, 'elevation': None, 'capacity': None, 'constructionYear': None, 'grass': None, 'dome': None}"
1000330,Colorado College Alumni,,,[],,,,#null,#null,,,"{'id': None, 'name': None, 'city': None, 'state': None, 'zip': None, 'countryCode': None, 'timezone': None, 'latitude': None, 'longitude': None, 'elevation': None, 'capacity': None, 'constructionYear': None, 'grass': None, 'dome': None}"
1000775,Colorado Springs Field,,,[],,,,#null,#null,,,"{'id': None, 'name': None, 'city': None, 'state': None, 'zip': None, 'countryCode': None, 'timezone': None, 'latitude': None, 'longitude': None, 'elevation': None, 'capacity': None, 'constructionYear': None, 'grass': None, 'dome': None}"
1000281,Colorado Springs High,,,[],,,,#null,#null,,,"{'id': None, 'name': None, 'city': None, 'state': None, 'zip': None, 'countryCode': None, 'timezone': None, 'latitude': None, 'longitude': None, 'elevation': None, 'capacity': None, 'constructionYear': None, 'grass': None, 'dome': None}"
1000695,Colorado State Freshmen,,,[],,,,#null,#null,,,"{'id': None, 'name': None, 'city': None, 'state': None, 'zip': None, 'countryCode': None, 'timezone': None, 'latitude': None, 'longitude': None, 'elevation': None, 'capacity': None, 'constructionYear': None, 'grass': None, 'dome': None}"
1000104,Columbia A.C.,,,[],,,,#null,#null,,,"{'id': None, 'name': None, 'city': None, 'state': None, 'zip': None, 'countryCode': None, 'timezone': None, 'latitude': None, 'longitude': None, 'elevation': None, 'capacity': None, 'constructionYear': None, 'grass': None, 'dome': None}"
1000317,Columbia Alumni,,,[],,,,#null,#null,,,"{'id': None, 'name': None, 'city': None, 'state': None, 'zip': None, 'countryCode': None, 'timezone': None, 'latitude': None, 'longitude': None, 'elevation': None, 'capacity': None, 'constructionYear': None, 'grass': None, 'dome': None}"
1000486,Columbia College,,,[],,,,#null,#null,,,"{'id': None, 'name': None, 'city': None, 'state': None, 'zip': None, 'countryCode': None, 'timezone': None, 'latitude': None, 'longitude': None, 'elevation': None, 'capacity': None, 'constructionYear': None, 'grass': None, 'dome': None}"
1000086,Columbia Law,,,[],,,,#null,#null,,,"{'id': None, 'name': None, 'city': None, 'state': None, 'zip': None, 'countryCode': None, 'timezone': None, 'latitude': None, 'longitude': None, 'elevation': None, 'capacity': None, 'constructionYear': None, 'grass': None, 'dome': None}"
1000753,Columbia (Oregon),,,[],,,,#null,#null,,,"{'id': None, 'name': None, 'city': None, 'state': None, 'zip': None, 'countryCode': None, 'timezone': None, 'latitude': None, 'longitude': None, 'elevation': None, 'capacity': None, 'constructionYear': None, 'grass': None, 'dome': None}"
1000318,Columbia YMCA,,,[],,,,#null,#null,,,"{'id': None, 'name': None, 'city': None, 'state': None, 'zip': None, 'countryCode': None, 'timezone': None, 'latitude': None, 'longitude': None, 'elevation': None, 'capacity': None, 'constructionYear': None, 'grass': None, 'dome': None}"
1000375,Company I,,,[],,,,#null,#null,,,"{'id': None, 'name': None, 'city': None, 'state': None, 'zip': None, 'countryCode': None, 'timezone': None, 'latitude': None, 'longitude': None, 'elevation': None, 'capacity': None, 'constructionYear': None, 'grass': None, 'dome': None}"
1000912,Concordia Canada,Eagles,,[],,,,#null,#null,,,"{'id': None, 'name': None, 'city': None, 'state': None, 'zip': None, 'countryCode': None, 'timezone': None, 'latitude': None, 'longitude': None, 'elevation': None, 'capacity': None, 'constructionYear': None, 'grass': None, 'dome': None}"
1000922,Concordia College (MN),Cobbers,,[],,,,#null,#null,,,"{'id': None, 'name': None, 'city': None, 'state': None, 'zip': None, 'countryCode': None, 'timezone': None, 'latitude': None, 'longitude': None, 'elevation': None, 'capacity': None, 'constructionYear': None, 'grass': None, 'dome': None}"
1000110,Connecticut Literary,,,[],,,,#null,#null,,,"{'id': None, 'name': None, 'city': None, 'state': None, 'zip': None, 'countryCode': None, 'timezone': None, 'latitude': None, 'longitude': None, 'elevation': None, 'capacity': None, 'constructionYear': None, 'grass': None, 'dome': None}"
1000206,Connecticut-Waterbury,,,[],,,,#null,#null,,,"{'id': None, 'name': None, 'city': None, 'state': None, 'zip': None, 'countryCode': None, 'timezone': None, 'latitude': None, 'longitude': None, 'elevation': None, 'capacity': None, 'constructionYear': None, 'grass': None, 'dome': None}"
1000421,Conway Hall,,,[],,,,#null,#null,,,"{'id': None, 'name': None, 'city': None, 'state': None, 'zip': None, 'countryCode': None, 'timezone': None, 'latitude': None, 'longitude': None, 'elevation': None, 'capacity': None, 'constructionYear': None, 'grass': None, 'dome': None}"
1000774,Corpus Christi NAS,,,[],,,,#null,#null,,,"{'id': None, 'name': None, 'city': None, 'state': None, 'zip': None, 'countryCode': None, 'timezone': None, 'latitude': None, 'longitude': None, 'elevation': None, 'capacity': None, 'constructionYear': None, 'grass': None, 'dome': None}"
1000235,Cortland State,,,[],,,,#null,#null,,,"{'id': None, 'name': None, 'city': None, 'state': None, 'zip': None, 'countryCode': None, 'timezone': None, 'latitude': None, 'longitude': None, 'elevation': None, 'capacity': None, 'constructionYear': None, 'grass': None, 'dome': None}"
1000656,Cotton City A.C.,,,[],,,,#null,#null,,,"{'id': None, 'name': None, 'city': None, 'state': None, 'zip': None, 'countryCode': None, 'timezone': None, 'latitude': None, 'longitude': None, 'elevation': None, 'capacity': None, 'constructionYear': None, 'grass': None, 'dome': None}"
1000588,Crane J.C.,,,[],,,,#null,#null,,,"{'id': None, 'name': None, 'city': None, 'state': None, 'zip': None, 'countryCode': None, 'timezone': None, 'latitude': None, 'longitude': None, 'elevation': None, 'capacity': None, 'constructionYear': None, 'grass': None, 'dome': None}"
1000017,Creighton,Bluejays,,['Creighton'],,,,#null,#null,,,"{'id': None, 'name': None, 'city': None, 'state': None, 'zip': None, 'countryCode': None, 'timezone': None, 'latitude': None, 'longitude': None, 'elevation': None, 'capacity': None, 'constructionYear': None, 'grass': None, 'dome': None}"
1000075,Crescent A.C.,,,[],,,,#null,#null,,,"{'id': None, 'name': None, 'city': None, 'state': None, 'zip': None, 'countryCode': None, 'timezone': None, 'latitude': None, 'longitude': None, 'elevation': None, 'capacity': None, 'constructionYear': None, 'grass': None, 'dome': None}"
1000364,Culver,,,[],,,,#null,#null,,,"{'id': None, 'name': None, 'city': None, 'state': None, 'zip': None, 'countryCode': None, 'timezone': None, 'latitude': None, 'longitude': None, 'elevation': None, 'capacity': None, 'constructionYear': None, 'grass': None, 'dome': None}"
1000793,Curtis Bay Coast Guard,,,[],,,,#null,#null,,,"{'id': None, 'name': None, 'city': None, 'state': None, 'zip': None, 'countryCode': None, 'timezone': None, 'latitude': None, 'longitude': None, 'elevation': None, 'capacity': None, 'constructionYear': None, 'grass': None, 'dome': None}"
1000862,Dalhart Field,,,[],,,,#null,#null,,,"{'id': None, 'name': None, 'city': None, 'state': None, 'zip': None, 'countryCode': None, 'timezone': None, 'latitude': None, 'longitude': None, 'elevation': None, 'capacity': None, 'constructionYear': None, 'grass': None, 'dome': None}"
1000491,Dallas,,,[],,,,#null,#null,,,"{'id': None, 'name': None, 'city': None, 'state': None, 'zip': None, 'countryCode': None, 'timezone': None, 'latitude': None, 'longitude': None, 'elevation': None, 'capacity': None, 'constructionYear': None, 'grass': None, 'dome': None}"
1000331,Daniel Baker,,,[],,,,#null,#null,,,"{'id': None, 'name': None, 'city': None, 'state': None, 'zip': None, 'countryCode': None, 'timezone': None, 'latitude': None, 'longitude': None, 'elevation': None, 'capacity': None, 'constructionYear': None, 'grass': None, 'dome': None}"
1000787,Daniel Field,,,[],,,,#null,#null,,,"{'id': None, 'name': None, 'city': None, 'state': None, 'zip': None, 'countryCode': None, 'timezone': None, 'latitude': None, 'longitude': None, 'elevation': None, 'capacity': None, 'constructionYear': None, 'grass': None, 'dome': None}"
1000507,Davis & Elkins,,,[],,,,#null,#null,,,"{'id': None, 'name': None, 'city': None, 'state': None, 'zip': None, 'countryCode': None, 'timezone': None, 'latitude': None, 'longitude': None, 'elevation': None, 'capacity': None, 'constructionYear': None, 'grass': None, 'dome': None}"
1000139,Dean Academy,,,[],,,,#null,#null,,,"{'id': None, 'name': None, 'city': None, 'state': None, 'zip': None, 'countryCode': None, 'timezone': None, 'latitude': None, 'longitude': None, 'elevation': None, 'capacity': None, 'constructionYear': None, 'grass': None, 'dome': None}"
1000645,Decatur Baptist,,,[],,,,#null,#null,,,"{'id': None, 'name': None, 'city': None, 'state': None, 'zip': None, 'countryCode': None, 'timezone': None, 'latitude': None, 'longitude': None, 'elevation': None, 'capacity': None, 'constructionYear': None, 'grass': None, 'dome': None}"
1000018,Del Monte Pre-Flight,Navyators,,['Del Monte Pre-Flight'],,,,#null,#null,,,"{'id': None, 'name': None, 'city': None, 'state': None, 'zip': None, 'countryCode': None, 'timezone': None, 'latitude': None, 'longitude': None, 'elevation': None, 'capacity': None, 'constructionYear': None, 'grass': None, 'dome': None}"
1000001,Denver,Pioneers,DU,"['DU', 'Denver']",,,,#null,#null,,,"{'id': None, 'name': None, 'city': None, 'state': None, 'zip': None, 'countryCode': None, 'timezone': None, 'latitude': None, 'longitude': None, 'elevation': None, 'capacity': None, 'constructionYear': None, 'grass': None, 'dome': None}"
1000136,Denver A.C.,,,[],,,,#null,#null,,,"{'id': None, 'name': None, 'city': None, 'state': None, 'zip': None, 'countryCode': None, 'timezone': None, 'latitude': None, 'longitude': None, 'elevation': None, 'capacity': None, 'constructionYear': None, 'grass': None, 'dome': None}"
1000464,Denver Alumni,,,[],,,,#null,#null,,,"{'id': None, 'name': None, 'city': None, 'state': None, 'zip': None, 'countryCode': None, 'timezone': None, 'latitude': None, 'longitude': None, 'elevation': None, 'capacity': None, 'constructionYear': None, 'grass': None, 'dome': None}"
1000539,Denver Freshmen,,,[],,,,#null,#null,,,"{'id': None, 'name': None, 'city': None, 'state': None, 'zip': None, 'countryCode': None, 'timezone': None, 'latitude': None, 'longitude': None, 'elevation': None, 'capacity': None, 'constructionYear': None, 'grass': None, 'dome': None}"
1000289,Denver Manual High,,,[],,,,#null,#null,,,"{'id': None, 'name': None, 'city': None, 'state': None, 'zip': None, 'countryCode': None, 'timezone': None, 'latitude': None, 'longitude': None, 'elevation': None, 'capacity': None, 'constructionYear': None, 'grass': None, 'dome': None}"
1000671,DePaul,,,[],,,,#null,#null,,,"{'id': None, 'name': None, 'city': None, 'state': None, 'zip': None, 'countryCode': None, 'timezone': None, 'latitude': None, 'longitude': None, 'elevation': None, 'capacity': None, 'constructionYear': None, 'grass': None, 'dome': None}"
1000269,Des Moines,,,[],,,,#null,#null,,,"{'id': None, 'name': None, 'city': None, 'state': None, 'zip': None, 'countryCode': None, 'timezone': None, 'latitude': None, 'longitude': None, 'elevation': None, 'capacity': None, 'constructionYear': None, 'grass': None, 'dome': None}"
1000239,Des Moines Baptist,,,[],,,,#null,#null,,,"{'id': None, 'name': None, 'city': None, 'state': None, 'zip': None, 'countryCode': None, 'timezone': None, 'latitude': None, 'longitude': None, 'elevation': None, 'capacity': None, 'constructionYear': None, 'grass': None, 'dome': None}"
1000079,Detroit A.C.,,,[],,,,#null,#null,,,"{'id': None, 'name': None, 'city': None, 'state': None, 'zip': None, 'countryCode': None, 'timezone': None, 'latitude': None, 'longitude': None, 'elevation': None, 'capacity': None, 'constructionYear': None, 'grass': None, 'dome': None}"
1000019,Detroit Mercy,Titans,,['Detroit Mercy'],,,,#null,#null,,,"{'id': None, 'name': None, 'city': None, 'state': None, 'zip': None, 'countryCode': None, 'timezone': None, 'latitude': None, 'longitude': None, 'elevation': None, 'capacity': None, 'constructionYear': None, 'grass': None, 'dome': None}"
1000277,Dickinson Seminary,,,[],,,,#null,#null,,,"{'id': None, 'name': None, 'city': None, 'state': None, 'zip': None, 'countryCode': None, 'timezone': None, 'latitude': None, 'longitude': None, 'elevation': None, 'capacity': None, 'constructionYear': None, 'grass': None, 'dome': None}"
1000751,Dixie,,,[],,,,#null,#null,,,"{'id': None, 'name': None, 'city': None, 'state': None, 'zip': None, 'countryCode': None, 'timezone': None, 'latitude': None, 'longitude': None, 'elevation': None, 'capacity': None, 'constructionYear': None, 'grass': None, 'dome': None}"
1000215,Dixon,,,[],,,,#null,#null,,,"{'id': None, 'name': None, 'city': None, 'state': None, 'zip': None, 'countryCode': None, 'timezone': None, 'latitude': None, 'longitude': None, 'elevation': None, 'capacity': None, 'constructionYear': None, 'grass': None, 'dome': None}"
1000130,Doane,,,[],,,,#null,#null,,,"{'id': None, 'name': None, 'city': None, 'state': None, 'zip': None, 'countryCode': None, 'timezone': None, 'latitude': None, 'longitude': None, 'elevation': None, 'capacity': None, 'constructionYear': None, 'grass': None, 'dome': None}"
1000415,Drake Alumni,,,[],,,,#null,#null,,,"{'id': None, 'name': None, 'city': None, 'state': None, 'zip': None, 'countryCode': None, 'timezone': None, 'latitude': None, 'longitude': None, 'elevation': None, 'capacity': None, 'constructionYear': None, 'grass': None, 'dome': None}"
1000701,Drexel,,,[],,,,#null,#null,,,"{'id': None, 'name': None, 'city': None, 'state': None, 'zip': None, 'countryCode': None, 'timezone': None, 'latitude': None, 'longitude': None, 'elevation': None, 'capacity': None, 'constructionYear': None, 'grass': None, 'dome': None}"
1000020,Drury,Panthers,,['Drury'],,,,#null,#null,,,"{'id': None, 'name': None, 'city': None, 'state': None, 'zip': None, 'countryCode': None, 'timezone': None, 'latitude': None, 'longitude': None, 'elevation': None, 'capacity': None, 'constructionYear': None, 'grass': None, 'dome': None}"
1000176,Duquesne A.C.,,,[],,,,#null,#null,,,"{'id': None, 'name': None, 'city': None, 'state': None, 'zip': None, 'countryCode': None, 'timezone': None, 'latitude': None, 'longitude': None, 'elevation': None, 'capacity': None, 'constructionYear': None, 'grass': None, 'dome': None}"
1000299,East Denver High,,,[],,,,#null,#null,,,"{'id': None, 'name': None, 'city': None, 'state': None, 'zip': None, 'countryCode': None, 'timezone': None, 'latitude': None, 'longitude': None, 'elevation': None, 'capacity': None, 'constructionYear': None, 'grass': None, 'dome': None}"
1000311,East Des Moines High,,,[],,,,#null,#null,,,"{'id': None, 'name': None, 'city': None, 'state': None, 'zip': None, 'countryCode': None, 'timezone': None, 'latitude': None, 'longitude': None, 'elevation': None, 'capacity': None, 'constructionYear': None, 'grass': None, 'dome': None}"
1000739,Eastern Arizona J.C.,,,[],,,,#null,#null,,,"{'id': None, 'name': None, 'city': None, 'state': None, 'zip': None, 'countryCode': None, 'timezone': None, 'latitude': None, 'longitude': None, 'elevation': None, 'capacity': None, 'constructionYear': None, 'grass': None, 'dome': None}"
1000428,Eastern (Virginia),,,[],,,,#null,#null,,,"{'id': None, 'name': None, 'city': None, 'state': None, 'zip': None, 'countryCode': None, 'timezone': None, 'latitude': None, 'longitude': None, 'elevation': None, 'capacity': None, 'constructionYear': None, 'grass': None, 'dome': None}"
1000728,Edmond Tech,,,[],,,,#null,#null,,,"{'id': None, 'name': None, 'city': None, 'state': None, 'zip': None, 'countryCode': None, 'timezone': None, 'latitude': None, 'longitude': None, 'elevation': None, 'capacity': None, 'constructionYear': None, 'grass': None, 'dome': None}"
1000833,Edmonton Field,,,[],,,,#null,#null,,,"{'id': None, 'name': None, 'city': None, 'state': None, 'zip': None, 'countryCode': None, 'timezone': None, 'latitude': None, 'longitude': None, 'elevation': None, 'capacity': None, 'constructionYear': None, 'grass': None, 'dome': None}"
1000899,Edward Waters,,,[],,,,#null,#null,,,"{'id': None, 'name': None, 'city': None, 'state': None, 'zip': None, 'countryCode': None, 'timezone': None, 'latitude': None, 'longitude': None, 'elevation': None, 'capacity': None, 'constructionYear': None, 'grass': None, 'dome': None}"
1000265,Elgin Academy,,,[],,,,#null,#null,,,"{'id': None, 'name': None, 'city': None, 'state': None, 'zip': None, 'countryCode': None, 'timezone': None, 'latitude': None, 'longitude': None, 'elevation': None, 'capacity': None, 'constructionYear': None, 'grass': None, 'dome': None}"
1000167,Elizabeth A.C.,,,[],,,,#null,#null,,,"{'id': None, 'name': None, 'city': None, 'state': None, 'zip': None, 'countryCode': None, 'timezone': None, 'latitude': None, 'longitude': None, 'elevation': None, 'capacity': None, 'constructionYear': None, 'grass': None, 'dome': None}"
1000724,Ellensburg,,,[],,,,#null,#null,,,"{'id': None, 'name': None, 'city': None, 'state': None, 'zip': None, 'countryCode': None, 'timezone': None, 'latitude': None, 'longitude': None, 'elevation': None, 'capacity': None, 'constructionYear': None, 'grass': None, 'dome': None}"
1000850,Ellington Field,,,[],,,,#null,#null,,,"{'id': None, 'name': None, 'city': None, 'state': None, 'zip': None, 'countryCode': None, 'timezone': None, 'latitude': None, 'longitude': None, 'elevation': None, 'capacity': None, 'constructionYear': None, 'grass': None, 'dome': None}"
1000525,Ellsworth,,,[],,,,#null,#null,,,"{'id': None, 'name': None, 'city': None, 'state': None, 'zip': None, 'countryCode': None, 'timezone': None, 'latitude': None, 'longitude': None, 'elevation': None, 'capacity': None, 'constructionYear': None, 'grass': None, 'dome': None}"
1000732,El Paso National Guard,,,[],,,,#null,#null,,,"{'id': None, 'name': None, 'city': None, 'state': None, 'zip': None, 'countryCode': None, 'timezone': None, 'latitude': None, 'longitude': None, 'elevation': None, 'capacity': None, 'constructionYear': None, 'grass': None, 'dome': None}"
1000828,El Toro Marines,,,[],,,,#null,#null,,,"{'id': None, 'name': None, 'city': None, 'state': None, 'zip': None, 'countryCode': None, 'timezone': None, 'latitude': None, 'longitude': None, 'elevation': None, 'capacity': None, 'constructionYear': None, 'grass': None, 'dome': None}"
1000316,Emporia College,,,[],,,,#null,#null,,,"{'id': None, 'name': None, 'city': None, 'state': None, 'zip': None, 'countryCode': None, 'timezone': None, 'latitude': None, 'longitude': None, 'elevation': None, 'capacity': None, 'constructionYear': None, 'grass': None, 'dome': None}"
1001015,England,England,England,['England'],,,,#null,#null,,,"{'id': None, 'name': None, 'city': None, 'state': None, 'zip': None, 'countryCode': None, 'timezone': None, 'latitude': None, 'longitude': None, 'elevation': None, 'capacity': None, 'constructionYear': None, 'grass': None, 'dome': None}"
1000707,Englewood,,,[],,,,#null,#null,,,"{'id': None, 'name': None, 'city': None, 'state': None, 'zip': None, 'countryCode': None, 'timezone': None, 'latitude': None, 'longitude': None, 'elevation': None, 'capacity': None, 'constructionYear': None, 'grass': None, 'dome': None}"
1000127,Englewood High,,,[],,,,#null,#null,,,"{'id': None, 'name': None, 'city': None, 'state': None, 'zip': None, 'countryCode': None, 'timezone': None, 'latitude': None, 'longitude': None, 'elevation': None, 'capacity': None, 'constructionYear': None, 'grass': None, 'dome': None}"
1000128,Englewood YMCA,,,[],,,,#null,#null,,,"{'id': None, 'name': None, 'city': None, 'state': None, 'zip': None, 'countryCode': None, 'timezone': None, 'latitude': None, 'longitude': None, 'elevation': None, 'capacity': None, 'constructionYear': None, 'grass': None, 'dome': None}"
1000021,Erskine,The Flying Fleet,,['Erskine'],,,,#null,#null,,,"{'id': None, 'name': None, 'city': None, 'state': None, 'zip': None, 'countryCode': None, 'timezone': None, 'latitude': None, 'longitude': None, 'elevation': None, 'capacity': None, 'constructionYear': None, 'grass': None, 'dome': None}"
1000067,Eton,,,[],,,,#null,#null,,,"{'id': None, 'name': None, 'city': None, 'state': None, 'zip': None, 'countryCode': None, 'timezone': None, 'latitude': None, 'longitude': None, 'elevation': None, 'capacity': None, 'constructionYear': None, 'grass': None, 'dome': None}"
1000163,Eureka,,,[],,,,#null,#null,,,"{'id': None, 'name': None, 'city': None, 'state': None, 'zip': None, 'countryCode': None, 'timezone': None, 'latitude': None, 'longitude': None, 'elevation': None, 'capacity': None, 'constructionYear': None, 'grass': None, 'dome': None}"
1000152,Evanston High,,,[],,,,#null,#null,,,"{'id': None, 'name': None, 'city': None, 'state': None, 'zip': None, 'countryCode': None, 'timezone': None, 'latitude': None, 'longitude': None, 'elevation': None, 'capacity': None, 'constructionYear': None, 'grass': None, 'dome': None}"
1000752,Evansville,,,[],,,,#null,#null,,,"{'id': None, 'name': None, 'city': None, 'state': None, 'zip': None, 'countryCode': None, 'timezone': None, 'latitude': None, 'longitude': None, 'elevation': None, 'capacity': None, 'constructionYear': None, 'grass': None, 'dome': None}"
1000090,Exeter,,,[],,,,#null,#null,,,"{'id': None, 'name': None, 'city': None, 'state': None, 'zip': None, 'countryCode': None, 'timezone': None, 'latitude': None, 'longitude': None, 'elevation': None, 'capacity': None, 'constructionYear': None, 'grass': None, 'dome': None}"
1000155,F.A.A.,,,[],,,,#null,#null,,,"{'id': None, 'name': None, 'city': None, 'state': None, 'zip': None, 'countryCode': None, 'timezone': None, 'latitude': None, 'longitude': None, 'elevation': None, 'capacity': None, 'constructionYear': None, 'grass': None, 'dome': None}"
1000981,Fairfield,Stags,,['Fairfield'],,,,#null,#null,,,"{'id': None, 'name': None, 'city': None, 'state': None, 'zip': None, 'countryCode': None, 'timezone': None, 'latitude': None, 'longitude': None, 'elevation': None, 'capacity': None, 'constructionYear': None, 'grass': None, 'dome': None}"
1000111,Fall River,,,[],,,,#null,#null,,,"{'id': None, 'name': None, 'city': None, 'state': None, 'zip': None, 'countryCode': None, 'timezone': None, 'latitude': None, 'longitude': None, 'elevation': None, 'capacity': None, 'constructionYear': None, 'grass': None, 'dome': None}"
1000087,Falls of Schuylkill,,,[],,,,#null,#null,,,"{'id': None, 'name': None, 'city': None, 'state': None, 'zip': None, 'countryCode': None, 'timezone': None, 'latitude': None, 'longitude': None, 'elevation': None, 'capacity': None, 'constructionYear': None, 'grass': None, 'dome': None}"
1000859,Farragut Navy,,,[],,,,#null,#null,,,"{'id': None, 'name': None, 'city': None, 'state': None, 'zip': None, 'countryCode': None, 'timezone': None, 'latitude': None, 'longitude': None, 'elevation': None, 'capacity': None, 'constructionYear': None, 'grass': None, 'dome': None}"
109418,Finlandia University,Lions,FINL,"['FINL', 'Finlandia']",Upper Midwest,,iii,#null,#null,,,"{'id': None, 'name': None, 'city': None, 'state': None, 'zip': None, 'countryCode': None, 'timezone': None, 'latitude': None, 'longitude': None, 'elevation': None, 'capacity': None, 'constructionYear': None, 'grass': None, 'dome': None}"
1000437,Fishburne M.A.,,,[],,,,#null,#null,,,"{'id': None, 'name': None, 'city': None, 'state': None, 'zip': None, 'countryCode': None, 'timezone': None, 'latitude': None, 'longitude': None, 'elevation': None, 'capacity': None, 'constructionYear': None, 'grass': None, 'dome': None}"
1000925,Fisk University,Bulldogs,,[],,,,#null,#null,,,"{'id': None, 'name': None, 'city': None, 'state': None, 'zip': None, 'countryCode': None, 'timezone': None, 'latitude': None, 'longitude': None, 'elevation': None, 'capacity': None, 'constructionYear': None, 'grass': None, 'dome': None}"
1000228,Fitchburg YMCA,,,[],,,,#null,#null,,,"{'id': None, 'name': None, 'city': None, 'state': None, 'zip': None, 'countryCode': None, 'timezone': None, 'latitude': None, 'longitude': None, 'elevation': None, 'capacity': None, 'constructionYear': None, 'grass': None, 'dome': None}"
1000819,Fleet City,,,[],,,,#null,#null,,,"{'id': None, 'name': None, 'city': None, 'state': None, 'zip': None, 'countryCode': None, 'timezone': None, 'latitude': None, 'longitude': None, 'elevation': None, 'capacity': None, 'constructionYear': None, 'grass': None, 'dome': None}"
1000528,Florence YMCA,,,[],,,,#null,#null,,,"{'id': None, 'name': None, 'city': None, 'state': None, 'zip': None, 'countryCode': None, 'timezone': None, 'latitude': None, 'longitude': None, 'elevation': None, 'capacity': None, 'constructionYear': None, 'grass': None, 'dome': None}"
1000508,Florida Southern,,,[],,,,#null,#null,,,"{'id': None, 'name': None, 'city': None, 'state': None, 'zip': None, 'countryCode': None, 'timezone': None, 'latitude': None, 'longitude': None, 'elevation': None, 'capacity': None, 'constructionYear': None, 'grass': None, 'dome': None}"
1000022,Fort Benning,Doughboys,,['Fort Benning'],,,,#null,#null,,,"{'id': None, 'name': None, 'city': None, 'state': None, 'zip': None, 'countryCode': None, 'timezone': None, 'latitude': None, 'longitude': None, 'elevation': None, 'capacity': None, 'constructionYear': None, 'grass': None, 'dome': None}"
1000830,Fort Bliss,,,[],,,,#null,#null,,,"{'id': None, 'name': None, 'city': None, 'state': None, 'zip': None, 'countryCode': None, 'timezone': None, 'latitude': None, 'longitude': None, 'elevation': None, 'capacity': None, 'constructionYear': None, 'grass': None, 'dome': None}"
1000689,Fort Bragg,,,[],,,,#null,#null,,,"{'id': None, 'name': None, 'city': None, 'state': None, 'zip': None, 'countryCode': None, 'timezone': None, 'latitude': None, 'longitude': None, 'elevation': None, 'capacity': None, 'constructionYear': None, 'grass': None, 'dome': None}"
1000631,Fort Des Moines,,,[],,,,#null,#null,,,"{'id': None, 'name': None, 'city': None, 'state': None, 'zip': None, 'countryCode': None, 'timezone': None, 'latitude': None, 'longitude': None, 'elevation': None, 'capacity': None, 'constructionYear': None, 'grass': None, 'dome': None}"
1000391,Fort Douglas,,,[],,,,#null,#null,,,"{'id': None, 'name': None, 'city': None, 'state': None, 'zip': None, 'countryCode': None, 'timezone': None, 'latitude': None, 'longitude': None, 'elevation': None, 'capacity': None, 'constructionYear': None, 'grass': None, 'dome': None}"
1000382,Fort Ethan Allen,,,[],,,,#null,#null,,,"{'id': None, 'name': None, 'city': None, 'state': None, 'zip': None, 'countryCode': None, 'timezone': None, 'latitude': None, 'longitude': None, 'elevation': None, 'capacity': None, 'constructionYear': None, 'grass': None, 'dome': None}"
1000643,Fort Jackson,,,[],,,,#null,#null,,,"{'id': None, 'name': None, 'city': None, 'state': None, 'zip': None, 'countryCode': None, 'timezone': None, 'latitude': None, 'longitude': None, 'elevation': None, 'capacity': None, 'constructionYear': None, 'grass': None, 'dome': None}"
1000777,Fort Knox,,,[],,,,#null,#null,,,"{'id': None, 'name': None, 'city': None, 'state': None, 'zip': None, 'countryCode': None, 'timezone': None, 'latitude': None, 'longitude': None, 'elevation': None, 'capacity': None, 'constructionYear': None, 'grass': None, 'dome': None}"
1000476,Fort Leavenworth,,,[],,,,#null,#null,,,"{'id': None, 'name': None, 'city': None, 'state': None, 'zip': None, 'countryCode': None, 'timezone': None, 'latitude': None, 'longitude': None, 'elevation': None, 'capacity': None, 'constructionYear': None, 'grass': None, 'dome': None}"
1000755,Fort Lewis College,,,[],,,,#null,#null,,,"{'id': None, 'name': None, 'city': None, 'state': None, 'zip': None, 'countryCode': None, 'timezone': None, 'latitude': None, 'longitude': None, 'elevation': None, 'capacity': None, 'constructionYear': None, 'grass': None, 'dome': None}"
1000776,Fort Monmouth,,,[],,,,#null,#null,,,"{'id': None, 'name': None, 'city': None, 'state': None, 'zip': None, 'countryCode': None, 'timezone': None, 'latitude': None, 'longitude': None, 'elevation': None, 'capacity': None, 'constructionYear': None, 'grass': None, 'dome': None}"
1000823,Fort Monroe,,,[],,,,#null,#null,,,"{'id': None, 'name': None, 'city': None, 'state': None, 'zip': None, 'countryCode': None, 'timezone': None, 'latitude': None, 'longitude': None, 'elevation': None, 'capacity': None, 'constructionYear': None, 'grass': None, 'dome': None}"
1000628,Fort Oglethorpe,,,[],,,,#null,#null,,,"{'id': None, 'name': None, 'city': None, 'state': None, 'zip': None, 'countryCode': None, 'timezone': None, 'latitude': None, 'longitude': None, 'elevation': None, 'capacity': None, 'constructionYear': None, 'grass': None, 'dome': None}"
1000768,Fort Ord,,,[],,,,#null,#null,,,"{'id': None, 'name': None, 'city': None, 'state': None, 'zip': None, 'countryCode': None, 'timezone': None, 'latitude': None, 'longitude': None, 'elevation': None, 'capacity': None, 'constructionYear': None, 'grass': None, 'dome': None}"
1000827,Fort Pierce,,,[],,,,#null,#null,,,"{'id': None, 'name': None, 'city': None, 'state': None, 'zip': None, 'countryCode': None, 'timezone': None, 'latitude': None, 'longitude': None, 'elevation': None, 'capacity': None, 'constructionYear': None, 'grass': None, 'dome': None}"
1000023,Fort Riley,Centaurs,,['Fort Riley'],,,,#null,#null,,,"{'id': None, 'name': None, 'city': None, 'state': None, 'zip': None, 'countryCode': None, 'timezone': None, 'latitude': None, 'longitude': None, 'elevation': None, 'capacity': None, 'constructionYear': None, 'grass': None, 'dome': None}"
1000255,Fort Sheridan,,,[],,,,#null,#null,,,"{'id': None, 'name': None, 'city': None, 'state': None, 'zip': None, 'countryCode': None, 'timezone': None, 'latitude': None, 'longitude': None, 'elevation': None, 'capacity': None, 'constructionYear': None, 'grass': None, 'dome': None}"
1000784,Fort Totten,,,[],,,,#null,#null,,,"{'id': None, 'name': None, 'city': None, 'state': None, 'zip': None, 'countryCode': None, 'timezone': None, 'latitude': None, 'longitude': None, 'elevation': None, 'capacity': None, 'constructionYear': None, 'grass': None, 'dome': None}"
1000024,Fort Warren,Broncos,,['Fort Warren'],,,,#null,#null,,,"{'id': None, 'name': None, 'city': None, 'state': None, 'zip': None, 'countryCode': None, 'timezone': None, 'latitude': None, 'longitude': None, 'elevation': None, 'capacity': None, 'constructionYear': None, 'grass': None, 'dome': None}"
1000326,Fort Worth,,,[],,,,#null,#null,,,"{'id': None, 'name': None, 'city': None, 'state': None, 'zip': None, 'countryCode': None, 'timezone': None, 'latitude': None, 'longitude': None, 'elevation': None, 'capacity': None, 'constructionYear': None, 'grass': None, 'dome': None}"
1000612,Foundation,,,[],,,,#null,#null,,,"{'id': None, 'name': None, 'city': None, 'state': None, 'zip': None, 'countryCode': None, 'timezone': None, 'latitude': None, 'longitude': None, 'elevation': None, 'capacity': None, 'constructionYear': None, 'grass': None, 'dome': None}"
1000885,Frederick,,,[],,,,#null,#null,,,"{'id': None, 'name': None, 'city': None, 'state': None, 'zip': None, 'countryCode': None, 'timezone': None, 'latitude': None, 'longitude': None, 'elevation': None, 'capacity': None, 'constructionYear': None, 'grass': None, 'dome': None}"
1000278,Freeport High,,,[],,,,#null,#null,,,"{'id': None, 'name': None, 'city': None, 'state': None, 'zip': None, 'countryCode': None, 'timezone': None, 'latitude': None, 'longitude': None, 'elevation': None, 'capacity': None, 'constructionYear': None, 'grass': None, 'dome': None}"
1000584,Fremont Ammuntion,,,[],,,,#null,#null,,,"{'id': None, 'name': None, 'city': None, 'state': None, 'zip': None, 'countryCode': None, 'timezone': None, 'latitude': None, 'longitude': None, 'elevation': None, 'capacity': None, 'constructionYear': None, 'grass': None, 'dome': None}"
1000868,Fresno State JV,,,[],,,,#null,#null,,,"{'id': None, 'name': None, 'city': None, 'state': None, 'zip': None, 'countryCode': None, 'timezone': None, 'latitude': None, 'longitude': None, 'elevation': None, 'capacity': None, 'constructionYear': None, 'grass': None, 'dome': None}"
1000342,Friends,,,[],,,,#null,#null,,,"{'id': None, 'name': None, 'city': None, 'state': None, 'zip': None, 'countryCode': None, 'timezone': None, 'latitude': None, 'longitude': None, 'elevation': None, 'capacity': None, 'constructionYear': None, 'grass': None, 'dome': None}"
1000818,Galveston Field,,,[],,,,#null,#null,,,"{'id': None, 'name': None, 'city': None, 'state': None, 'zip': None, 'countryCode': None, 'timezone': None, 'latitude': None, 'longitude': None, 'elevation': None, 'capacity': None, 'constructionYear': None, 'grass': None, 'dome': None}"
1000632,Garden City,,,[],,,,#null,#null,,,"{'id': None, 'name': None, 'city': None, 'state': None, 'zip': None, 'countryCode': None, 'timezone': None, 'latitude': None, 'longitude': None, 'elevation': None, 'capacity': None, 'constructionYear': None, 'grass': None, 'dome': None}"
1000363,Geneva,,,[],,,,#null,#null,,,"{'id': None, 'name': None, 'city': None, 'state': None, 'zip': None, 'countryCode': None, 'timezone': None, 'latitude': None, 'longitude': None, 'elevation': None, 'capacity': None, 'constructionYear': None, 'grass': None, 'dome': None}"
1000351,Georgetown (Kentucky),,,[],,,,#null,#null,,,"{'id': None, 'name': None, 'city': None, 'state': None, 'zip': None, 'countryCode': None, 'timezone': None, 'latitude': None, 'longitude': None, 'elevation': None, 'capacity': None, 'constructionYear': None, 'grass': None, 'dome': None}"
1000921,Georgetown (KY),Tigers,GGA,['GGA'],,,,#null,#null,,,"{'id': None, 'name': None, 'city': None, 'state': None, 'zip': None, 'countryCode': None, 'timezone': None, 'latitude': None, 'longitude': None, 'elevation': None, 'capacity': None, 'constructionYear': None, 'grass': None, 'dome': None}"
1000025,George Washington,Colonials,,['George Washington'],,,,#null,#null,,,"{'id': None, 'name': None, 'city': None, 'state': None, 'zip': None, 'countryCode': None, 'timezone': None, 'latitude': None, 'longitude': None, 'elevation': None, 'capacity': None, 'constructionYear': None, 'grass': None, 'dome': None}"
1000548,Georgia B,,,[],,,,#null,#null,,,"{'id': None, 'name': None, 'city': None, 'state': None, 'zip': None, 'countryCode': None, 'timezone': None, 'latitude': None, 'longitude': None, 'elevation': None, 'capacity': None, 'constructionYear': None, 'grass': None, 'dome': None}"
1000470,Georgia Medical,,,[],,,,#null,#null,,,"{'id': None, 'name': None, 'city': None, 'state': None, 'zip': None, 'countryCode': None, 'timezone': None, 'latitude': None, 'longitude': None, 'elevation': None, 'capacity': None, 'constructionYear': None, 'grass': None, 'dome': None}"
1000026,Georgia Pre-Flight,Skycrackers,,['Georgia Pre-Flight'],,,,#null,#null,,,"{'id': None, 'name': None, 'city': None, 'state': None, 'zip': None, 'countryCode': None, 'timezone': None, 'latitude': None, 'longitude': None, 'elevation': None, 'capacity': None, 'constructionYear': None, 'grass': None, 'dome': None}"
1000545,Georgia Tech B,,,[],,,,#null,#null,,,"{'id': None, 'name': None, 'city': None, 'state': None, 'zip': None, 'countryCode': None, 'timezone': None, 'latitude': None, 'longitude': None, 'elevation': None, 'capacity': None, 'constructionYear': None, 'grass': None, 'dome': None}"
1000581,Goat Island Navy,,,[],,,,#null,#null,,,"{'id': None, 'name': None, 'city': None, 'state': None, 'zip': None, 'countryCode': None, 'timezone': None, 'latitude': None, 'longitude': None, 'elevation': None, 'capacity': None, 'constructionYear': None, 'grass': None, 'dome': None}"
1000283,Golden High,,,[],,,,#null,#null,,,"{'id': None, 'name': None, 'city': None, 'state': None, 'zip': None, 'countryCode': None, 'timezone': None, 'latitude': None, 'longitude': None, 'elevation': None, 'capacity': None, 'constructionYear': None, 'grass': None, 'dome': None}"
1000027,Gonzaga,Bulldogs,,['Gonzaga'],,,,#null,#null,,,"{'id': None, 'name': None, 'city': None, 'state': None, 'zip': None, 'countryCode': None, 'timezone': None, 'latitude': None, 'longitude': None, 'elevation': None, 'capacity': None, 'constructionYear': None, 'grass': None, 'dome': None}"
1000691,Gonzaga Alumni,,,[],,,,#null,#null,,,"{'id': None, 'name': None, 'city': None, 'state': None, 'zip': None, 'countryCode': None, 'timezone': None, 'latitude': None, 'longitude': None, 'elevation': None, 'capacity': None, 'constructionYear': None, 'grass': None, 'dome': None}"
1000404,Gordon,,,[],,,,#null,#null,,,"{'id': None, 'name': None, 'city': None, 'state': None, 'zip': None, 'countryCode': None, 'timezone': None, 'latitude': None, 'longitude': None, 'elevation': None, 'capacity': None, 'constructionYear': None, 'grass': None, 'dome': None}"
1000244,Goshen,,,[],,,,#null,#null,,,"{'id': None, 'name': None, 'city': None, 'state': None, 'zip': None, 'countryCode': None, 'timezone': None, 'latitude': None, 'longitude': None, 'elevation': None, 'capacity': None, 'constructionYear': None, 'grass': None, 'dome': None}"
1000315,Grand Island,,,[],,,,#null,#null,,,"{'id': None, 'name': None, 'city': None, 'state': None, 'zip': None, 'countryCode': None, 'timezone': None, 'latitude': None, 'longitude': None, 'elevation': None, 'capacity': None, 'constructionYear': None, 'grass': None, 'dome': None}"
1000188,Grand Rapids High,,,[],,,,#null,#null,,,"{'id': None, 'name': None, 'city': None, 'state': None, 'zip': None, 'countryCode': None, 'timezone': None, 'latitude': None, 'longitude': None, 'elevation': None, 'capacity': None, 'constructionYear': None, 'grass': None, 'dome': None}"
1000532,Granite High,,,[],,,,#null,#null,,,"{'id': None, 'name': None, 'city': None, 'state': None, 'zip': None, 'countryCode': None, 'timezone': None, 'latitude': None, 'longitude': None, 'elevation': None, 'capacity': None, 'constructionYear': None, 'grass': None, 'dome': None}"
1000028,Great Lakes Navy,Bluejackets,,['Great Lakes Navy'],,,,#null,#null,,,"{'id': None, 'name': None, 'city': None, 'state': None, 'zip': None, 'countryCode': None, 'timezone': None, 'latitude': None, 'longitude': None, 'elevation': None, 'capacity': None, 'constructionYear': None, 'grass': None, 'dome': None}"
1000137,Greenfield,,,[],,,,#null,#null,,,"{'id': None, 'name': None, 'city': None, 'state': None, 'zip': None, 'countryCode': None, 'timezone': None, 'latitude': None, 'longitude': None, 'elevation': None, 'capacity': None, 'constructionYear': None, 'grass': None, 'dome': None}"
1000809,Greensboro Field,,,[],,,,#null,#null,,,"{'id': None, 'name': None, 'city': None, 'state': None, 'zip': None, 'countryCode': None, 'timezone': None, 'latitude': None, 'longitude': None, 'elevation': None, 'capacity': None, 'constructionYear': None, 'grass': None, 'dome': None}"
1000804,Greenville Field,,,[],,,,#null,#null,,,"{'id': None, 'name': None, 'city': None, 'state': None, 'zip': None, 'countryCode': None, 'timezone': None, 'latitude': None, 'longitude': None, 'elevation': None, 'capacity': None, 'constructionYear': None, 'grass': None, 'dome': None}"
1000184,Greer,,,[],,,,#null,#null,,,"{'id': None, 'name': None, 'city': None, 'state': None, 'zip': None, 'countryCode': None, 'timezone': None, 'latitude': None, 'longitude': None, 'elevation': None, 'capacity': None, 'constructionYear': None, 'grass': None, 'dome': None}"
1000240,Grinnell Alumni,,,[],,,,#null,#null,,,"{'id': None, 'name': None, 'city': None, 'state': None, 'zip': None, 'countryCode': None, 'timezone': None, 'latitude': None, 'longitude': None, 'elevation': None, 'capacity': None, 'constructionYear': None, 'grass': None, 'dome': None}"
1000284,Grinnell High,,,[],,,,#null,#null,,,"{'id': None, 'name': None, 'city': None, 'state': None, 'zip': None, 'countryCode': None, 'timezone': None, 'latitude': None, 'longitude': None, 'elevation': None, 'capacity': None, 'constructionYear': None, 'grass': None, 'dome': None}"
1000406,Grove City,,,[],,,,#null,#null,,,"{'id': None, 'name': None, 'city': None, 'state': None, 'zip': None, 'countryCode': None, 'timezone': None, 'latitude': None, 'longitude': None, 'elevation': None, 'capacity': None, 'constructionYear': None, 'grass': None, 'dome': None}"
1000186,Hahnemann Medical,,,[],,,,#null,#null,,,"{'id': None, 'name': None, 'city': None, 'state': None, 'zip': None, 'countryCode': None, 'timezone': None, 'latitude': None, 'longitude': None, 'elevation': None, 'capacity': None, 'constructionYear': None, 'grass': None, 'dome': None}"
1000653,Hamilton A.C.,,,[],,,,#null,#null,,,"{'id': None, 'name': None, 'city': None, 'state': None, 'zip': None, 'countryCode': None, 'timezone': None, 'latitude': None, 'longitude': None, 'elevation': None, 'capacity': None, 'constructionYear': None, 'grass': None, 'dome': None}"
1000361,Hampton A.C.,,,[],,,,#null,#null,,,"{'id': None, 'name': None, 'city': None, 'state': None, 'zip': None, 'countryCode': None, 'timezone': None, 'latitude': None, 'longitude': None, 'elevation': None, 'capacity': None, 'constructionYear': None, 'grass': None, 'dome': None}"
1000646,Hampton Road,,,[],,,,#null,#null,,,"{'id': None, 'name': None, 'city': None, 'state': None, 'zip': None, 'countryCode': None, 'timezone': None, 'latitude': None, 'longitude': None, 'elevation': None, 'capacity': None, 'constructionYear': None, 'grass': None, 'dome': None}"
1000467,Harrisburg A.C.,,,[],,,,#null,#null,,,"{'id': None, 'name': None, 'city': None, 'state': None, 'zip': None, 'countryCode': None, 'timezone': None, 'latitude': None, 'longitude': None, 'elevation': None, 'capacity': None, 'constructionYear': None, 'grass': None, 'dome': None}"
1000492,Harry Hillman Academy,,,[],,,,#null,#null,,,"{'id': None, 'name': None, 'city': None, 'state': None, 'zip': None, 'countryCode': None, 'timezone': None, 'latitude': None, 'longitude': None, 'elevation': None, 'capacity': None, 'constructionYear': None, 'grass': None, 'dome': None}"
1000154,Hartford,,,[],,,,#null,#null,,,"{'id': None, 'name': None, 'city': None, 'state': None, 'zip': None, 'countryCode': None, 'timezone': None, 'latitude': None, 'longitude': None, 'elevation': None, 'capacity': None, 'constructionYear': None, 'grass': None, 'dome': None}"
1000092,Harvard Alumni,,,[],,,,#null,#null,,,"{'id': None, 'name': None, 'city': None, 'state': None, 'zip': None, 'countryCode': None, 'timezone': None, 'latitude': None, 'longitude': None, 'elevation': None, 'capacity': None, 'constructionYear': None, 'grass': None, 'dome': None}"
1000094,Harvard B,,,[],,,,#null,#null,,,"{'id': None, 'name': None, 'city': None, 'state': None, 'zip': None, 'countryCode': None, 'timezone': None, 'latitude': None, 'longitude': None, 'elevation': None, 'capacity': None, 'constructionYear': None, 'grass': None, 'dome': None}"
1000134,Harvard Freshmen,,,[],,,,#null,#null,,,"{'id': None, 'name': None, 'city': None, 'state': None, 'zip': None, 'countryCode': None, 'timezone': None, 'latitude': None, 'longitude': None, 'elevation': None, 'capacity': None, 'constructionYear': None, 'grass': None, 'dome': None}"
1000477,Harvard Law,,,[],,,,#null,#null,,,"{'id': None, 'name': None, 'city': None, 'state': None, 'zip': None, 'countryCode': None, 'timezone': None, 'latitude': None, 'longitude': None, 'elevation': None, 'capacity': None, 'constructionYear': None, 'grass': None, 'dome': None}"
1000029,Haskell,Indians,,['Haskell'],,,,#null,#null,,,"{'id': None, 'name': None, 'city': None, 'state': None, 'zip': None, 'countryCode': None, 'timezone': None, 'latitude': None, 'longitude': None, 'elevation': None, 'capacity': None, 'constructionYear': None, 'grass': None, 'dome': None}"
1000398,Hastings,,,[],,,,#null,#null,,,"{'id': None, 'name': None, 'city': None, 'state': None, 'zip': None, 'countryCode': None, 'timezone': None, 'latitude': None, 'longitude': None, 'elevation': None, 'capacity': None, 'constructionYear': None, 'grass': None, 'dome': None}"
1000716,Hastings State,,,[],,,,#null,#null,,,"{'id': None, 'name': None, 'city': None, 'state': None, 'zip': None, 'countryCode': None, 'timezone': None, 'latitude': None, 'longitude': None, 'elevation': None, 'capacity': None, 'constructionYear': None, 'grass': None, 'dome': None}"
1000458,Havana A.C.,,,[],,,,#null,#null,,,"{'id': None, 'name': None, 'city': None, 'state': None, 'zip': None, 'countryCode': None, 'timezone': None, 'latitude': None, 'longitude': None, 'elevation': None, 'capacity': None, 'constructionYear': None, 'grass': None, 'dome': None}"
1000420,Havana University,,,[],,,,#null,#null,,,"{'id': None, 'name': None, 'city': None, 'state': None, 'zip': None, 'countryCode': None, 'timezone': None, 'latitude': None, 'longitude': None, 'elevation': None, 'capacity': None, 'constructionYear': None, 'grass': None, 'dome': None}"
1000030,Haverford,Fords,,['Haverford'],,,,#null,#null,,,"{'id': None, 'name': None, 'city': None, 'state': None, 'zip': None, 'countryCode': None, 'timezone': None, 'latitude': None, 'longitude': None, 'elevation': None, 'capacity': None, 'constructionYear': None, 'grass': None, 'dome': None}"
1000696,Hawaii All-Stars,,,[],,,,#null,#null,,,"{'id': None, 'name': None, 'city': None, 'state': None, 'zip': None, 'countryCode': None, 'timezone': None, 'latitude': None, 'longitude': None, 'elevation': None, 'capacity': None, 'constructionYear': None, 'grass': None, 'dome': None}"
1000889,Hayward State,,,[],,,,#null,#null,,,"{'id': None, 'name': None, 'city': None, 'state': None, 'zip': None, 'countryCode': None, 'timezone': None, 'latitude': None, 'longitude': None, 'elevation': None, 'capacity': None, 'constructionYear': None, 'grass': None, 'dome': None}"
1000377,Hebron Academy,,,[],,,,#null,#null,,,"{'id': None, 'name': None, 'city': None, 'state': None, 'zip': None, 'countryCode': None, 'timezone': None, 'latitude': None, 'longitude': None, 'elevation': None, 'capacity': None, 'constructionYear': None, 'grass': None, 'dome': None}"
1000329,Hedding,,,[],,,,#null,#null,,,"{'id': None, 'name': None, 'city': None, 'state': None, 'zip': None, 'countryCode': None, 'timezone': None, 'latitude': None, 'longitude': None, 'elevation': None, 'capacity': None, 'constructionYear': None, 'grass': None, 'dome': None}"
1000858,Herington Field,,,[],,,,#null,#null,,,"{'id': None, 'name': None, 'city': None, 'state': None, 'zip': None, 'countryCode': None, 'timezone': None, 'latitude': None, 'longitude': None, 'elevation': None, 'capacity': None, 'constructionYear': None, 'grass': None, 'dome': None}"
1000313,Highland Park,,,[],,,,#null,#null,,,"{'id': None, 'name': None, 'city': None, 'state': None, 'zip': None, 'countryCode': None, 'timezone': None, 'latitude': None, 'longitude': None, 'elevation': None, 'capacity': None, 'constructionYear': None, 'grass': None, 'dome': None}"
1000719,High Point,,,[],,,,#null,#null,,,"{'id': None, 'name': None, 'city': None, 'state': None, 'zip': None, 'countryCode': None, 'timezone': None, 'latitude': None, 'longitude': None, 'elevation': None, 'capacity': None, 'constructionYear': None, 'grass': None, 'dome': None}"
1000762,Hiwassee,,,[],,,,#null,#null,,,"{'id': None, 'name': None, 'city': None, 'state': None, 'zip': None, 'countryCode': None, 'timezone': None, 'latitude': None, 'longitude': None, 'elevation': None, 'capacity': None, 'constructionYear': None, 'grass': None, 'dome': None}"
1000614,Hoboken Navy,,,[],,,,#null,#null,,,"{'id': None, 'name': None, 'city': None, 'state': None, 'zip': None, 'countryCode': None, 'timezone': None, 'latitude': None, 'longitude': None, 'elevation': None, 'capacity': None, 'constructionYear': None, 'grass': None, 'dome': None}"
2275,Hofstra,Pride,HOF,"['HOF', 'Hofstra']",,,,#27297c,#f6c934,"['http://a.espncdn.com/i/teamlogos/ncaa/500/2275.png', 'http://a.espncdn.com/i/teamlogos/ncaa/500-dark/2275.png']",,"{'id': None, 'name': None, 'city': None, 'state': None, 'zip': None, 'countryCode': None, 'timezone': None, 'latitude': None, 'longitude': None, 'elevation': None, 'capacity': None, 'constructionYear': None, 'grass': None, 'dome': None}"
1000254,Homestead A.C.,,,[],,,,#null,#null,,,"{'id': None, 'name': None, 'city': None, 'state': None, 'zip': None, 'countryCode': None, 'timezone': None, 'latitude': None, 'longitude': None, 'elevation': None, 'capacity': None, 'constructionYear': None, 'grass': None, 'dome': None}"
1000847,Hondo Field,,,[],,,,#null,#null,,,"{'id': None, 'name': None, 'city': None, 'state': None, 'zip': None, 'countryCode': None, 'timezone': None, 'latitude': None, 'longitude': None, 'elevation': None, 'capacity': None, 'constructionYear': None, 'grass': None, 'dome': None}"
1000178,Hopkinson,,,[],,,,#null,#null,,,"{'id': None, 'name': None, 'city': None, 'state': None, 'zip': None, 'countryCode': None, 'timezone': None, 'latitude': None, 'longitude': None, 'elevation': None, 'capacity': None, 'constructionYear': None, 'grass': None, 'dome': None}"
1000471,Horner,,,[],,,,#null,#null,,,"{'id': None, 'name': None, 'city': None, 'state': None, 'zip': None, 'countryCode': None, 'timezone': None, 'latitude': None, 'longitude': None, 'elevation': None, 'capacity': None, 'constructionYear': None, 'grass': None, 'dome': None}"
1000373,Houston YMCA,,,[],,,,#null,#null,,,"{'id': None, 'name': None, 'city': None, 'state': None, 'zip': None, 'countryCode': None, 'timezone': None, 'latitude': None, 'longitude': None, 'elevation': None, 'capacity': None, 'constructionYear': None, 'grass': None, 'dome': None}"
1000158,Hyde Park,,,[],,,,#null,#null,,,"{'id': None, 'name': None, 'city': None, 'state': None, 'zip': None, 'countryCode': None, 'timezone': None, 'latitude': None, 'longitude': None, 'elevation': None, 'capacity': None, 'constructionYear': None, 'grass': None, 'dome': None}"
1000123,Hyde Park High,,,[],,,,#null,#null,,,"{'id': None, 'name': None, 'city': None, 'state': None, 'zip': None, 'countryCode': None, 'timezone': None, 'latitude': None, 'longitude': None, 'elevation': None, 'capacity': None, 'constructionYear': None, 'grass': None, 'dome': None}"
1000779,Idaho Marines,,,[],,,,#null,#null,,,"{'id': None, 'name': None, 'city': None, 'state': None, 'zip': None, 'countryCode': None, 'timezone': None, 'latitude': None, 'longitude': None, 'elevation': None, 'capacity': None, 'constructionYear': None, 'grass': None, 'dome': None}"
1000216,Illinois Alumni,,,[],,,,#null,#null,,,"{'id': None, 'name': None, 'city': None, 'state': None, 'zip': None, 'countryCode': None, 'timezone': None, 'latitude': None, 'longitude': None, 'elevation': None, 'capacity': None, 'constructionYear': None, 'grass': None, 'dome': None}"
1000172,Illinois Cycling Club,,,[],,,,#null,#null,,,"{'id': None, 'name': None, 'city': None, 'state': None, 'zip': None, 'countryCode': None, 'timezone': None, 'latitude': None, 'longitude': None, 'elevation': None, 'capacity': None, 'constructionYear': None, 'grass': None, 'dome': None}"
1000555,Illinois Medical,,,[],,,,#null,#null,,,"{'id': None, 'name': None, 'city': None, 'state': None, 'zip': None, 'countryCode': None, 'timezone': None, 'latitude': None, 'longitude': None, 'elevation': None, 'capacity': None, 'constructionYear': None, 'grass': None, 'dome': None}"
1000439,Independence A.C.,,,[],,,,#null,#null,,,"{'id': None, 'name': None, 'city': None, 'state': None, 'zip': None, 'countryCode': None, 'timezone': None, 'latitude': None, 'longitude': None, 'elevation': None, 'capacity': None, 'constructionYear': None, 'grass': None, 'dome': None}"
1000241,Indiana Alumni,,,[],,,,#null,#null,,,"{'id': None, 'name': None, 'city': None, 'state': None, 'zip': None, 'countryCode': None, 'timezone': None, 'latitude': None, 'longitude': None, 'elevation': None, 'capacity': None, 'constructionYear': None, 'grass': None, 'dome': None}"
1000348,Indiana Medical,,,[],,,,#null,#null,,,"{'id': None, 'name': None, 'city': None, 'state': None, 'zip': None, 'countryCode': None, 'timezone': None, 'latitude': None, 'longitude': None, 'elevation': None, 'capacity': None, 'constructionYear': None, 'grass': None, 'dome': None}"
1000150,Indianapolis Artillery,,,[],,,,#null,#null,,,"{'id': None, 'name': None, 'city': None, 'state': None, 'zip': None, 'countryCode': None, 'timezone': None, 'latitude': None, 'longitude': None, 'elevation': None, 'capacity': None, 'constructionYear': None, 'grass': None, 'dome': None}"
1000705,Intermountain,,,[],,,,#null,#null,,,"{'id': None, 'name': None, 'city': None, 'state': None, 'zip': None, 'countryCode': None, 'timezone': None, 'latitude': None, 'longitude': None, 'elevation': None, 'capacity': None, 'constructionYear': None, 'grass': None, 'dome': None}"
1000000,Iowa Pre-Flight,Seahawks,IPF,"['IPF', 'Iowa Pre-Flight']",,,,#null,#null,,,"{'id': None, 'name': None, 'city': None, 'state': None, 'zip': None, 'countryCode': None, 'timezone': None, 'latitude': None, 'longitude': None, 'elevation': None, 'capacity': None, 'constructionYear': None, 'grass': None, 'dome': None}"
1000430,Jackson Br.-New Orleans,,,[],,,,#null,#null,,,"{'id': None, 'name': None, 'city': None, 'state': None, 'zip': None, 'countryCode': None, 'timezone': None, 'latitude': None, 'longitude': None, 'elevation': None, 'capacity': None, 'constructionYear': None, 'grass': None, 'dome': None}"
1000822,Jackson Field,,,[],,,,#null,#null,,,"{'id': None, 'name': None, 'city': None, 'state': None, 'zip': None, 'countryCode': None, 'timezone': None, 'latitude': None, 'longitude': None, 'elevation': None, 'capacity': None, 'constructionYear': None, 'grass': None, 'dome': None}"
1000031,Jacksonville Naval Air Station,Flyers,,['Jacksonville Naval Air Station'],,,,#null,#null,,,"{'id': None, 'name': None, 'city': None, 'state': None, 'zip': None, 'countryCode': None, 'timezone': None, 'latitude': None, 'longitude': None, 'elevation': None, 'capacity': None, 'constructionYear': None, 'grass': None, 'dome': None}"
1000435,James Millikin,,,[],,,,#null,#null,,,"{'id': None, 'name': None, 'city': None, 'state': None, 'zip': None, 'countryCode': None, 'timezone': None, 'latitude': None, 'longitude': None, 'elevation': None, 'capacity': None, 'constructionYear': None, 'grass': None, 'dome': None}"
1000412,Jefferson,,,[],,,,#null,#null,,,"{'id': None, 'name': None, 'city': None, 'state': None, 'zip': None, 'countryCode': None, 'timezone': None, 'latitude': None, 'longitude': None, 'elevation': None, 'capacity': None, 'constructionYear': None, 'grass': None, 'dome': None}"
1000350,Jefferson Medical,,,[],,,,#null,#null,,,"{'id': None, 'name': None, 'city': None, 'state': None, 'zip': None, 'countryCode': None, 'timezone': None, 'latitude': None, 'longitude': None, 'elevation': None, 'capacity': None, 'constructionYear': None, 'grass': None, 'dome': None}"
1000360,Jersey Shore,,,[],,,,#null,#null,,,"{'id': None, 'name': None, 'city': None, 'state': None, 'zip': None, 'countryCode': None, 'timezone': None, 'latitude': None, 'longitude': None, 'elevation': None, 'capacity': None, 'constructionYear': None, 'grass': None, 'dome': None}"
1000758,Kamehameha Alumni,,,[],,,,#null,#null,,,"{'id': None, 'name': None, 'city': None, 'state': None, 'zip': None, 'countryCode': None, 'timezone': None, 'latitude': None, 'longitude': None, 'elevation': None, 'capacity': None, 'constructionYear': None, 'grass': None, 'dome': None}"
1000132,Kansas City A.C.,,,[],,,,#null,#null,,,"{'id': None, 'name': None, 'city': None, 'state': None, 'zip': None, 'countryCode': None, 'timezone': None, 'latitude': None, 'longitude': None, 'elevation': None, 'capacity': None, 'constructionYear': None, 'grass': None, 'dome': None}"
1000251,Kansas City Medical,,,[],,,,#null,#null,,,"{'id': None, 'name': None, 'city': None, 'state': None, 'zip': None, 'countryCode': None, 'timezone': None, 'latitude': None, 'longitude': None, 'elevation': None, 'capacity': None, 'constructionYear': None, 'grass': None, 'dome': None}"
1000407,Kansas City Veterinary,,,[],,,,#null,#null,,,"{'id': None, 'name': None, 'city': None, 'state': None, 'zip': None, 'countryCode': None, 'timezone': None, 'latitude': None, 'longitude': None, 'elevation': None, 'capacity': None, 'constructionYear': None, 'grass': None, 'dome': None}"
1000524,Kansas Wesleyan,,,[],,,,#null,#null,,,"{'id': None, 'name': None, 'city': None, 'state': None, 'zip': None, 'countryCode': None, 'timezone': None, 'latitude': None, 'longitude': None, 'elevation': None, 'capacity': None, 'constructionYear': None, 'grass': None, 'dome': None}"
2871,Kean,Cougars,KEAN,"['KEAN', 'Kean']",New Jersey,,iii,#092f56,#ffffff,"['http://a.espncdn.com/i/teamlogos/ncaa/500/2871.png', 'http://a.espncdn.com/i/teamlogos/ncaa/500-dark/2871.png']",,"{'id': 5905, 'name': 'Kean Alumni Stadium', 'city': 'Union', 'state': 'NJ', 'zip': '07083', 'countryCode': 'US', 'timezone': None, 'latitude': 40.6976019, 'longitude': -74.2632024, 'elevation': None, 'capacity': 5300, 'constructionYear': None, 'grass': None, 'dome': False}"
1000483,Kearney,,,[],,,,#null,#null,,,"{'id': None, 'name': None, 'city': None, 'state': None, 'zip': None, 'countryCode': None, 'timezone': None, 'latitude': None, 'longitude': None, 'elevation': None, 'capacity': None, 'constructionYear': None, 'grass': None, 'dome': None}"
1000855,Kearney Field,,,[],,,,#null,#null,,,"{'id': None, 'name': None, 'city': None, 'state': None, 'zip': None, 'countryCode': None, 'timezone': None, 'latitude': None, 'longitude': None, 'elevation': None, 'capacity': None, 'constructionYear': None, 'grass': None, 'dome': None}"
1000851,Keesler Field,,,[],,,,#null,#null,,,"{'id': None, 'name': None, 'city': None, 'state': None, 'zip': None, 'countryCode': None, 'timezone': None, 'latitude': None, 'longitude': None, 'elevation': None, 'capacity': None, 'constructionYear': None, 'grass': None, 'dome': None}"
1000608,Kelly Field,,,[],,,,#null,#null,,,"{'id': None, 'name': None, 'city': None, 'state': None, 'zip': None, 'countryCode': None, 'timezone': None, 'latitude': None, 'longitude': None, 'elevation': None, 'capacity': None, 'constructionYear': None, 'grass': None, 'dome': None}"
1000354,Kents Hill,,,[],,,,#null,#null,,,"{'id': None, 'name': None, 'city': None, 'state': None, 'zip': None, 'countryCode': None, 'timezone': None, 'latitude': None, 'longitude': None, 'elevation': None, 'capacity': None, 'constructionYear': None, 'grass': None, 'dome': None}"
3077,Kentucky Christian,Knights,KYCHR,"['KYCHR', 'KCU']",,,,#null,#null,"['http://a.espncdn.com/i/teamlogos/ncaa/500/3077.png', 'http://a.espncdn.com/i/teamlogos/ncaa/500-dark/3077.png']",,"{'id': None, 'name': None, 'city': None, 'state': None, 'zip': None, 'countryCode': None, 'timezone': None, 'latitude': None, 'longitude': None, 'elevation': None, 'capacity': None, 'constructionYear': None, 'grass': None, 'dome': None}"
1000293,King,,,[],,,,#null,#null,,,"{'id': None, 'name': None, 'city': None, 'state': None, 'zip': None, 'countryCode': None, 'timezone': None, 'latitude': None, 'longitude': None, 'elevation': None, 'capacity': None, 'constructionYear': None, 'grass': None, 'dome': None}"
1000328,Kingfisher,,,[],,,,#null,#null,,,"{'id': None, 'name': None, 'city': None, 'state': None, 'zip': None, 'countryCode': None, 'timezone': None, 'latitude': None, 'longitude': None, 'elevation': None, 'capacity': None, 'constructionYear': None, 'grass': None, 'dome': None}"
1000743,King George,,,[],,,,#null,#null,,,"{'id': None, 'name': None, 'city': None, 'state': None, 'zip': None, 'countryCode': None, 'timezone': None, 'latitude': None, 'longitude': None, 'elevation': None, 'capacity': None, 'constructionYear': None, 'grass': None, 'dome': None}"
1000772,Kirtland Field,,,[],,,,#null,#null,,,"{'id': None, 'name': None, 'city': None, 'state': None, 'zip': None, 'countryCode': None, 'timezone': None, 'latitude': None, 'longitude': None, 'elevation': None, 'capacity': None, 'constructionYear': None, 'grass': None, 'dome': None}"
1000553,Kiski Preparatory,,,[],,,,#null,#null,,,"{'id': None, 'name': None, 'city': None, 'state': None, 'zip': None, 'countryCode': None, 'timezone': None, 'latitude': None, 'longitude': None, 'elevation': None, 'capacity': None, 'constructionYear': None, 'grass': None, 'dome': None}"
255,Knox College,Prairie Fire,KNO,"['Knox', 'KNO', 'Knox']",Midwest,,iii,#null,#null,"['http://a.espncdn.com/i/teamlogos/ncaa/500/255.png', 'http://a.espncdn.com/i/teamlogos/ncaa/500-dark/255.png']",,"{'id': 5908, 'name': 'Harley Knosher Bowl', 'city': 'Galesburg', 'state': 'IL', 'zip': '61401', 'countryCode': 'US', 'timezone': None, 'latitude': 40.9475652, 'longitude': -90.3712169, 'elevation': None, 'capacity': 6000, 'constructionYear': None, 'grass': None, 'dome': False}"
1000911,Knoxville,Bulldogs,KNOX,['KNOX'],,,,#null,#null,,,"{'id': None, 'name': None, 'city': None, 'state': None, 'zip': None, 'countryCode': None, 'timezone': None, 'latitude': None, 'longitude': None, 'elevation': None, 'capacity': None, 'constructionYear': None, 'grass': None, 'dome': None}"
1000848,Lackland Field,,,[],,,,#null,#null,,,"{'id': None, 'name': None, 'city': None, 'state': None, 'zip': None, 'countryCode': None, 'timezone': None, 'latitude': None, 'longitude': None, 'elevation': None, 'capacity': None, 'constructionYear': None, 'grass': None, 'dome': None}"
1000224,Lake Forest Academy,,,[],,,,#null,#null,,,"{'id': None, 'name': None, 'city': None, 'state': None, 'zip': None, 'countryCode': None, 'timezone': None, 'latitude': None, 'longitude': None, 'elevation': None, 'capacity': None, 'constructionYear': None, 'grass': None, 'dome': None}"
1000226,Lake Forest Alumni,,,[],,,,#null,#null,,,"{'id': None, 'name': None, 'city': None, 'state': None, 'zip': None, 'countryCode': None, 'timezone': None, 'latitude': None, 'longitude': None, 'elevation': None, 'capacity': None, 'constructionYear': None, 'grass': None, 'dome': None}"
1000778,Lakehurst NAS,,,[],,,,#null,#null,,,"{'id': None, 'name': None, 'city': None, 'state': None, 'zip': None, 'countryCode': None, 'timezone': None, 'latitude': None, 'longitude': None, 'elevation': None, 'capacity': None, 'constructionYear': None, 'grass': None, 'dome': None}"
6353,Lakeland,Muskies,LAKEL,"['LAKEL', 'Lakeland']",NACC,,iii,#null,#null,"['http://a.espncdn.com/i/teamlogos/ncaa/500/6353.png', 'http://a.espncdn.com/i/teamlogos/ncaa/500-dark/6353.png']",,"{'id': 5918, 'name': 'Taylor Field', 'city': 'Plymouth', 'state': 'WI', 'zip': '53073', 'countryCode': 'US', 'timezone': None, 'latitude': 43.7486054, 'longitude': -87.977038, 'elevation': None, 'capacity': 1000, 'constructionYear': None, 'grass': None, 'dome': False}"
1000120,Lake View High,,,[],,,,#null,#null,,,"{'id': None, 'name': None, 'city': None, 'state': None, 'zip': None, 'countryCode': None, 'timezone': None, 'latitude': None, 'longitude': None, 'elevation': None, 'capacity': None, 'constructionYear': None, 'grass': None, 'dome': None}"
1000202,Lancaster Crescents,,,[],,,,#null,#null,,,"{'id': None, 'name': None, 'city': None, 'state': None, 'zip': None, 'countryCode': None, 'timezone': None, 'latitude': None, 'longitude': None, 'elevation': None, 'capacity': None, 'constructionYear': None, 'grass': None, 'dome': None}"
2323,Lane College,Dragons,LAC,"['Lane College', 'LAC', 'Lane']",SIAC,,ii,#null,#null,"['http://a.espncdn.com/i/teamlogos/ncaa/500/2323.png', 'http://a.espncdn.com/i/teamlogos/ncaa/500-dark/2323.png']",,"{'id': 6044, 'name': 'Lane Field', 'city': 'Jackson', 'state': 'TN', 'zip': '38301', 'countryCode': 'US', 'timezone': None, 'latitude': 35.6144446, 'longitude': -88.8177418, 'elevation': None, 'capacity': 2500, 'constructionYear': None, 'grass': None, 'dome': False}"
1000660,Lanier,,,[],,,,#null,#null,,,"{'id': None, 'name': None, 'city': None, 'state': None, 'zip': None, 'countryCode': None, 'timezone': None, 'latitude': None, 'longitude': None, 'elevation': None, 'capacity': None, 'constructionYear': None, 'grass': None, 'dome': None}"
1000445,Laramie High,,,[],,,,#null,#null,,,"{'id': None, 'name': None, 'city': None, 'state': None, 'zip': None, 'countryCode': None, 'timezone': None, 'latitude': None, 'longitude': None, 'elevation': None, 'capacity': None, 'constructionYear': None, 'grass': None, 'dome': None}"
1000248,La Salle,,,[],,,,#null,#null,,,"{'id': None, 'name': None, 'city': None, 'state': None, 'zip': None, 'countryCode': None, 'timezone': None, 'latitude': None, 'longitude': None, 'elevation': None, 'capacity': None, 'constructionYear': None, 'grass': None, 'dome': None}"
1000488,Latrobe A.C.,,,[],,,,#null,#null,,,"{'id': None, 'name': None, 'city': None, 'state': None, 'zip': None, 'countryCode': None, 'timezone': None, 'latitude': None, 'longitude': None, 'elevation': None, 'capacity': None, 'constructionYear': None, 'grass': None, 'dome': None}"
1000159,Laureate Boat Club,,,[],,,,#null,#null,,,"{'id': None, 'name': None, 'city': None, 'state': None, 'zip': None, 'countryCode': None, 'timezone': None, 'latitude': None, 'longitude': None, 'elevation': None, 'capacity': None, 'constructionYear': None, 'grass': None, 'dome': None}"
1000138,Lawrenceville,,,[],,,,#null,#null,,,"{'id': None, 'name': None, 'city': None, 'state': None, 'zip': None, 'countryCode': None, 'timezone': None, 'latitude': None, 'longitude': None, 'elevation': None, 'capacity': None, 'constructionYear': None, 'grass': None, 'dome': None}"
1000339,Lawton,,,[],,,,#null,#null,,,"{'id': None, 'name': None, 'city': None, 'state': None, 'zip': None, 'countryCode': None, 'timezone': None, 'latitude': None, 'longitude': None, 'elevation': None, 'capacity': None, 'constructionYear': None, 'grass': None, 'dome': None}"
1000568,League Island Navy,,,[],,,,#null,#null,,,"{'id': None, 'name': None, 'city': None, 'state': None, 'zip': None, 'countryCode': None, 'timezone': None, 'latitude': None, 'longitude': None, 'elevation': None, 'capacity': None, 'constructionYear': None, 'grass': None, 'dome': None}"
1000427,Leander Clarke,,,[],,,,#null,#null,,,"{'id': None, 'name': None, 'city': None, 'state': None, 'zip': None, 'countryCode': None, 'timezone': None, 'latitude': None, 'longitude': None, 'elevation': None, 'capacity': None, 'constructionYear': None, 'grass': None, 'dome': None}"
1000108,Lehigh A.C.,,,[],,,,#null,#null,,,"{'id': None, 'name': None, 'city': None, 'state': None, 'zip': None, 'countryCode': None, 'timezone': None, 'latitude': None, 'longitude': None, 'elevation': None, 'capacity': None, 'constructionYear': None, 'grass': None, 'dome': None}"
1000870,Leilahau,,,[],,,,#null,#null,,,"{'id': None, 'name': None, 'city': None, 'state': None, 'zip': None, 'countryCode': None, 'timezone': None, 'latitude': None, 'longitude': None, 'elevation': None, 'capacity': None, 'constructionYear': None, 'grass': None, 'dome': None}"
1000932,Lewis,,,[],,,,#null,#null,,,"{'id': None, 'name': None, 'city': None, 'state': None, 'zip': None, 'countryCode': None, 'timezone': None, 'latitude': None, 'longitude': None, 'elevation': None, 'capacity': None, 'constructionYear': None, 'grass': None, 'dome': None}"
1000083,Lewisburg A.C.,,,[],,,,#null,#null,,,"{'id': None, 'name': None, 'city': None, 'state': None, 'zip': None, 'countryCode': None, 'timezone': None, 'latitude': None, 'longitude': None, 'elevation': None, 'capacity': None, 'constructionYear': None, 'grass': None, 'dome': None}"
1000630,Lieutenants,,,[],,,,#null,#null,,,"{'id': None, 'name': None, 'city': None, 'state': None, 'zip': None, 'countryCode': None, 'timezone': None, 'latitude': None, 'longitude': None, 'elevation': None, 'capacity': None, 'constructionYear': None, 'grass': None, 'dome': None}"
1000894,Lincoln,,,[],,,,#null,#null,,,"{'id': None, 'name': None, 'city': None, 'state': None, 'zip': None, 'countryCode': None, 'timezone': None, 'latitude': None, 'longitude': None, 'elevation': None, 'capacity': None, 'constructionYear': None, 'grass': None, 'dome': None}"
1000824,Lincoln Field,,,[],,,,#null,#null,,,"{'id': None, 'name': None, 'city': None, 'state': None, 'zip': None, 'countryCode': None, 'timezone': None, 'latitude': None, 'longitude': None, 'elevation': None, 'capacity': None, 'constructionYear': None, 'grass': None, 'dome': None}"
1000243,Lincoln High,,,[],,,,#null,#null,,,"{'id': None, 'name': None, 'city': None, 'state': None, 'zip': None, 'countryCode': None, 'timezone': None, 'latitude': None, 'longitude': None, 'elevation': None, 'capacity': None, 'constructionYear': None, 'grass': None, 'dome': None}"
1000355,Lincoln Medical,,,[],,,,#null,#null,,,"{'id': None, 'name': None, 'city': None, 'state': None, 'zip': None, 'countryCode': None, 'timezone': None, 'latitude': None, 'longitude': None, 'elevation': None, 'capacity': None, 'constructionYear': None, 'grass': None, 'dome': None}"
1000460,Locust Grove,,,[],,,,#null,#null,,,"{'id': None, 'name': None, 'city': None, 'state': None, 'zip': None, 'countryCode': None, 'timezone': None, 'latitude': None, 'longitude': None, 'elevation': None, 'capacity': None, 'constructionYear': None, 'grass': None, 'dome': None}"
1000502,Logan All-Stars,,,[],,,,#null,#null,,,"{'id': None, 'name': None, 'city': None, 'state': None, 'zip': None, 'countryCode': None, 'timezone': None, 'latitude': None, 'longitude': None, 'elevation': None, 'capacity': None, 'constructionYear': None, 'grass': None, 'dome': None}"
1000032,Lombard,,,['Lombard'],,,,#null,#null,,,"{'id': None, 'name': None, 'city': None, 'state': None, 'zip': None, 'countryCode': None, 'timezone': None, 'latitude': None, 'longitude': None, 'elevation': None, 'capacity': None, 'constructionYear': None, 'grass': None, 'dome': None}"
1000006,Long Beach State,49ers,LBS,"['LBS', 'Long Beach State']",,,,#null,#null,,,"{'id': None, 'name': None, 'city': None, 'state': None, 'zip': None, 'countryCode': None, 'timezone': None, 'latitude': None, 'longitude': None, 'elevation': None, 'capacity': None, 'constructionYear': None, 'grass': None, 'dome': None}"
1000300,Longmont High,,,[],,,,#null,#null,,,"{'id': None, 'name': None, 'city': None, 'state': None, 'zip': None, 'countryCode': None, 'timezone': None, 'latitude': None, 'longitude': None, 'elevation': None, 'capacity': None, 'constructionYear': None, 'grass': None, 'dome': None}"
1000718,Loras,,,[],,,,#null,#null,,,"{'id': None, 'name': None, 'city': None, 'state': None, 'zip': None, 'countryCode': None, 'timezone': None, 'latitude': None, 'longitude': None, 'elevation': None, 'capacity': None, 'constructionYear': None, 'grass': None, 'dome': None}"
263,Loras College,Duhawks,LOR,"['LOR', 'Loras']",American Rivers,,iii,#452d7d,#d2b888,"['http://a.espncdn.com/i/teamlogos/ncaa/500/263.png', 'http://a.espncdn.com/i/teamlogos/ncaa/500-dark/263.png']",,"{'id': 5921, 'name': 'Rock Bowl', 'city': 'Dubuque', 'state': 'IA', 'zip': '50118', 'countryCode': 'US', 'timezone': None, 'latitude': 42.5006243, 'longitude': -90.6647985, 'elevation': None, 'capacity': 10000, 'constructionYear': None, 'grass': None, 'dome': False}"
1000710,Los Angeles A.C.,,,[],,,,#null,#null,,,"{'id': None, 'name': None, 'city': None, 'state': None, 'zip': None, 'countryCode': None, 'timezone': None, 'latitude': None, 'longitude': None, 'elevation': None, 'capacity': None, 'constructionYear': None, 'grass': None, 'dome': None}"
1000750,Los Angeles Junior College,,,[],,,,#null,#null,,,"{'id': None, 'name': None, 'city': None, 'state': None, 'zip': None, 'countryCode': None, 'timezone': None, 'latitude': None, 'longitude': None, 'elevation': None, 'capacity': None, 'constructionYear': None, 'grass': None, 'dome': None}"
1000800,Louisiana Army STU,,,[],,,,#null,#null,,,"{'id': None, 'name': None, 'city': None, 'state': None, 'zip': None, 'countryCode': None, 'timezone': None, 'latitude': None, 'longitude': None, 'elevation': None, 'capacity': None, 'constructionYear': None, 'grass': None, 'dome': None}"
1000709,Louisiana State Freshmen,,,[],,,,#null,#null,,,"{'id': None, 'name': None, 'city': None, 'state': None, 'zip': None, 'countryCode': None, 'timezone': None, 'latitude': None, 'longitude': None, 'elevation': None, 'capacity': None, 'constructionYear': None, 'grass': None, 'dome': None}"
1000852,Louisville Field,,,[],,,,#null,#null,,,"{'id': None, 'name': None, 'city': None, 'state': None, 'zip': None, 'countryCode': None, 'timezone': None, 'latitude': None, 'longitude': None, 'elevation': None, 'capacity': None, 'constructionYear': None, 'grass': None, 'dome': None}"
1000615,Love Field,,,[],,,,#null,#null,,,"{'id': None, 'name': None, 'city': None, 'state': None, 'zip': None, 'countryCode': None, 'timezone': None, 'latitude': None, 'longitude': None, 'elevation': None, 'capacity': None, 'constructionYear': None, 'grass': None, 'dome': None}"
1000790,Lowry Field,,,[],,,,#null,#null,,,"{'id': None, 'name': None, 'city': None, 'state': None, 'zip': None, 'countryCode': None, 'timezone': None, 'latitude': None, 'longitude': None, 'elevation': None, 'capacity': None, 'constructionYear': None, 'grass': None, 'dome': None}"
1000606,Loyola Academy,,,[],,,,#null,#null,,,"{'id': None, 'name': None, 'city': None, 'state': None, 'zip': None, 'countryCode': None, 'timezone': None, 'latitude': None, 'longitude': None, 'elevation': None, 'capacity': None, 'constructionYear': None, 'grass': None, 'dome': None}"
1000713,Loyola (Baltimore),,,[],,,,#null,#null,,,"{'id': None, 'name': None, 'city': None, 'state': None, 'zip': None, 'countryCode': None, 'timezone': None, 'latitude': None, 'longitude': None, 'elevation': None, 'capacity': None, 'constructionYear': None, 'grass': None, 'dome': None}"
1000712,Loyola (Chicago),,,[],,,,#null,#null,,,"{'id': None, 'name': None, 'city': None, 'state': None, 'zip': None, 'countryCode': None, 'timezone': None, 'latitude': None, 'longitude': None, 'elevation': None, 'capacity': None, 'constructionYear': None, 'grass': None, 'dome': None}"
1000033,Loyola (LA),Wolfpack,,['Loyola (LA)'],,,,#null,#null,,,"{'id': None, 'name': None, 'city': None, 'state': None, 'zip': None, 'countryCode': None, 'timezone': None, 'latitude': None, 'longitude': None, 'elevation': None, 'capacity': None, 'constructionYear': None, 'grass': None, 'dome': None}"
1000034,Loyola Marymount,Lions,,['Loyola Marymount'],,,,#null,#null,,,"{'id': None, 'name': None, 'city': None, 'state': None, 'zip': None, 'countryCode': None, 'timezone': None, 'latitude': None, 'longitude': None, 'elevation': None, 'capacity': None, 'constructionYear': None, 'grass': None, 'dome': None}"
1000035,Lubbock Field,,,['Lubbock Field'],,,,#null,#null,,,"{'id': None, 'name': None, 'city': None, 'state': None, 'zip': None, 'countryCode': None, 'timezone': None, 'latitude': None, 'longitude': None, 'elevation': None, 'capacity': None, 'constructionYear': None, 'grass': None, 'dome': None}"
1000682,Lynchburg,,,[],,,,#null,#null,,,"{'id': None, 'name': None, 'city': None, 'state': None, 'zip': None, 'countryCode': None, 'timezone': None, 'latitude': None, 'longitude': None, 'elevation': None, 'capacity': None, 'constructionYear': None, 'grass': None, 'dome': None}"
1000590,MacAurthur Field,,,[],,,,#null,#null,,,"{'id': None, 'name': None, 'city': None, 'state': None, 'zip': None, 'countryCode': None, 'timezone': None, 'latitude': None, 'longitude': None, 'elevation': None, 'capacity': None, 'constructionYear': None, 'grass': None, 'dome': None}"
1000517,Machinists Mates,,,[],,,,#null,#null,,,"{'id': None, 'name': None, 'city': None, 'state': None, 'zip': None, 'countryCode': None, 'timezone': None, 'latitude': None, 'longitude': None, 'elevation': None, 'capacity': None, 'constructionYear': None, 'grass': None, 'dome': None}"
1000189,Madison High,,,[],,,,#null,#null,,,"{'id': None, 'name': None, 'city': None, 'state': None, 'zip': None, 'countryCode': None, 'timezone': None, 'latitude': None, 'longitude': None, 'elevation': None, 'capacity': None, 'constructionYear': None, 'grass': None, 'dome': None}"
1000036,Manhattan,Jaspers,,['Manhattan'],,,,#null,#null,,,"{'id': None, 'name': None, 'city': None, 'state': None, 'zip': None, 'countryCode': None, 'timezone': None, 'latitude': None, 'longitude': None, 'elevation': None, 'capacity': None, 'constructionYear': None, 'grass': None, 'dome': None}"
1000102,Manhattan A.C.,,,[],,,,#null,#null,,,"{'id': None, 'name': None, 'city': None, 'state': None, 'zip': None, 'countryCode': None, 'timezone': None, 'latitude': None, 'longitude': None, 'elevation': None, 'capacity': None, 'constructionYear': None, 'grass': None, 'dome': None}"
1000785,Manhattan Beach Coast Guard,,,[],,,,#null,#null,,,"{'id': None, 'name': None, 'city': None, 'state': None, 'zip': None, 'countryCode': None, 'timezone': None, 'latitude': None, 'longitude': None, 'elevation': None, 'capacity': None, 'constructionYear': None, 'grass': None, 'dome': None}"
1000897,Mankato State,,,[],,,,#null,#null,,,"{'id': None, 'name': None, 'city': None, 'state': None, 'zip': None, 'countryCode': None, 'timezone': None, 'latitude': None, 'longitude': None, 'elevation': None, 'capacity': None, 'constructionYear': None, 'grass': None, 'dome': None}"
1000145,Manual Training High,,,[],,,,#null,#null,,,"{'id': None, 'name': None, 'city': None, 'state': None, 'zip': None, 'countryCode': None, 'timezone': None, 'latitude': None, 'longitude': None, 'elevation': None, 'capacity': None, 'constructionYear': None, 'grass': None, 'dome': None}"
1000037,March Field,Flyers,,['March Field'],,,,#null,#null,,,"{'id': None, 'name': None, 'city': None, 'state': None, 'zip': None, 'countryCode': None, 'timezone': None, 'latitude': None, 'longitude': None, 'elevation': None, 'capacity': None, 'constructionYear': None, 'grass': None, 'dome': None}"
1000038,Mare Island Marines,,,['Mare Island Marines'],,,,#null,#null,,,"{'id': None, 'name': None, 'city': None, 'state': None, 'zip': None, 'countryCode': None, 'timezone': None, 'latitude': None, 'longitude': None, 'elevation': None, 'capacity': None, 'constructionYear': None, 'grass': None, 'dome': None}"
1000609,Mare Island Navy,,,[],,,,#null,#null,,,"{'id': None, 'name': None, 'city': None, 'state': None, 'zip': None, 'countryCode': None, 'timezone': None, 'latitude': None, 'longitude': None, 'elevation': None, 'capacity': None, 'constructionYear': None, 'grass': None, 'dome': None}"
1000352,Marine Officers,,,[],,,,#null,#null,,,"{'id': None, 'name': None, 'city': None, 'state': None, 'zip': None, 'countryCode': None, 'timezone': None, 'latitude': None, 'longitude': None, 'elevation': None, 'capacity': None, 'constructionYear': None, 'grass': None, 'dome': None}"
1000294,Marion,,,[],,,,#null,#null,,,"{'id': None, 'name': None, 'city': None, 'state': None, 'zip': None, 'countryCode': None, 'timezone': None, 'latitude': None, 'longitude': None, 'elevation': None, 'capacity': None, 'constructionYear': None, 'grass': None, 'dome': None}"
1000510,Marion County High,,,[],,,,#null,#null,,,"{'id': None, 'name': None, 'city': None, 'state': None, 'zip': None, 'countryCode': None, 'timezone': None, 'latitude': None, 'longitude': None, 'elevation': None, 'capacity': None, 'constructionYear': None, 'grass': None, 'dome': None}"
1000261,Marion Sims,,,[],,,,#null,#null,,,"{'id': None, 'name': None, 'city': None, 'state': None, 'zip': None, 'countryCode': None, 'timezone': None, 'latitude': None, 'longitude': None, 'elevation': None, 'capacity': None, 'constructionYear': None, 'grass': None, 'dome': None}"
1000039,Marquette,Golden Eagles,,['Marquette'],,,,#null,#null,,,"{'id': None, 'name': None, 'city': None, 'state': None, 'zip': None, 'countryCode': None, 'timezone': None, 'latitude': None, 'longitude': None, 'elevation': None, 'capacity': None, 'constructionYear': None, 'grass': None, 'dome': None}"
1000463,Marshall School,,,[],,,,#null,#null,,,"{'id': None, 'name': None, 'city': None, 'state': None, 'zip': None, 'countryCode': None, 'timezone': None, 'latitude': None, 'longitude': None, 'elevation': None, 'capacity': None, 'constructionYear': None, 'grass': None, 'dome': None}"
1000368,Marshalltown,,,[],,,,#null,#null,,,"{'id': None, 'name': None, 'city': None, 'state': None, 'zip': None, 'countryCode': None, 'timezone': None, 'latitude': None, 'longitude': None, 'elevation': None, 'capacity': None, 'constructionYear': None, 'grass': None, 'dome': None}"
1000194,Maryland A.C.,,,[],,,,#null,#null,,,"{'id': None, 'name': None, 'city': None, 'state': None, 'zip': None, 'countryCode': None, 'timezone': None, 'latitude': None, 'longitude': None, 'elevation': None, 'capacity': None, 'constructionYear': None, 'grass': None, 'dome': None}"
1000204,Maryland-Baltimore,,,[],,,,#null,#null,,,"{'id': None, 'name': None, 'city': None, 'state': None, 'zip': None, 'countryCode': None, 'timezone': None, 'latitude': None, 'longitude': None, 'elevation': None, 'capacity': None, 'constructionYear': None, 'grass': None, 'dome': None}"
1000903,Maryland-Eastern Shore,Hawks,,[],,,,#null,#null,,,"{'id': None, 'name': None, 'city': None, 'state': None, 'zip': None, 'countryCode': None, 'timezone': None, 'latitude': None, 'longitude': None, 'elevation': None, 'capacity': None, 'constructionYear': None, 'grass': None, 'dome': None}"
1000393,Massilon A.C.,,,[],,,,#null,#null,,,"{'id': None, 'name': None, 'city': None, 'state': None, 'zip': None, 'countryCode': None, 'timezone': None, 'latitude': None, 'longitude': None, 'elevation': None, 'capacity': None, 'constructionYear': None, 'grass': None, 'dome': None}"
1000620,Mather Field,,,[],,,,#null,#null,,,"{'id': None, 'name': None, 'city': None, 'state': None, 'zip': None, 'countryCode': None, 'timezone': None, 'latitude': None, 'longitude': None, 'elevation': None, 'capacity': None, 'constructionYear': None, 'grass': None, 'dome': None}"
1000841,Maxwell Field,,,[],,,,#null,#null,,,"{'id': None, 'name': None, 'city': None, 'state': None, 'zip': None, 'countryCode': None, 'timezone': None, 'latitude': None, 'longitude': None, 'elevation': None, 'capacity': None, 'constructionYear': None, 'grass': None, 'dome': None}"
1000815,Mayport NAS,,,[],,,,#null,#null,,,"{'id': None, 'name': None, 'city': None, 'state': None, 'zip': None, 'countryCode': None, 'timezone': None, 'latitude': None, 'longitude': None, 'elevation': None, 'capacity': None, 'constructionYear': None, 'grass': None, 'dome': None}"
1000860,McClellan Field,,,[],,,,#null,#null,,,"{'id': None, 'name': None, 'city': None, 'state': None, 'zip': None, 'countryCode': None, 'timezone': None, 'latitude': None, 'longitude': None, 'elevation': None, 'capacity': None, 'constructionYear': None, 'grass': None, 'dome': None}"
1000345,McDaniel,,,[],,,,#null,#null,,,"{'id': None, 'name': None, 'city': None, 'state': None, 'zip': None, 'countryCode': None, 'timezone': None, 'latitude': None, 'longitude': None, 'elevation': None, 'capacity': None, 'constructionYear': None, 'grass': None, 'dome': None}"
1000069,McGill,,,[],,,,#null,#null,,,"{'id': None, 'name': None, 'city': None, 'state': None, 'zip': None, 'countryCode': None, 'timezone': None, 'latitude': None, 'longitude': None, 'elevation': None, 'capacity': None, 'constructionYear': None, 'grass': None, 'dome': None}"
2816,McKendree,Bearcats,MAN,"['MAN', 'McKendree']",Great Lakes,,ii,#null,#null,"['http://a.espncdn.com/i/teamlogos/ncaa/500/2816.png', 'http://a.espncdn.com/i/teamlogos/ncaa/500-dark/2816.png']",,"{'id': 6047, 'name': 'Leemon Field', 'city': 'Lebanon', 'state': 'IL', 'zip': '62254', 'countryCode': 'US', 'timezone': None, 'latitude': 38.6039375, 'longitude': -89.8073195, 'elevation': None, 'capacity': 2000, 'constructionYear': None, 'grass': None, 'dome': False}"
1000232,Medford A.C.,,,[],,,,#null,#null,,,"{'id': None, 'name': None, 'city': None, 'state': None, 'zip': None, 'countryCode': None, 'timezone': None, 'latitude': None, 'longitude': None, 'elevation': None, 'capacity': None, 'constructionYear': None, 'grass': None, 'dome': None}"
1000264,Medico-Chirurgical,,,[],,,,#null,#null,,,"{'id': None, 'name': None, 'city': None, 'state': None, 'zip': None, 'countryCode': None, 'timezone': None, 'latitude': None, 'longitude': None, 'elevation': None, 'capacity': None, 'constructionYear': None, 'grass': None, 'dome': None}"
1000835,Melville PT Boats,,,[],,,,#null,#null,,,"{'id': None, 'name': None, 'city': None, 'state': None, 'zip': None, 'countryCode': None, 'timezone': None, 'latitude': None, 'longitude': None, 'elevation': None, 'capacity': None, 'constructionYear': None, 'grass': None, 'dome': None}"
1000466,Memphis High,,,[],,,,#null,#null,,,"{'id': None, 'name': None, 'city': None, 'state': None, 'zip': None, 'countryCode': None, 'timezone': None, 'latitude': None, 'longitude': None, 'elevation': None, 'capacity': None, 'constructionYear': None, 'grass': None, 'dome': None}"
1000797,Memphis Navy,,,[],,,,#null,#null,,,"{'id': None, 'name': None, 'city': None, 'state': None, 'zip': None, 'countryCode': None, 'timezone': None, 'latitude': None, 'longitude': None, 'elevation': None, 'capacity': None, 'constructionYear': None, 'grass': None, 'dome': None}"
1000325,Mercersburg Academy,,,[],,,,#null,#null,,,"{'id': None, 'name': None, 'city': None, 'state': None, 'zip': None, 'countryCode': None, 'timezone': None, 'latitude': None, 'longitude': None, 'elevation': None, 'capacity': None, 'constructionYear': None, 'grass': None, 'dome': None}"
1000540,Meridian,,,[],,,,#null,#null,,,"{'id': None, 'name': None, 'city': None, 'state': None, 'zip': None, 'countryCode': None, 'timezone': None, 'latitude': None, 'longitude': None, 'elevation': None, 'capacity': None, 'constructionYear': None, 'grass': None, 'dome': None}"
1000485,Meteor A.C.,,,[],,,,#null,#null,,,"{'id': None, 'name': None, 'city': None, 'state': None, 'zip': None, 'countryCode': None, 'timezone': None, 'latitude': None, 'longitude': None, 'elevation': None, 'capacity': None, 'constructionYear': None, 'grass': None, 'dome': None}"
1000124,Michigan A.C.,,,[],,,,#null,#null,,,"{'id': None, 'name': None, 'city': None, 'state': None, 'zip': None, 'countryCode': None, 'timezone': None, 'latitude': None, 'longitude': None, 'elevation': None, 'capacity': None, 'constructionYear': None, 'grass': None, 'dome': None}"
1000149,Michigan Military Academy,,,[],,,,#null,#null,,,"{'id': None, 'name': None, 'city': None, 'state': None, 'zip': None, 'countryCode': None, 'timezone': None, 'latitude': None, 'longitude': None, 'elevation': None, 'capacity': None, 'constructionYear': None, 'grass': None, 'dome': None}"
1000873,Midwestern Texas State,,,[],,,,#null,#null,,,"{'id': None, 'name': None, 'city': None, 'state': None, 'zip': None, 'countryCode': None, 'timezone': None, 'latitude': None, 'longitude': None, 'elevation': None, 'capacity': None, 'constructionYear': None, 'grass': None, 'dome': None}"
1000816,Milligan,,,[],,,,#null,#null,,,"{'id': None, 'name': None, 'city': None, 'state': None, 'zip': None, 'countryCode': None, 'timezone': None, 'latitude': None, 'longitude': None, 'elevation': None, 'capacity': None, 'constructionYear': None, 'grass': None, 'dome': None}"
1000259,Milwaukee Medical,,,[],,,,#null,#null,,,"{'id': None, 'name': None, 'city': None, 'state': None, 'zip': None, 'countryCode': None, 'timezone': None, 'latitude': None, 'longitude': None, 'elevation': None, 'capacity': None, 'constructionYear': None, 'grass': None, 'dome': None}"
1000171,Minneapolis Boat Club,,,[],,,,#null,#null,,,"{'id': None, 'name': None, 'city': None, 'state': None, 'zip': None, 'countryCode': None, 'timezone': None, 'latitude': None, 'longitude': None, 'elevation': None, 'capacity': None, 'constructionYear': None, 'grass': None, 'dome': None}"
1000165,Minneapolis Central High,,,[],,,,#null,#null,,,"{'id': None, 'name': None, 'city': None, 'state': None, 'zip': None, 'countryCode': None, 'timezone': None, 'latitude': None, 'longitude': None, 'elevation': None, 'capacity': None, 'constructionYear': None, 'grass': None, 'dome': None}"
1000312,Minneapolis Eastern High,,,[],,,,#null,#null,,,"{'id': None, 'name': None, 'city': None, 'state': None, 'zip': None, 'countryCode': None, 'timezone': None, 'latitude': None, 'longitude': None, 'elevation': None, 'capacity': None, 'constructionYear': None, 'grass': None, 'dome': None}"
1000182,Minneapolis South High,,,[],,,,#null,#null,,,"{'id': None, 'name': None, 'city': None, 'state': None, 'zip': None, 'countryCode': None, 'timezone': None, 'latitude': None, 'longitude': None, 'elevation': None, 'capacity': None, 'constructionYear': None, 'grass': None, 'dome': None}"
1000125,Minnesota Alumni,,,[],,,,#null,#null,,,"{'id': None, 'name': None, 'city': None, 'state': None, 'zip': None, 'countryCode': None, 'timezone': None, 'latitude': None, 'longitude': None, 'elevation': None, 'capacity': None, 'constructionYear': None, 'grass': None, 'dome': None}"
1000516,Missouri-Kansas City,,,[],,,,#null,#null,,,"{'id': None, 'name': None, 'city': None, 'state': None, 'zip': None, 'countryCode': None, 'timezone': None, 'latitude': None, 'longitude': None, 'elevation': None, 'capacity': None, 'constructionYear': None, 'grass': None, 'dome': None}"
1000320,Missouri-Rolla,,,[],,,,#null,#null,,,"{'id': None, 'name': None, 'city': None, 'state': None, 'zip': None, 'countryCode': None, 'timezone': None, 'latitude': None, 'longitude': None, 'elevation': None, 'capacity': None, 'constructionYear': None, 'grass': None, 'dome': None}"
1000895,Missouri Southern,,,[],,,,#null,#null,,,"{'id': None, 'name': None, 'city': None, 'state': None, 'zip': None, 'countryCode': None, 'timezone': None, 'latitude': None, 'longitude': None, 'elevation': None, 'capacity': None, 'constructionYear': None, 'grass': None, 'dome': None}"
1000839,Missouri Valley,,,[],,,,#null,#null,,,"{'id': None, 'name': None, 'city': None, 'state': None, 'zip': None, 'countryCode': None, 'timezone': None, 'latitude': None, 'longitude': None, 'elevation': None, 'capacity': None, 'constructionYear': None, 'grass': None, 'dome': None}"
1000661,Missouri Wesleyan,,,[],,,,#null,#null,,,"{'id': None, 'name': None, 'city': None, 'state': None, 'zip': None, 'countryCode': None, 'timezone': None, 'latitude': None, 'longitude': None, 'elevation': None, 'capacity': None, 'constructionYear': None, 'grass': None, 'dome': None}"
109,MIT,Engineers,MIT,"['MIT', 'MIT']",NEWMAC,,iii,#null,#null,"['http://a.espncdn.com/i/teamlogos/ncaa/500/109.png', 'http://a.espncdn.com/i/teamlogos/ncaa/500-dark/109.png']",,"{'id': 5926, 'name': ""Henry G. Steinbrenner '27 Stadium"", 'city': 'Cambridge', 'state': 'MA', 'zip': '21613', 'countryCode': 'US', 'timezone': None, 'latitude': 42.3750997, 'longitude': -71.1056157, 'elevation': None, 'capacity': 1000, 'constructionYear': None, 'grass': None, 'dome': False}"
1000766,Moffett Field,,,[],,,,#null,#null,,,"{'id': None, 'name': None, 'city': None, 'state': None, 'zip': None, 'countryCode': None, 'timezone': None, 'latitude': None, 'longitude': None, 'elevation': None, 'capacity': None, 'constructionYear': None, 'grass': None, 'dome': None}"
1000871,Mohawk,,,[],,,,#null,#null,,,"{'id': None, 'name': None, 'city': None, 'state': None, 'zip': None, 'countryCode': None, 'timezone': None, 'latitude': None, 'longitude': None, 'elevation': None, 'capacity': None, 'constructionYear': None, 'grass': None, 'dome': None}"
1000388,Moline A.C.,,,[],,,,#null,#null,,,"{'id': None, 'name': None, 'city': None, 'state': None, 'zip': None, 'countryCode': None, 'timezone': None, 'latitude': None, 'longitude': None, 'elevation': None, 'capacity': None, 'constructionYear': None, 'grass': None, 'dome': None}"
1000403,Monroe A.C.,,,[],,,,#null,#null,,,"{'id': None, 'name': None, 'city': None, 'state': None, 'zip': None, 'countryCode': None, 'timezone': None, 'latitude': None, 'longitude': None, 'elevation': None, 'capacity': None, 'constructionYear': None, 'grass': None, 'dome': None}"
1000534,Montana Tech,,,[],,,,#null,#null,,,"{'id': None, 'name': None, 'city': None, 'state': None, 'zip': None, 'countryCode': None, 'timezone': None, 'latitude': None, 'longitude': None, 'elevation': None, 'capacity': None, 'constructionYear': None, 'grass': None, 'dome': None}"
1000681,Montana Wesleyan,,,[],,,,#null,#null,,,"{'id': None, 'name': None, 'city': None, 'state': None, 'zip': None, 'countryCode': None, 'timezone': None, 'latitude': None, 'longitude': None, 'elevation': None, 'capacity': None, 'constructionYear': None, 'grass': None, 'dome': None}"
1000115,Montclair A.C.,,,[],,,,#null,#null,,,"{'id': None, 'name': None, 'city': None, 'state': None, 'zip': None, 'countryCode': None, 'timezone': None, 'latitude': None, 'longitude': None, 'elevation': None, 'capacity': None, 'constructionYear': None, 'grass': None, 'dome': None}"
1000717,Montezuma,,,[],,,,#null,#null,,,"{'id': None, 'name': None, 'city': None, 'state': None, 'zip': None, 'countryCode': None, 'timezone': None, 'latitude': None, 'longitude': None, 'elevation': None, 'capacity': None, 'constructionYear': None, 'grass': None, 'dome': None}"
1000319,Montgomery A.C.,,,[],,,,#null,#null,,,"{'id': None, 'name': None, 'city': None, 'state': None, 'zip': None, 'countryCode': None, 'timezone': None, 'latitude': None, 'longitude': None, 'elevation': None, 'capacity': None, 'constructionYear': None, 'grass': None, 'dome': None}"
1000798,Monticello Navy,,,[],,,,#null,#null,,,"{'id': None, 'name': None, 'city': None, 'state': None, 'zip': None, 'countryCode': None, 'timezone': None, 'latitude': None, 'longitude': None, 'elevation': None, 'capacity': None, 'constructionYear': None, 'grass': None, 'dome': None}"
1000076,Montreal,,,[],,,,#null,#null,,,"{'id': None, 'name': None, 'city': None, 'state': None, 'zip': None, 'countryCode': None, 'timezone': None, 'latitude': None, 'longitude': None, 'elevation': None, 'capacity': None, 'constructionYear': None, 'grass': None, 'dome': None}"
1000285,Mooney,,,[],,,,#null,#null,,,"{'id': None, 'name': None, 'city': None, 'state': None, 'zip': None, 'countryCode': None, 'timezone': None, 'latitude': None, 'longitude': None, 'elevation': None, 'capacity': None, 'constructionYear': None, 'grass': None, 'dome': None}"
1000896,Moorhead State,,,[],,,,#null,#null,,,"{'id': None, 'name': None, 'city': None, 'state': None, 'zip': None, 'countryCode': None, 'timezone': None, 'latitude': None, 'longitude': None, 'elevation': None, 'capacity': None, 'constructionYear': None, 'grass': None, 'dome': None}"
1000474,Morgan,,,[],,,,#null,#null,,,"{'id': None, 'name': None, 'city': None, 'state': None, 'zip': None, 'countryCode': None, 'timezone': None, 'latitude': None, 'longitude': None, 'elevation': None, 'capacity': None, 'constructionYear': None, 'grass': None, 'dome': None}"
1000438,Morganton Mutes,,,[],,,,#null,#null,,,"{'id': None, 'name': None, 'city': None, 'state': None, 'zip': None, 'countryCode': None, 'timezone': None, 'latitude': None, 'longitude': None, 'elevation': None, 'capacity': None, 'constructionYear': None, 'grass': None, 'dome': None}"
1000910,Morris Brown,,MB,['MB'],,,,#null,#null,,,"{'id': None, 'name': None, 'city': None, 'state': None, 'zip': None, 'countryCode': None, 'timezone': None, 'latitude': None, 'longitude': None, 'elevation': None, 'capacity': None, 'constructionYear': None, 'grass': None, 'dome': None}"
1000832,Morris Field,,,[],,,,#null,#null,,,"{'id': None, 'name': None, 'city': None, 'state': None, 'zip': None, 'countryCode': None, 'timezone': None, 'latitude': None, 'longitude': None, 'elevation': None, 'capacity': None, 'constructionYear': None, 'grass': None, 'dome': None}"
1000490,Morris Harvey,,,[],,,,#null,#null,,,"{'id': None, 'name': None, 'city': None, 'state': None, 'zip': None, 'countryCode': None, 'timezone': None, 'latitude': None, 'longitude': None, 'elevation': None, 'capacity': None, 'constructionYear': None, 'grass': None, 'dome': None}"
1000193,Mount Airy Deaf School,,,[],,,,#null,#null,,,"{'id': None, 'name': None, 'city': None, 'state': None, 'zip': None, 'countryCode': None, 'timezone': None, 'latitude': None, 'longitude': None, 'elevation': None, 'capacity': None, 'constructionYear': None, 'grass': None, 'dome': None}"
1000454,Mount Carmel All-Stars,,,[],,,,#null,#null,,,"{'id': None, 'name': None, 'city': None, 'state': None, 'zip': None, 'countryCode': None, 'timezone': None, 'latitude': None, 'longitude': None, 'elevation': None, 'capacity': None, 'constructionYear': None, 'grass': None, 'dome': None}"
1000129,Mount Hermon,,,[],,,,#null,#null,,,"{'id': None, 'name': None, 'city': None, 'state': None, 'zip': None, 'countryCode': None, 'timezone': None, 'latitude': None, 'longitude': None, 'elevation': None, 'capacity': None, 'constructionYear': None, 'grass': None, 'dome': None}"
1000497,Mount Pleasant,,,[],,,,#null,#null,,,"{'id': None, 'name': None, 'city': None, 'state': None, 'zip': None, 'countryCode': None, 'timezone': None, 'latitude': None, 'longitude': None, 'elevation': None, 'capacity': None, 'constructionYear': None, 'grass': None, 'dome': None}"
1000203,Mount St. Mary's,,,[],,,,#null,#null,,,"{'id': None, 'name': None, 'city': None, 'state': None, 'zip': None, 'countryCode': None, 'timezone': None, 'latitude': None, 'longitude': None, 'elevation': None, 'capacity': None, 'constructionYear': None, 'grass': None, 'dome': None}"
1000419,Multnomah A.C.,,,[],,,,#null,#null,,,"{'id': None, 'name': None, 'city': None, 'state': None, 'zip': None, 'countryCode': None, 'timezone': None, 'latitude': None, 'longitude': None, 'elevation': None, 'capacity': None, 'constructionYear': None, 'grass': None, 'dome': None}"
1000040,Nashville,,,['Nashville'],,,,#null,#null,,,"{'id': None, 'name': None, 'city': None, 'state': None, 'zip': None, 'countryCode': None, 'timezone': None, 'latitude': None, 'longitude': None, 'elevation': None, 'capacity': None, 'constructionYear': None, 'grass': None, 'dome': None}"
1000558,Navy Hospital Corps,,,[],,,,#null,#null,,,"{'id': None, 'name': None, 'city': None, 'state': None, 'zip': None, 'countryCode': None, 'timezone': None, 'latitude': None, 'longitude': None, 'elevation': None, 'capacity': None, 'constructionYear': None, 'grass': None, 'dome': None}"
1000565,Navy Reserves,,,[],,,,#null,#null,,,"{'id': None, 'name': None, 'city': None, 'state': None, 'zip': None, 'countryCode': None, 'timezone': None, 'latitude': None, 'longitude': None, 'elevation': None, 'capacity': None, 'constructionYear': None, 'grass': None, 'dome': None}"
1000604,Navy Transport,,,[],,,,#null,#null,,,"{'id': None, 'name': None, 'city': None, 'state': None, 'zip': None, 'countryCode': None, 'timezone': None, 'latitude': None, 'longitude': None, 'elevation': None, 'capacity': None, 'constructionYear': None, 'grass': None, 'dome': None}"
1000245,Nebraska Alumni,,,[],,,,#null,#null,,,"{'id': None, 'name': None, 'city': None, 'state': None, 'zip': None, 'countryCode': None, 'timezone': None, 'latitude': None, 'longitude': None, 'elevation': None, 'capacity': None, 'constructionYear': None, 'grass': None, 'dome': None}"
1000478,Nebraska Wesleyan,,,[],,,,#null,#null,,,"{'id': None, 'name': None, 'city': None, 'state': None, 'zip': None, 'countryCode': None, 'timezone': None, 'latitude': None, 'longitude': None, 'elevation': None, 'capacity': None, 'constructionYear': None, 'grass': None, 'dome': None}"
6845,Nebraska Wesleyan,Prairie Wolves,NEBWS,"['NEBWS', 'Neb Wesleyan']",American Rivers,,iii,#null,#null,"['http://a.espncdn.com/i/teamlogos/ncaa/500/6845.png', 'http://a.espncdn.com/i/teamlogos/ncaa/500-dark/6845.png']",,"{'id': 6091, 'name': 'Abel Stadium', 'city': 'Lincoln', 'state': 'NE', 'zip': '68508', 'countryCode': 'US', 'timezone': None, 'latitude': 40.8088861, 'longitude': -96.7077751, 'elevation': None, 'capacity': 2500, 'constructionYear': None, 'grass': None, 'dome': False}"
1000253,Needham,,,[],,,,#null,#null,,,"{'id': None, 'name': None, 'city': None, 'state': None, 'zip': None, 'countryCode': None, 'timezone': None, 'latitude': None, 'longitude': None, 'elevation': None, 'capacity': None, 'constructionYear': None, 'grass': None, 'dome': None}"
1000231,Newark A.C.,,,[],,,,#null,#null,,,"{'id': None, 'name': None, 'city': None, 'state': None, 'zip': None, 'countryCode': None, 'timezone': None, 'latitude': None, 'longitude': None, 'elevation': None, 'capacity': None, 'constructionYear': None, 'grass': None, 'dome': None}"
1000515,Newberry A.C.,,,[],,,,#null,#null,,,"{'id': None, 'name': None, 'city': None, 'state': None, 'zip': None, 'countryCode': None, 'timezone': None, 'latitude': None, 'longitude': None, 'elevation': None, 'capacity': None, 'constructionYear': None, 'grass': None, 'dome': None}"
1000275,Newburyport A.C.,,,[],,,,#null,#null,,,"{'id': None, 'name': None, 'city': None, 'state': None, 'zip': None, 'countryCode': None, 'timezone': None, 'latitude': None, 'longitude': None, 'elevation': None, 'capacity': None, 'constructionYear': None, 'grass': None, 'dome': None}"
1000523,New England All-Stars,,,[],,,,#null,#null,,,"{'id': None, 'name': None, 'city': None, 'state': None, 'zip': None, 'countryCode': None, 'timezone': None, 'latitude': None, 'longitude': None, 'elevation': None, 'capacity': None, 'constructionYear': None, 'grass': None, 'dome': None}"
1000195,New Jersey A.C.,,,[],,,,#null,#null,,,"{'id': None, 'name': None, 'city': None, 'state': None, 'zip': None, 'countryCode': None, 'timezone': None, 'latitude': None, 'longitude': None, 'elevation': None, 'capacity': None, 'constructionYear': None, 'grass': None, 'dome': None}"
1000837,New London Submarine Base,,,[],,,,#null,#null,,,"{'id': None, 'name': None, 'city': None, 'state': None, 'zip': None, 'countryCode': None, 'timezone': None, 'latitude': None, 'longitude': None, 'elevation': None, 'capacity': None, 'constructionYear': None, 'grass': None, 'dome': None}"
1000737,New Mexico Military,,,[],,,,#null,#null,,,"{'id': None, 'name': None, 'city': None, 'state': None, 'zip': None, 'countryCode': None, 'timezone': None, 'latitude': None, 'longitude': None, 'elevation': None, 'capacity': None, 'constructionYear': None, 'grass': None, 'dome': None}"
1000746,New Mexico Tech,,,[],,,,#null,#null,,,"{'id': None, 'name': None, 'city': None, 'state': None, 'zip': None, 'countryCode': None, 'timezone': None, 'latitude': None, 'longitude': None, 'elevation': None, 'capacity': None, 'constructionYear': None, 'grass': None, 'dome': None}"
1000424,New Orleans Gym Club,,,[],,,,#null,#null,,,"{'id': None, 'name': None, 'city': None, 'state': None, 'zip': None, 'countryCode': None, 'timezone': None, 'latitude': None, 'longitude': None, 'elevation': None, 'capacity': None, 'constructionYear': None, 'grass': None, 'dome': None}"
1000570,Newport Navy,,,[],,,,#null,#null,,,"{'id': None, 'name': None, 'city': None, 'state': None, 'zip': None, 'countryCode': None, 'timezone': None, 'latitude': None, 'longitude': None, 'elevation': None, 'capacity': None, 'constructionYear': None, 'grass': None, 'dome': None}"
1000759,Newport News,,,[],,,,#null,#null,,,"{'id': None, 'name': None, 'city': None, 'state': None, 'zip': None, 'countryCode': None, 'timezone': None, 'latitude': None, 'longitude': None, 'elevation': None, 'capacity': None, 'constructionYear': None, 'grass': None, 'dome': None}"
1000602,Newport NTS,,,[],,,,#null,#null,,,"{'id': None, 'name': None, 'city': None, 'state': None, 'zip': None, 'countryCode': None, 'timezone': None, 'latitude': None, 'longitude': None, 'elevation': None, 'capacity': None, 'constructionYear': None, 'grass': None, 'dome': None}"
1000164,Newton A.C.,,,[],,,,#null,#null,,,"{'id': None, 'name': None, 'city': None, 'state': None, 'zip': None, 'countryCode': None, 'timezone': None, 'latitude': None, 'longitude': None, 'elevation': None, 'capacity': None, 'constructionYear': None, 'grass': None, 'dome': None}"
1000416,Newton High,,,[],,,,#null,#null,,,"{'id': None, 'name': None, 'city': None, 'state': None, 'zip': None, 'countryCode': None, 'timezone': None, 'latitude': None, 'longitude': None, 'elevation': None, 'capacity': None, 'constructionYear': None, 'grass': None, 'dome': None}"
1000200,Newtowne A.C.,,,[],,,,#null,#null,,,"{'id': None, 'name': None, 'city': None, 'state': None, 'zip': None, 'countryCode': None, 'timezone': None, 'latitude': None, 'longitude': None, 'elevation': None, 'capacity': None, 'constructionYear': None, 'grass': None, 'dome': None}"
1000106,New York A.C.,,,[],,,,#null,#null,,,"{'id': None, 'name': None, 'city': None, 'state': None, 'zip': None, 'countryCode': None, 'timezone': None, 'latitude': None, 'longitude': None, 'elevation': None, 'capacity': None, 'constructionYear': None, 'grass': None, 'dome': None}"
1000116,New York Law,,,[],,,,#null,#null,,,"{'id': None, 'name': None, 'city': None, 'state': None, 'zip': None, 'countryCode': None, 'timezone': None, 'latitude': None, 'longitude': None, 'elevation': None, 'capacity': None, 'constructionYear': None, 'grass': None, 'dome': None}"
1000333,New York Naval Militia,,,[],,,,#null,#null,,,"{'id': None, 'name': None, 'city': None, 'state': None, 'zip': None, 'countryCode': None, 'timezone': None, 'latitude': None, 'longitude': None, 'elevation': None, 'capacity': None, 'constructionYear': None, 'grass': None, 'dome': None}"
1000649,New York State,,,[],,,,#null,#null,,,"{'id': None, 'name': None, 'city': None, 'state': None, 'zip': None, 'countryCode': None, 'timezone': None, 'latitude': None, 'longitude': None, 'elevation': None, 'capacity': None, 'constructionYear': None, 'grass': None, 'dome': None}"
1000041,New York University,Violets,,['New York University'],,,,#null,#null,,,"{'id': None, 'name': None, 'city': None, 'state': None, 'zip': None, 'countryCode': None, 'timezone': None, 'latitude': None, 'longitude': None, 'elevation': None, 'capacity': None, 'constructionYear': None, 'grass': None, 'dome': None}"
1000402,Niagara,,,[],,,,#null,#null,,,"{'id': None, 'name': None, 'city': None, 'state': None, 'zip': None, 'countryCode': None, 'timezone': None, 'latitude': None, 'longitude': None, 'elevation': None, 'capacity': None, 'constructionYear': None, 'grass': None, 'dome': None}"
1000356,Norfolk A.C.,,,[],,,,#null,#null,,,"{'id': None, 'name': None, 'city': None, 'state': None, 'zip': None, 'countryCode': None, 'timezone': None, 'latitude': None, 'longitude': None, 'elevation': None, 'capacity': None, 'constructionYear': None, 'grass': None, 'dome': None}"
1000480,Norfolk Blues,,,[],,,,#null,#null,,,"{'id': None, 'name': None, 'city': None, 'state': None, 'zip': None, 'countryCode': None, 'timezone': None, 'latitude': None, 'longitude': None, 'elevation': None, 'capacity': None, 'constructionYear': None, 'grass': None, 'dome': None}"
1000688,Norfolk Fire Department,,,[],,,,#null,#null,,,"{'id': None, 'name': None, 'city': None, 'state': None, 'zip': None, 'countryCode': None, 'timezone': None, 'latitude': None, 'longitude': None, 'elevation': None, 'capacity': None, 'constructionYear': None, 'grass': None, 'dome': None}"
1000811,Norfolk Marines,,,[],,,,#null,#null,,,"{'id': None, 'name': None, 'city': None, 'state': None, 'zip': None, 'countryCode': None, 'timezone': None, 'latitude': None, 'longitude': None, 'elevation': None, 'capacity': None, 'constructionYear': None, 'grass': None, 'dome': None}"
1000622,Norfolk Navy,,,[],,,,#null,#null,,,"{'id': None, 'name': None, 'city': None, 'state': None, 'zip': None, 'countryCode': None, 'timezone': None, 'latitude': None, 'longitude': None, 'elevation': None, 'capacity': None, 'constructionYear': None, 'grass': None, 'dome': None}"
1000642,Norfolk Navy Base,,,[],,,,#null,#null,,,"{'id': None, 'name': None, 'city': None, 'state': None, 'zip': None, 'countryCode': None, 'timezone': None, 'latitude': None, 'longitude': None, 'elevation': None, 'capacity': None, 'constructionYear': None, 'grass': None, 'dome': None}"
1000639,Norfolk Navy Yard,,,[],,,,#null,#null,,,"{'id': None, 'name': None, 'city': None, 'state': None, 'zip': None, 'countryCode': None, 'timezone': None, 'latitude': None, 'longitude': None, 'elevation': None, 'capacity': None, 'constructionYear': None, 'grass': None, 'dome': None}"
1000042,Norman Naval Air Station,Zoomers,,['Norman Naval Air Station'],,,,#null,#null,,,"{'id': None, 'name': None, 'city': None, 'state': None, 'zip': None, 'countryCode': None, 'timezone': None, 'latitude': None, 'longitude': None, 'elevation': None, 'capacity': None, 'constructionYear': None, 'grass': None, 'dome': None}"
1000444,Norman Park,,,[],,,,#null,#null,,,"{'id': None, 'name': None, 'city': None, 'state': None, 'zip': None, 'countryCode': None, 'timezone': None, 'latitude': None, 'longitude': None, 'elevation': None, 'capacity': None, 'constructionYear': None, 'grass': None, 'dome': None}"
1000518,North Alabama A.C.,,,[],,,,#null,#null,,,"{'id': None, 'name': None, 'city': None, 'state': None, 'zip': None, 'countryCode': None, 'timezone': None, 'latitude': None, 'longitude': None, 'elevation': None, 'capacity': None, 'constructionYear': None, 'grass': None, 'dome': None}"
1000434,North Carolina Medical,,,[],,,,#null,#null,,,"{'id': None, 'name': None, 'city': None, 'state': None, 'zip': None, 'countryCode': None, 'timezone': None, 'latitude': None, 'longitude': None, 'elevation': None, 'capacity': None, 'constructionYear': None, 'grass': None, 'dome': None}"
1000005,North Carolina Pre-Flight,Cloudbusters,NCPF,"['NCPF', 'North Carolina Pre-Flight']",,,,#null,#null,,,"{'id': None, 'name': None, 'city': None, 'state': None, 'zip': None, 'countryCode': None, 'timezone': None, 'latitude': None, 'longitude': None, 'elevation': None, 'capacity': None, 'constructionYear': None, 'grass': None, 'dome': None}"
1000754,North Dakota Teachers,,,[],,,,#null,#null,,,"{'id': None, 'name': None, 'city': None, 'state': None, 'zip': None, 'countryCode': None, 'timezone': None, 'latitude': None, 'longitude': None, 'elevation': None, 'capacity': None, 'constructionYear': None, 'grass': None, 'dome': None}"
1000310,North Denver High,,,[],,,,#null,#null,,,"{'id': None, 'name': None, 'city': None, 'state': None, 'zip': None, 'countryCode': None, 'timezone': None, 'latitude': None, 'longitude': None, 'elevation': None, 'capacity': None, 'constructionYear': None, 'grass': None, 'dome': None}"
1000237,North Division High,,,[],,,,#null,#null,,,"{'id': None, 'name': None, 'city': None, 'state': None, 'zip': None, 'countryCode': None, 'timezone': None, 'latitude': None, 'longitude': None, 'elevation': None, 'capacity': None, 'constructionYear': None, 'grass': None, 'dome': None}"
111,Northeastern,Huskies,NE,"['NE', 'Northeastern']",,,,#cc0001,#c2c3c0,"['http://a.espncdn.com/i/teamlogos/ncaa/500/111.png', 'http://a.espncdn.com/i/teamlogos/ncaa/500-dark/111.png']",,"{'id': None, 'name': None, 'city': None, 'state': None, 'zip': None, 'countryCode': None, 'timezone': None, 'latitude': None, 'longitude': None, 'elevation': None, 'capacity': None, 'constructionYear': None, 'grass': None, 'dome': None}"
1000698,Northeastern Oklahoma State,,,[],,,,#null,#null,,,"{'id': None, 'name': None, 'city': None, 'state': None, 'zip': None, 'countryCode': None, 'timezone': None, 'latitude': None, 'longitude': None, 'elevation': None, 'capacity': None, 'constructionYear': None, 'grass': None, 'dome': None}"
1000385,North Georgia,,,[],,,,#null,#null,,,"{'id': None, 'name': None, 'city': None, 'state': None, 'zip': None, 'countryCode': None, 'timezone': None, 'latitude': None, 'longitude': None, 'elevation': None, 'capacity': None, 'constructionYear': None, 'grass': None, 'dome': None}"
1000210,Northwest Division High,,,[],,,,#null,#null,,,"{'id': None, 'name': None, 'city': None, 'state': None, 'zip': None, 'countryCode': None, 'timezone': None, 'latitude': None, 'longitude': None, 'elevation': None, 'capacity': None, 'constructionYear': None, 'grass': None, 'dome': None}"
1000187,Northwestern Academy,,,[],,,,#null,#null,,,"{'id': None, 'name': None, 'city': None, 'state': None, 'zip': None, 'countryCode': None, 'timezone': None, 'latitude': None, 'longitude': None, 'elevation': None, 'capacity': None, 'constructionYear': None, 'grass': None, 'dome': None}"
1000205,Northwestern Alumni,,,[],,,,#null,#null,,,"{'id': None, 'name': None, 'city': None, 'state': None, 'zip': None, 'countryCode': None, 'timezone': None, 'latitude': None, 'longitude': None, 'elevation': None, 'capacity': None, 'constructionYear': None, 'grass': None, 'dome': None}"
1000221,Northwestern Dental,,,[],,,,#null,#null,,,"{'id': None, 'name': None, 'city': None, 'state': None, 'zip': None, 'countryCode': None, 'timezone': None, 'latitude': None, 'longitude': None, 'elevation': None, 'capacity': None, 'constructionYear': None, 'grass': None, 'dome': None}"
1000927,Northwestern (IA),,nad,['nad'],,,,#null,#null,,,"{'id': None, 'name': None, 'city': None, 'state': None, 'zip': None, 'countryCode': None, 'timezone': None, 'latitude': None, 'longitude': None, 'elevation': None, 'capacity': None, 'constructionYear': None, 'grass': None, 'dome': None}"
1000392,Northwestern (Wisconsin),,,[],,,,#null,#null,,,"{'id': None, 'name': None, 'city': None, 'state': None, 'zip': None, 'countryCode': None, 'timezone': None, 'latitude': None, 'longitude': None, 'elevation': None, 'capacity': None, 'constructionYear': None, 'grass': None, 'dome': None}"
1000747,Notre Dame B,,,[],,,,#null,#null,,,"{'id': None, 'name': None, 'city': None, 'state': None, 'zip': None, 'countryCode': None, 'timezone': None, 'latitude': None, 'longitude': None, 'elevation': None, 'capacity': None, 'constructionYear': None, 'grass': None, 'dome': None}"
1000282,Oak Ridge,,,[],,,,#null,#null,,,"{'id': None, 'name': None, 'city': None, 'state': None, 'zip': None, 'countryCode': None, 'timezone': None, 'latitude': None, 'longitude': None, 'elevation': None, 'capacity': None, 'constructionYear': None, 'grass': None, 'dome': None}"
1000863,Oceana NAS,,,[],,,,#null,#null,,,"{'id': None, 'name': None, 'city': None, 'state': None, 'zip': None, 'countryCode': None, 'timezone': None, 'latitude': None, 'longitude': None, 'elevation': None, 'capacity': None, 'constructionYear': None, 'grass': None, 'dome': None}"
1000664,Ogden A.C.,,,[],,,,#null,#null,,,"{'id': None, 'name': None, 'city': None, 'state': None, 'zip': None, 'countryCode': None, 'timezone': None, 'latitude': None, 'longitude': None, 'elevation': None, 'capacity': None, 'constructionYear': None, 'grass': None, 'dome': None}"
1000411,Ogden High,,,[],,,,#null,#null,,,"{'id': None, 'name': None, 'city': None, 'state': None, 'zip': None, 'countryCode': None, 'timezone': None, 'latitude': None, 'longitude': None, 'elevation': None, 'capacity': None, 'constructionYear': None, 'grass': None, 'dome': None}"
1000043,Oglethorpe,Stormy Petrels,,['Oglethorpe'],,,,#null,#null,,,"{'id': None, 'name': None, 'city': None, 'state': None, 'zip': None, 'countryCode': None, 'timezone': None, 'latitude': None, 'longitude': None, 'elevation': None, 'capacity': None, 'constructionYear': None, 'grass': None, 'dome': None}"
1000554,Ohio Am. Corp.,,,[],,,,#null,#null,,,"{'id': None, 'name': None, 'city': None, 'state': None, 'zip': None, 'countryCode': None, 'timezone': None, 'latitude': None, 'longitude': None, 'elevation': None, 'capacity': None, 'constructionYear': None, 'grass': None, 'dome': None}"
1000209,Ohio Medical,,,[],,,,#null,#null,,,"{'id': None, 'name': None, 'city': None, 'state': None, 'zip': None, 'countryCode': None, 'timezone': None, 'latitude': None, 'longitude': None, 'elevation': None, 'capacity': None, 'constructionYear': None, 'grass': None, 'dome': None}"
1000457,Oklahoma City,,,[],,,,#null,#null,,,"{'id': None, 'name': None, 'city': None, 'state': None, 'zip': None, 'countryCode': None, 'timezone': None, 'latitude': None, 'longitude': None, 'elevation': None, 'capacity': None, 'constructionYear': None, 'grass': None, 'dome': None}"
1000522,Oklahoma Mines,,,[],,,,#null,#null,,,"{'id': None, 'name': None, 'city': None, 'state': None, 'zip': None, 'countryCode': None, 'timezone': None, 'latitude': None, 'longitude': None, 'elevation': None, 'capacity': None, 'constructionYear': None, 'grass': None, 'dome': None}"
1000735,Oklahoma Teachers,,,[],,,,#null,#null,,,"{'id': None, 'name': None, 'city': None, 'state': None, 'zip': None, 'countryCode': None, 'timezone': None, 'latitude': None, 'longitude': None, 'elevation': None, 'capacity': None, 'constructionYear': None, 'grass': None, 'dome': None}"
1000821,Olathe Navy,,,[],,,,#null,#null,,,"{'id': None, 'name': None, 'city': None, 'state': None, 'zip': None, 'countryCode': None, 'timezone': None, 'latitude': None, 'longitude': None, 'elevation': None, 'capacity': None, 'constructionYear': None, 'grass': None, 'dome': None}"
1000153,Olivet,,,[],,,,#null,#null,,,"{'id': None, 'name': None, 'city': None, 'state': None, 'zip': None, 'countryCode': None, 'timezone': None, 'latitude': None, 'longitude': None, 'elevation': None, 'capacity': None, 'constructionYear': None, 'grass': None, 'dome': None}"
1000096,Olympic A.C.,,,[],,,,#null,#null,,,"{'id': None, 'name': None, 'city': None, 'state': None, 'zip': None, 'countryCode': None, 'timezone': None, 'latitude': None, 'longitude': None, 'elevation': None, 'capacity': None, 'constructionYear': None, 'grass': None, 'dome': None}"
1000536,Olympic Club,,,[],,,,#null,#null,,,"{'id': None, 'name': None, 'city': None, 'state': None, 'zip': None, 'countryCode': None, 'timezone': None, 'latitude': None, 'longitude': None, 'elevation': None, 'capacity': None, 'constructionYear': None, 'grass': None, 'dome': None}"
1000623,Omaha Balloon,,,[],,,,#null,#null,,,"{'id': None, 'name': None, 'city': None, 'state': None, 'zip': None, 'countryCode': None, 'timezone': None, 'latitude': None, 'longitude': None, 'elevation': None, 'capacity': None, 'constructionYear': None, 'grass': None, 'dome': None}"
1000323,Omaha Light Guards,,,[],,,,#null,#null,,,"{'id': None, 'name': None, 'city': None, 'state': None, 'zip': None, 'countryCode': None, 'timezone': None, 'latitude': None, 'longitude': None, 'elevation': None, 'capacity': None, 'constructionYear': None, 'grass': None, 'dome': None}"
1000286,Onondaga,,,[],,,,#null,#null,,,"{'id': None, 'name': None, 'city': None, 'state': None, 'zip': None, 'countryCode': None, 'timezone': None, 'latitude': None, 'longitude': None, 'elevation': None, 'capacity': None, 'constructionYear': None, 'grass': None, 'dome': None}"
1000100,Orange A.C.,,,[],,,,#null,#null,,,"{'id': None, 'name': None, 'city': None, 'state': None, 'zip': None, 'countryCode': None, 'timezone': None, 'latitude': None, 'longitude': None, 'elevation': None, 'capacity': None, 'constructionYear': None, 'grass': None, 'dome': None}"
1000738,Oregon College,,,[],,,,#null,#null,,,"{'id': None, 'name': None, 'city': None, 'state': None, 'zip': None, 'countryCode': None, 'timezone': None, 'latitude': None, 'longitude': None, 'elevation': None, 'capacity': None, 'constructionYear': None, 'grass': None, 'dome': None}"
1000538,Oregon State Alumni,,,[],,,,#null,#null,,,"{'id': None, 'name': None, 'city': None, 'state': None, 'zip': None, 'countryCode': None, 'timezone': None, 'latitude': None, 'longitude': None, 'elevation': None, 'capacity': None, 'constructionYear': None, 'grass': None, 'dome': None}"
1000916,Oregon Tech,Hustlin' Owls,,[],,,,#null,#null,,,"{'id': None, 'name': None, 'city': None, 'state': None, 'zip': None, 'countryCode': None, 'timezone': None, 'latitude': None, 'longitude': None, 'elevation': None, 'capacity': None, 'constructionYear': None, 'grass': None, 'dome': None}"
1000537,Originals A.C.,,,[],,,,#null,#null,,,"{'id': None, 'name': None, 'city': None, 'state': None, 'zip': None, 'countryCode': None, 'timezone': None, 'latitude': None, 'longitude': None, 'elevation': None, 'capacity': None, 'constructionYear': None, 'grass': None, 'dome': None}"
1000074,Ottawa,,,[],,,,#null,#null,,,"{'id': None, 'name': None, 'city': None, 'state': None, 'zip': None, 'countryCode': None, 'timezone': None, 'latitude': None, 'longitude': None, 'elevation': None, 'capacity': None, 'constructionYear': None, 'grass': None, 'dome': None}"
1000805,Ottumwa Pre-Flight,,,[],,,,#null,#null,,,"{'id': None, 'name': None, 'city': None, 'state': None, 'zip': None, 'countryCode': None, 'timezone': None, 'latitude': None, 'longitude': None, 'elevation': None, 'capacity': None, 'constructionYear': None, 'grass': None, 'dome': None}"
1000436,Ouachita,,,[],,,,#null,#null,,,"{'id': None, 'name': None, 'city': None, 'state': None, 'zip': None, 'countryCode': None, 'timezone': None, 'latitude': None, 'longitude': None, 'elevation': None, 'capacity': None, 'constructionYear': None, 'grass': None, 'dome': None}"
1000585,Overland Station,,,[],,,,#null,#null,,,"{'id': None, 'name': None, 'city': None, 'state': None, 'zip': None, 'countryCode': None, 'timezone': None, 'latitude': None, 'longitude': None, 'elevation': None, 'capacity': None, 'constructionYear': None, 'grass': None, 'dome': None}"
1000715,Ozarks,,,[],,,,#null,#null,,,"{'id': None, 'name': None, 'city': None, 'state': None, 'zip': None, 'countryCode': None, 'timezone': None, 'latitude': None, 'longitude': None, 'elevation': None, 'capacity': None, 'constructionYear': None, 'grass': None, 'dome': None}"
1000044,Pacific,Tigers,,['Pacific'],,,,#null,#null,,,"{'id': None, 'name': None, 'city': None, 'state': None, 'zip': None, 'countryCode': None, 'timezone': None, 'latitude': None, 'longitude': None, 'elevation': None, 'capacity': None, 'constructionYear': None, 'grass': None, 'dome': None}"
1000796,Pacific All-Stars,,,[],,,,#null,#null,,,"{'id': None, 'name': None, 'city': None, 'state': None, 'zip': None, 'countryCode': None, 'timezone': None, 'latitude': None, 'longitude': None, 'elevation': None, 'capacity': None, 'constructionYear': None, 'grass': None, 'dome': None}"
1000657,Pacific Fleet,,,[],,,,#null,#null,,,"{'id': None, 'name': None, 'city': None, 'state': None, 'zip': None, 'countryCode': None, 'timezone': None, 'latitude': None, 'longitude': None, 'elevation': None, 'capacity': None, 'constructionYear': None, 'grass': None, 'dome': None}"
1000650,Pacific (Oregon),,,[],,,,#null,#null,,,"{'id': None, 'name': None, 'city': None, 'state': None, 'zip': None, 'countryCode': None, 'timezone': None, 'latitude': None, 'longitude': None, 'elevation': None, 'capacity': None, 'constructionYear': None, 'grass': None, 'dome': None}"
1000878,Pacific Submarines,,,[],,,,#null,#null,,,"{'id': None, 'name': None, 'city': None, 'state': None, 'zip': None, 'countryCode': None, 'timezone': None, 'latitude': None, 'longitude': None, 'elevation': None, 'capacity': None, 'constructionYear': None, 'grass': None, 'dome': None}"
1000097,Palmyra,,,[],,,,#null,#null,,,"{'id': None, 'name': None, 'city': None, 'state': None, 'zip': None, 'countryCode': None, 'timezone': None, 'latitude': None, 'longitude': None, 'elevation': None, 'capacity': None, 'constructionYear': None, 'grass': None, 'dome': None}"
1000220,Panora,,,[],,,,#null,#null,,,"{'id': None, 'name': None, 'city': None, 'state': None, 'zip': None, 'countryCode': None, 'timezone': None, 'latitude': None, 'longitude': None, 'elevation': None, 'capacity': None, 'constructionYear': None, 'grass': None, 'dome': None}"
1000627,Park Field,,,[],,,,#null,#null,,,"{'id': None, 'name': None, 'city': None, 'state': None, 'zip': None, 'countryCode': None, 'timezone': None, 'latitude': None, 'longitude': None, 'elevation': None, 'capacity': None, 'constructionYear': None, 'grass': None, 'dome': None}"
1000456,Parris Island Marines,,,[],,,,#null,#null,,,"{'id': None, 'name': None, 'city': None, 'state': None, 'zip': None, 'countryCode': None, 'timezone': None, 'latitude': None, 'longitude': None, 'elevation': None, 'capacity': None, 'constructionYear': None, 'grass': None, 'dome': None}"
1000886,Parsons,,,[],,,,#null,#null,,,"{'id': None, 'name': None, 'city': None, 'state': None, 'zip': None, 'countryCode': None, 'timezone': None, 'latitude': None, 'longitude': None, 'elevation': None, 'capacity': None, 'constructionYear': None, 'grass': None, 'dome': None}"
1000482,Parsons (Iowa),,,[],,,,#null,#null,,,"{'id': None, 'name': None, 'city': None, 'state': None, 'zip': None, 'countryCode': None, 'timezone': None, 'latitude': None, 'longitude': None, 'elevation': None, 'capacity': None, 'constructionYear': None, 'grass': None, 'dome': None}"
1000143,Pastime A.C.,,,[],,,,#null,#null,,,"{'id': None, 'name': None, 'city': None, 'state': None, 'zip': None, 'countryCode': None, 'timezone': None, 'latitude': None, 'longitude': None, 'elevation': None, 'capacity': None, 'constructionYear': None, 'grass': None, 'dome': None}"
1000613,Payne Field,,,[],,,,#null,#null,,,"{'id': None, 'name': None, 'city': None, 'state': None, 'zip': None, 'countryCode': None, 'timezone': None, 'latitude': None, 'longitude': None, 'elevation': None, 'capacity': None, 'constructionYear': None, 'grass': None, 'dome': None}"
1000673,Pearl Harbor,,,[],,,,#null,#null,,,"{'id': None, 'name': None, 'city': None, 'state': None, 'zip': None, 'countryCode': None, 'timezone': None, 'latitude': None, 'longitude': None, 'elevation': None, 'capacity': None, 'constructionYear': None, 'grass': None, 'dome': None}"
1000593,Pelham Bay Navy,,,[],,,,#null,#null,,,"{'id': None, 'name': None, 'city': None, 'state': None, 'zip': None, 'countryCode': None, 'timezone': None, 'latitude': None, 'longitude': None, 'elevation': None, 'capacity': None, 'constructionYear': None, 'grass': None, 'dome': None}"
1000587,Penn Radio School,,,[],,,,#null,#null,,,"{'id': None, 'name': None, 'city': None, 'state': None, 'zip': None, 'countryCode': None, 'timezone': None, 'latitude': None, 'longitude': None, 'elevation': None, 'capacity': None, 'constructionYear': None, 'grass': None, 'dome': None}"
1000082,Pennsylvania Alumni,,,[],,,,#null,#null,,,"{'id': None, 'name': None, 'city': None, 'state': None, 'zip': None, 'countryCode': None, 'timezone': None, 'latitude': None, 'longitude': None, 'elevation': None, 'capacity': None, 'constructionYear': None, 'grass': None, 'dome': None}"
1000201,Pennsylvania College,,,[],,,,#null,#null,,,"{'id': None, 'name': None, 'city': None, 'state': None, 'zip': None, 'countryCode': None, 'timezone': None, 'latitude': None, 'longitude': None, 'elevation': None, 'capacity': None, 'constructionYear': None, 'grass': None, 'dome': None}"
1000073,Pennsylvania Military,,,[],,,,#null,#null,,,"{'id': None, 'name': None, 'city': None, 'state': None, 'zip': None, 'countryCode': None, 'timezone': None, 'latitude': None, 'longitude': None, 'elevation': None, 'capacity': None, 'constructionYear': None, 'grass': None, 'dome': None}"
1000367,Pennsylvania Railroad YMCA,,,[],,,,#null,#null,,,"{'id': None, 'name': None, 'city': None, 'state': None, 'zip': None, 'countryCode': None, 'timezone': None, 'latitude': None, 'longitude': None, 'elevation': None, 'capacity': None, 'constructionYear': None, 'grass': None, 'dome': None}"
1000191,Pennsylvania Reserves,,,[],,,,#null,#null,,,"{'id': None, 'name': None, 'city': None, 'state': None, 'zip': None, 'countryCode': None, 'timezone': None, 'latitude': None, 'longitude': None, 'elevation': None, 'capacity': None, 'constructionYear': None, 'grass': None, 'dome': None}"
1000366,Pensacola A.C.,,,[],,,,#null,#null,,,"{'id': None, 'name': None, 'city': None, 'state': None, 'zip': None, 'countryCode': None, 'timezone': None, 'latitude': None, 'longitude': None, 'elevation': None, 'capacity': None, 'constructionYear': None, 'grass': None, 'dome': None}"
1000783,Pensacola NAS,,,[],,,,#null,#null,,,"{'id': None, 'name': None, 'city': None, 'state': None, 'zip': None, 'countryCode': None, 'timezone': None, 'latitude': None, 'longitude': None, 'elevation': None, 'capacity': None, 'constructionYear': None, 'grass': None, 'dome': None}"
1000337,Peoria Socials A.C.,,,[],,,,#null,#null,,,"{'id': None, 'name': None, 'city': None, 'state': None, 'zip': None, 'countryCode': None, 'timezone': None, 'latitude': None, 'longitude': None, 'elevation': None, 'capacity': None, 'constructionYear': None, 'grass': None, 'dome': None}"
1000867,Pepperdine,,,[],,,,#null,#null,,,"{'id': None, 'name': None, 'city': None, 'state': None, 'zip': None, 'countryCode': None, 'timezone': None, 'latitude': None, 'longitude': None, 'elevation': None, 'capacity': None, 'constructionYear': None, 'grass': None, 'dome': None}"
1000410,Peru State,,,[],,,,#null,#null,,,"{'id': None, 'name': None, 'city': None, 'state': None, 'zip': None, 'countryCode': None, 'timezone': None, 'latitude': None, 'longitude': None, 'elevation': None, 'capacity': None, 'constructionYear': None, 'grass': None, 'dome': None}"
1000270,Philadelphia A.C.,,,[],,,,#null,#null,,,"{'id': None, 'name': None, 'city': None, 'state': None, 'zip': None, 'countryCode': None, 'timezone': None, 'latitude': None, 'longitude': None, 'elevation': None, 'capacity': None, 'constructionYear': None, 'grass': None, 'dome': None}"
1000070,Philadelphia All-Stars,,,[],,,,#null,#null,,,"{'id': None, 'name': None, 'city': None, 'state': None, 'zip': None, 'countryCode': None, 'timezone': None, 'latitude': None, 'longitude': None, 'elevation': None, 'capacity': None, 'constructionYear': None, 'grass': None, 'dome': None}"
1000603,Philadelphia Naval Yard,,,[],,,,#null,#null,,,"{'id': None, 'name': None, 'city': None, 'state': None, 'zip': None, 'countryCode': None, 'timezone': None, 'latitude': None, 'longitude': None, 'elevation': None, 'capacity': None, 'constructionYear': None, 'grass': None, 'dome': None}"
1000214,Philaldelphia YMCA,,,[],,,,#null,#null,,,"{'id': None, 'name': None, 'city': None, 'state': None, 'zip': None, 'countryCode': None, 'timezone': None, 'latitude': None, 'longitude': None, 'elevation': None, 'capacity': None, 'constructionYear': None, 'grass': None, 'dome': None}"
1000045,Phillips,Haymakers,,['Phillips'],,,,#null,#null,,,"{'id': None, 'name': None, 'city': None, 'state': None, 'zip': None, 'countryCode': None, 'timezone': None, 'latitude': None, 'longitude': None, 'elevation': None, 'capacity': None, 'constructionYear': None, 'grass': None, 'dome': None}"
1000198,Phoenix A.C.,,,[],,,,#null,#null,,,"{'id': None, 'name': None, 'city': None, 'state': None, 'zip': None, 'countryCode': None, 'timezone': None, 'latitude': None, 'longitude': None, 'elevation': None, 'capacity': None, 'constructionYear': None, 'grass': None, 'dome': None}"
1000749,Phoenix All-Stars,,,[],,,,#null,#null,,,"{'id': None, 'name': None, 'city': None, 'state': None, 'zip': None, 'countryCode': None, 'timezone': None, 'latitude': None, 'longitude': None, 'elevation': None, 'capacity': None, 'constructionYear': None, 'grass': None, 'dome': None}"
1000234,Phoenix Indians,,,[],,,,#null,#null,,,"{'id': None, 'name': None, 'city': None, 'state': None, 'zip': None, 'countryCode': None, 'timezone': None, 'latitude': None, 'longitude': None, 'elevation': None, 'capacity': None, 'constructionYear': None, 'grass': None, 'dome': None}"
1000190,Physicians & Surgeons,,,[],,,,#null,#null,,,"{'id': None, 'name': None, 'city': None, 'state': None, 'zip': None, 'countryCode': None, 'timezone': None, 'latitude': None, 'longitude': None, 'elevation': None, 'capacity': None, 'constructionYear': None, 'grass': None, 'dome': None}"
1000674,Piedmont,,,[],,,,#null,#null,,,"{'id': None, 'name': None, 'city': None, 'state': None, 'zip': None, 'countryCode': None, 'timezone': None, 'latitude': None, 'longitude': None, 'elevation': None, 'capacity': None, 'constructionYear': None, 'grass': None, 'dome': None}"
1000133,Pittsburgh A.C.,,,[],,,,#null,#null,,,"{'id': None, 'name': None, 'city': None, 'state': None, 'zip': None, 'countryCode': None, 'timezone': None, 'latitude': None, 'longitude': None, 'elevation': None, 'capacity': None, 'constructionYear': None, 'grass': None, 'dome': None}"
1000389,Pittsburgh Lyceum,,,[],,,,#null,#null,,,"{'id': None, 'name': None, 'city': None, 'state': None, 'zip': None, 'countryCode': None, 'timezone': None, 'latitude': None, 'longitude': None, 'elevation': None, 'capacity': None, 'constructionYear': None, 'grass': None, 'dome': None}"
1000177,Pittsfield A.C.,,,[],,,,#null,#null,,,"{'id': None, 'name': None, 'city': None, 'state': None, 'zip': None, 'countryCode': None, 'timezone': None, 'latitude': None, 'longitude': None, 'elevation': None, 'capacity': None, 'constructionYear': None, 'grass': None, 'dome': None}"
1000794,Pleasanton Navy,,,[],,,,#null,#null,,,"{'id': None, 'name': None, 'city': None, 'state': None, 'zip': None, 'countryCode': None, 'timezone': None, 'latitude': None, 'longitude': None, 'elevation': None, 'capacity': None, 'constructionYear': None, 'grass': None, 'dome': None}"
1000807,Pomona Ordinance Base,,,[],,,,#null,#null,,,"{'id': None, 'name': None, 'city': None, 'state': None, 'zip': None, 'countryCode': None, 'timezone': None, 'latitude': None, 'longitude': None, 'elevation': None, 'capacity': None, 'constructionYear': None, 'grass': None, 'dome': None}"
1000233,Pontiac A.C.,,,[],,,,#null,#null,,,"{'id': None, 'name': None, 'city': None, 'state': None, 'zip': None, 'countryCode': None, 'timezone': None, 'latitude': None, 'longitude': None, 'elevation': None, 'capacity': None, 'constructionYear': None, 'grass': None, 'dome': None}"
1000447,Porter Military,,,[],,,,#null,#null,,,"{'id': None, 'name': None, 'city': None, 'state': None, 'zip': None, 'countryCode': None, 'timezone': None, 'latitude': None, 'longitude': None, 'elevation': None, 'capacity': None, 'constructionYear': None, 'grass': None, 'dome': None}"
1000046,Portland,Pilots,,['Portland'],,,,#null,#null,,,"{'id': None, 'name': None, 'city': None, 'state': None, 'zip': None, 'countryCode': None, 'timezone': None, 'latitude': None, 'longitude': None, 'elevation': None, 'capacity': None, 'constructionYear': None, 'grass': None, 'dome': None}"
1000218,Portland A.C.,,,[],,,,#null,#null,,,"{'id': None, 'name': None, 'city': None, 'state': None, 'zip': None, 'countryCode': None, 'timezone': None, 'latitude': None, 'longitude': None, 'elevation': None, 'capacity': None, 'constructionYear': None, 'grass': None, 'dome': None}"
1000450,Port Royal,,,[],,,,#null,#null,,,"{'id': None, 'name': None, 'city': None, 'state': None, 'zip': None, 'countryCode': None, 'timezone': None, 'latitude': None, 'longitude': None, 'elevation': None, 'capacity': None, 'constructionYear': None, 'grass': None, 'dome': None}"
1000836,Portsmouth Fleet,,,[],,,,#null,#null,,,"{'id': None, 'name': None, 'city': None, 'state': None, 'zip': None, 'countryCode': None, 'timezone': None, 'latitude': None, 'longitude': None, 'elevation': None, 'capacity': None, 'constructionYear': None, 'grass': None, 'dome': None}"
1000611,Post Field,,,[],,,,#null,#null,,,"{'id': None, 'name': None, 'city': None, 'state': None, 'zip': None, 'countryCode': None, 'timezone': None, 'latitude': None, 'longitude': None, 'elevation': None, 'capacity': None, 'constructionYear': None, 'grass': None, 'dome': None}"
1000157,Prairie A.C.,,,[],,,,#null,#null,,,"{'id': None, 'name': None, 'city': None, 'state': None, 'zip': None, 'countryCode': None, 'timezone': None, 'latitude': None, 'longitude': None, 'elevation': None, 'capacity': None, 'constructionYear': None, 'grass': None, 'dome': None}"
1000582,Presidio of San Francisco,,,[],,,,#null,#null,,,"{'id': None, 'name': None, 'city': None, 'state': None, 'zip': None, 'countryCode': None, 'timezone': None, 'latitude': None, 'longitude': None, 'elevation': None, 'capacity': None, 'constructionYear': None, 'grass': None, 'dome': None}"
1000114,Princeton A.C.,,,[],,,,#null,#null,,,"{'id': None, 'name': None, 'city': None, 'state': None, 'zip': None, 'countryCode': None, 'timezone': None, 'latitude': None, 'longitude': None, 'elevation': None, 'capacity': None, 'constructionYear': None, 'grass': None, 'dome': None}"
1000077,Princeton Alumni,,,[],,,,#null,#null,,,"{'id': None, 'name': None, 'city': None, 'state': None, 'zip': None, 'countryCode': None, 'timezone': None, 'latitude': None, 'longitude': None, 'elevation': None, 'capacity': None, 'constructionYear': None, 'grass': None, 'dome': None}"
1000174,Princeton Seminary,,,[],,,,#null,#null,,,"{'id': None, 'name': None, 'city': None, 'state': None, 'zip': None, 'countryCode': None, 'timezone': None, 'latitude': None, 'longitude': None, 'elevation': None, 'capacity': None, 'constructionYear': None, 'grass': None, 'dome': None}"
1000704,Providence,,,[],,,,#null,#null,,,"{'id': None, 'name': None, 'city': None, 'state': None, 'zip': None, 'countryCode': None, 'timezone': None, 'latitude': None, 'longitude': None, 'elevation': None, 'capacity': None, 'constructionYear': None, 'grass': None, 'dome': None}"
1000334,Pueblo High,,,[],,,,#null,#null,,,"{'id': None, 'name': None, 'city': None, 'state': None, 'zip': None, 'countryCode': None, 'timezone': None, 'latitude': None, 'longitude': None, 'elevation': None, 'capacity': None, 'constructionYear': None, 'grass': None, 'dome': None}"
1000307,Pueblo YMCA,,,[],,,,#null,#null,,,"{'id': None, 'name': None, 'city': None, 'state': None, 'zip': None, 'countryCode': None, 'timezone': None, 'latitude': None, 'longitude': None, 'elevation': None, 'capacity': None, 'constructionYear': None, 'grass': None, 'dome': None}"
1000208,Purdue Alumni,,,[],,,,#null,#null,,,"{'id': None, 'name': None, 'city': None, 'state': None, 'zip': None, 'countryCode': None, 'timezone': None, 'latitude': None, 'longitude': None, 'elevation': None, 'capacity': None, 'constructionYear': None, 'grass': None, 'dome': None}"
1000047,Quantico Marines,Devil Dogs,,['Quantico Marines'],,,,#null,#null,,,"{'id': None, 'name': None, 'city': None, 'state': None, 'zip': None, 'countryCode': None, 'timezone': None, 'latitude': None, 'longitude': None, 'elevation': None, 'capacity': None, 'constructionYear': None, 'grass': None, 'dome': None}"
1000918,Queen's,,,[],,,,#null,#null,,,"{'id': None, 'name': None, 'city': None, 'state': None, 'zip': None, 'countryCode': None, 'timezone': None, 'latitude': None, 'longitude': None, 'elevation': None, 'capacity': None, 'constructionYear': None, 'grass': None, 'dome': None}"
1000292,Quincy A.C.,,,[],,,,#null,#null,,,"{'id': None, 'name': None, 'city': None, 'state': None, 'zip': None, 'countryCode': None, 'timezone': None, 'latitude': None, 'longitude': None, 'elevation': None, 'capacity': None, 'constructionYear': None, 'grass': None, 'dome': None}"
1000048,Randolph Field,Ramblers,,['Randolph Field'],,,,#null,#null,,,"{'id': None, 'name': None, 'city': None, 'state': None, 'zip': None, 'countryCode': None, 'timezone': None, 'latitude': None, 'longitude': None, 'elevation': None, 'capacity': None, 'constructionYear': None, 'grass': None, 'dome': None}"
1000586,Ream Field,,,[],,,,#null,#null,,,"{'id': None, 'name': None, 'city': None, 'state': None, 'zip': None, 'countryCode': None, 'timezone': None, 'latitude': None, 'longitude': None, 'elevation': None, 'capacity': None, 'constructionYear': None, 'grass': None, 'dome': None}"
1000049,Regis (CO),Rangers,,['Regis (CO)'],,,,#null,#null,,,"{'id': None, 'name': None, 'city': None, 'state': None, 'zip': None, 'countryCode': None, 'timezone': None, 'latitude': None, 'longitude': None, 'elevation': None, 'capacity': None, 'constructionYear': None, 'grass': None, 'dome': None}"
1000531,Reina Mercedes,,,[],,,,#null,#null,,,"{'id': None, 'name': None, 'city': None, 'state': None, 'zip': None, 'countryCode': None, 'timezone': None, 'latitude': None, 'longitude': None, 'elevation': None, 'capacity': None, 'constructionYear': None, 'grass': None, 'dome': None}"
1000160,Reliance A.C.,,,[],,,,#null,#null,,,"{'id': None, 'name': None, 'city': None, 'state': None, 'zip': None, 'countryCode': None, 'timezone': None, 'latitude': None, 'longitude': None, 'elevation': None, 'capacity': None, 'constructionYear': None, 'grass': None, 'dome': None}"
1000533,Richmond Blues,,,[],,,,#null,#null,,,"{'id': None, 'name': None, 'city': None, 'state': None, 'zip': None, 'countryCode': None, 'timezone': None, 'latitude': None, 'longitude': None, 'elevation': None, 'capacity': None, 'constructionYear': None, 'grass': None, 'dome': None}"
1000791,Richmond Field,,,[],,,,#null,#null,,,"{'id': None, 'name': None, 'city': None, 'state': None, 'zip': None, 'countryCode': None, 'timezone': None, 'latitude': None, 'longitude': None, 'elevation': None, 'capacity': None, 'constructionYear': None, 'grass': None, 'dome': None}"
1000099,Ridgefield A.C.,,,[],,,,#null,#null,,,"{'id': None, 'name': None, 'city': None, 'state': None, 'zip': None, 'countryCode': None, 'timezone': None, 'latitude': None, 'longitude': None, 'elevation': None, 'capacity': None, 'constructionYear': None, 'grass': None, 'dome': None}"
1000496,Riverside,,,[],,,,#null,#null,,,"{'id': None, 'name': None, 'city': None, 'state': None, 'zip': None, 'countryCode': None, 'timezone': None, 'latitude': None, 'longitude': None, 'elevation': None, 'capacity': None, 'constructionYear': None, 'grass': None, 'dome': None}"
1000383,Roanoke,,,[],,,,#null,#null,,,"{'id': None, 'name': None, 'city': None, 'state': None, 'zip': None, 'countryCode': None, 'timezone': None, 'latitude': None, 'longitude': None, 'elevation': None, 'capacity': None, 'constructionYear': None, 'grass': None, 'dome': None}"
1000343,Rockford High,,,[],,,,#null,#null,,,"{'id': None, 'name': None, 'city': None, 'state': None, 'zip': None, 'countryCode': None, 'timezone': None, 'latitude': None, 'longitude': None, 'elevation': None, 'capacity': None, 'constructionYear': None, 'grass': None, 'dome': None}"
1000256,Rockford YMCA,,,[],,,,#null,#null,,,"{'id': None, 'name': None, 'city': None, 'state': None, 'zip': None, 'countryCode': None, 'timezone': None, 'latitude': None, 'longitude': None, 'elevation': None, 'capacity': None, 'constructionYear': None, 'grass': None, 'dome': None}"
1000765,Rockhurst,,,[],,,,#null,#null,,,"{'id': None, 'name': None, 'city': None, 'state': None, 'zip': None, 'countryCode': None, 'timezone': None, 'latitude': None, 'longitude': None, 'elevation': None, 'capacity': None, 'constructionYear': None, 'grass': None, 'dome': None}"
1000276,Rock Island A.C.,,,[],,,,#null,#null,,,"{'id': None, 'name': None, 'city': None, 'state': None, 'zip': None, 'countryCode': None, 'timezone': None, 'latitude': None, 'longitude': None, 'elevation': None, 'capacity': None, 'constructionYear': None, 'grass': None, 'dome': None}"
1000669,Rollins,,,[],,,,#null,#null,,,"{'id': None, 'name': None, 'city': None, 'state': None, 'zip': None, 'countryCode': None, 'timezone': None, 'latitude': None, 'longitude': None, 'elevation': None, 'capacity': None, 'constructionYear': None, 'grass': None, 'dome': None}"
1000647,Rooks,,,[],,,,#null,#null,,,"{'id': None, 'name': None, 'city': None, 'state': None, 'zip': None, 'countryCode': None, 'timezone': None, 'latitude': None, 'longitude': None, 'elevation': None, 'capacity': None, 'constructionYear': None, 'grass': None, 'dome': None}"
1000151,Rush Medical,,,[],,,,#null,#null,,,"{'id': None, 'name': None, 'city': None, 'state': None, 'zip': None, 'countryCode': None, 'timezone': None, 'latitude': None, 'longitude': None, 'elevation': None, 'capacity': None, 'constructionYear': None, 'grass': None, 'dome': None}"
1000641,Rusk,,,[],,,,#null,#null,,,"{'id': None, 'name': None, 'city': None, 'state': None, 'zip': None, 'countryCode': None, 'timezone': None, 'latitude': None, 'longitude': None, 'elevation': None, 'capacity': None, 'constructionYear': None, 'grass': None, 'dome': None}"
1000733,Sacaton Indians,,,[],,,,#null,#null,,,"{'id': None, 'name': None, 'city': None, 'state': None, 'zip': None, 'countryCode': None, 'timezone': None, 'latitude': None, 'longitude': None, 'elevation': None, 'capacity': None, 'constructionYear': None, 'grass': None, 'dome': None}"
1000238,Sacred Heart (Wisconsin),,,[],,,,#null,#null,,,"{'id': None, 'name': None, 'city': None, 'state': None, 'zip': None, 'countryCode': None, 'timezone': None, 'latitude': None, 'longitude': None, 'elevation': None, 'capacity': None, 'constructionYear': None, 'grass': None, 'dome': None}"
1000050,Saint Louis,Billikens,,['Saint Louis'],,,,#null,#null,,,"{'id': None, 'name': None, 'city': None, 'state': None, 'zip': None, 'countryCode': None, 'timezone': None, 'latitude': None, 'longitude': None, 'elevation': None, 'capacity': None, 'constructionYear': None, 'grass': None, 'dome': None}"
1000920,Saint Mary's,Gaels,,[],,,,#null,#null,,,"{'id': None, 'name': None, 'city': None, 'state': None, 'zip': None, 'countryCode': None, 'timezone': None, 'latitude': None, 'longitude': None, 'elevation': None, 'capacity': None, 'constructionYear': None, 'grass': None, 'dome': None}"
1000051,Saint Mary's (CA),Gaels,,"[""Saint Mary's (CA)""]",,,,#null,#null,,,"{'id': None, 'name': None, 'city': None, 'state': None, 'zip': None, 'countryCode': None, 'timezone': None, 'latitude': None, 'longitude': None, 'elevation': None, 'capacity': None, 'constructionYear': None, 'grass': None, 'dome': None}"
1000065,Saint Mary's (CA) Pre-Flight,Air Devils,,"[""Saint Mary's (CA) Pre-Flight""]",,,,#null,#null,,,"{'id': None, 'name': None, 'city': None, 'state': None, 'zip': None, 'countryCode': None, 'timezone': None, 'latitude': None, 'longitude': None, 'elevation': None, 'capacity': None, 'constructionYear': None, 'grass': None, 'dome': None}"
1000930,Salem,,,[],,,,#null,#null,,,"{'id': None, 'name': None, 'city': None, 'state': None, 'zip': None, 'countryCode': None, 'timezone': None, 'latitude': None, 'longitude': None, 'elevation': None, 'capacity': None, 'constructionYear': None, 'grass': None, 'dome': None}"
1000919,Salem International,,,[],,,,#null,#null,,,"{'id': None, 'name': None, 'city': None, 'state': None, 'zip': None, 'countryCode': None, 'timezone': None, 'latitude': None, 'longitude': None, 'elevation': None, 'capacity': None, 'constructionYear': None, 'grass': None, 'dome': None}"
1000799,Salt Lake Field,,,[],,,,#null,#null,,,"{'id': None, 'name': None, 'city': None, 'state': None, 'zip': None, 'countryCode': None, 'timezone': None, 'latitude': None, 'longitude': None, 'elevation': None, 'capacity': None, 'constructionYear': None, 'grass': None, 'dome': None}"
1000414,Salt Lake High,,,[],,,,#null,#null,,,"{'id': None, 'name': None, 'city': None, 'state': None, 'zip': None, 'countryCode': None, 'timezone': None, 'latitude': None, 'longitude': None, 'elevation': None, 'capacity': None, 'constructionYear': None, 'grass': None, 'dome': None}"
1000161,Salt Lake YMCA,,,[],,,,#null,#null,,,"{'id': None, 'name': None, 'city': None, 'state': None, 'zip': None, 'countryCode': None, 'timezone': None, 'latitude': None, 'longitude': None, 'elevation': None, 'capacity': None, 'constructionYear': None, 'grass': None, 'dome': None}"
1000792,Sampson NTS,,,[],,,,#null,#null,,,"{'id': None, 'name': None, 'city': None, 'state': None, 'zip': None, 'countryCode': None, 'timezone': None, 'latitude': None, 'longitude': None, 'elevation': None, 'capacity': None, 'constructionYear': None, 'grass': None, 'dome': None}"
1000820,San Diego Bombers (PCFL),,,[],,,,#null,#null,,,"{'id': None, 'name': None, 'city': None, 'state': None, 'zip': None, 'countryCode': None, 'timezone': None, 'latitude': None, 'longitude': None, 'elevation': None, 'capacity': None, 'constructionYear': None, 'grass': None, 'dome': None}"
1000745,San Diego Marines,,,[],,,,#null,#null,,,"{'id': None, 'name': None, 'city': None, 'state': None, 'zip': None, 'countryCode': None, 'timezone': None, 'latitude': None, 'longitude': None, 'elevation': None, 'capacity': None, 'constructionYear': None, 'grass': None, 'dome': None}"
1000801,San Diego Navy,,,[],,,,#null,#null,,,"{'id': None, 'name': None, 'city': None, 'state': None, 'zip': None, 'countryCode': None, 'timezone': None, 'latitude': None, 'longitude': None, 'elevation': None, 'capacity': None, 'constructionYear': None, 'grass': None, 'dome': None}"
1000004,San Francisco,Dons,SF,"['SF', 'San Francisco']",,,,#null,#null,,,"{'id': None, 'name': None, 'city': None, 'state': None, 'zip': None, 'countryCode': None, 'timezone': None, 'latitude': None, 'longitude': None, 'elevation': None, 'capacity': None, 'constructionYear': None, 'grass': None, 'dome': None}"
1000843,San Francisco Clippers (AFL),,,[],,,,#null,#null,,,"{'id': None, 'name': None, 'city': None, 'state': None, 'zip': None, 'countryCode': None, 'timezone': None, 'latitude': None, 'longitude': None, 'elevation': None, 'capacity': None, 'constructionYear': None, 'grass': None, 'dome': None}"
1000888,San Francisco State,,,[],,,,#null,#null,,,"{'id': None, 'name': None, 'city': None, 'state': None, 'zip': None, 'countryCode': None, 'timezone': None, 'latitude': None, 'longitude': None, 'elevation': None, 'capacity': None, 'constructionYear': None, 'grass': None, 'dome': None}"
1000875,San Pedro A.C.,,,[],,,,#null,#null,,,"{'id': None, 'name': None, 'city': None, 'state': None, 'zip': None, 'countryCode': None, 'timezone': None, 'latitude': None, 'longitude': None, 'elevation': None, 'capacity': None, 'constructionYear': None, 'grass': None, 'dome': None}"
1000636,San Pedro Navy,,,[],,,,#null,#null,,,"{'id': None, 'name': None, 'city': None, 'state': None, 'zip': None, 'countryCode': None, 'timezone': None, 'latitude': None, 'longitude': None, 'elevation': None, 'capacity': None, 'constructionYear': None, 'grass': None, 'dome': None}"
1000788,Santa Ana Field,,,[],,,,#null,#null,,,"{'id': None, 'name': None, 'city': None, 'state': None, 'zip': None, 'countryCode': None, 'timezone': None, 'latitude': None, 'longitude': None, 'elevation': None, 'capacity': None, 'constructionYear': None, 'grass': None, 'dome': None}"
1000003,Santa Clara,Broncos,SC,"['SC', 'Santa Clara']",,,,#null,#null,,,"{'id': None, 'name': None, 'city': None, 'state': None, 'zip': None, 'countryCode': None, 'timezone': None, 'latitude': None, 'longitude': None, 'elevation': None, 'capacity': None, 'constructionYear': None, 'grass': None, 'dome': None}"
1000335,Savannah A.C.,,,[],,,,#null,#null,,,"{'id': None, 'name': None, 'city': None, 'state': None, 'zip': None, 'countryCode': None, 'timezone': None, 'latitude': None, 'longitude': None, 'elevation': None, 'capacity': None, 'constructionYear': None, 'grass': None, 'dome': None}"
1000247,S.B. Howard Park,,,[],,,,#null,#null,,,"{'id': None, 'name': None, 'city': None, 'state': None, 'zip': None, 'countryCode': None, 'timezone': None, 'latitude': None, 'longitude': None, 'elevation': None, 'capacity': None, 'constructionYear': None, 'grass': None, 'dome': None}"
1000714,Schuylkill,,,[],,,,#null,#null,,,"{'id': None, 'name': None, 'city': None, 'state': None, 'zip': None, 'countryCode': None, 'timezone': None, 'latitude': None, 'longitude': None, 'elevation': None, 'capacity': None, 'constructionYear': None, 'grass': None, 'dome': None}"
1000107,Schuylkill Navy,,,[],,,,#null,#null,,,"{'id': None, 'name': None, 'city': None, 'state': None, 'zip': None, 'countryCode': None, 'timezone': None, 'latitude': None, 'longitude': None, 'elevation': None, 'capacity': None, 'constructionYear': None, 'grass': None, 'dome': None}"
1000629,Scott Field,,,[],,,,#null,#null,,,"{'id': None, 'name': None, 'city': None, 'state': None, 'zip': None, 'countryCode': None, 'timezone': None, 'latitude': None, 'longitude': None, 'elevation': None, 'capacity': None, 'constructionYear': None, 'grass': None, 'dome': None}"
1000703,Scout Fleet,,,[],,,,#null,#null,,,"{'id': None, 'name': None, 'city': None, 'state': None, 'zip': None, 'countryCode': None, 'timezone': None, 'latitude': None, 'longitude': None, 'elevation': None, 'capacity': None, 'constructionYear': None, 'grass': None, 'dome': None}"
1000725,Scranton,,,[],,,,#null,#null,,,"{'id': None, 'name': None, 'city': None, 'state': None, 'zip': None, 'countryCode': None, 'timezone': None, 'latitude': None, 'longitude': None, 'elevation': None, 'capacity': None, 'constructionYear': None, 'grass': None, 'dome': None}"
1000465,Seamen Gunners,,,[],,,,#null,#null,,,"{'id': None, 'name': None, 'city': None, 'state': None, 'zip': None, 'countryCode': None, 'timezone': None, 'latitude': None, 'longitude': None, 'elevation': None, 'capacity': None, 'constructionYear': None, 'grass': None, 'dome': None}"
1000053,Second Air Force,Superbombers,,['Second Air Force'],,,,#null,#null,,,"{'id': None, 'name': None, 'city': None, 'state': None, 'zip': None, 'countryCode': None, 'timezone': None, 'latitude': None, 'longitude': None, 'elevation': None, 'capacity': None, 'constructionYear': None, 'grass': None, 'dome': None}"
1000813,Second Air Force (Colorado),,,[],,,,#null,#null,,,"{'id': None, 'name': None, 'city': None, 'state': None, 'zip': None, 'countryCode': None, 'timezone': None, 'latitude': None, 'longitude': None, 'elevation': None, 'capacity': None, 'constructionYear': None, 'grass': None, 'dome': None}"
1000781,Second Air Force (Washington),,,[],,,,#null,#null,,,"{'id': None, 'name': None, 'city': None, 'state': None, 'zip': None, 'countryCode': None, 'timezone': None, 'latitude': None, 'longitude': None, 'elevation': None, 'capacity': None, 'constructionYear': None, 'grass': None, 'dome': None}"
1000081,Seton Hall,,,[],,,,#null,#null,,,"{'id': None, 'name': None, 'city': None, 'state': None, 'zip': None, 'countryCode': None, 'timezone': None, 'latitude': None, 'longitude': None, 'elevation': None, 'capacity': None, 'constructionYear': None, 'grass': None, 'dome': None}"
1000655,Sewanee Club (Virginia),,,[],,,,#null,#null,,,"{'id': None, 'name': None, 'city': None, 'state': None, 'zip': None, 'countryCode': None, 'timezone': None, 'latitude': None, 'longitude': None, 'elevation': None, 'capacity': None, 'constructionYear': None, 'grass': None, 'dome': None}"
1000461,Sewanee Medical,,,[],,,,#null,#null,,,"{'id': None, 'name': None, 'city': None, 'state': None, 'zip': None, 'countryCode': None, 'timezone': None, 'latitude': None, 'longitude': None, 'elevation': None, 'capacity': None, 'constructionYear': None, 'grass': None, 'dome': None}"
1000225,Shamokin,,,[],,,,#null,#null,,,"{'id': None, 'name': None, 'city': None, 'state': None, 'zip': None, 'countryCode': None, 'timezone': None, 'latitude': None, 'longitude': None, 'elevation': None, 'capacity': None, 'constructionYear': None, 'grass': None, 'dome': None}"
1000227,Shattuck,,,[],,,,#null,#null,,,"{'id': None, 'name': None, 'city': None, 'state': None, 'zip': None, 'countryCode': None, 'timezone': None, 'latitude': None, 'longitude': None, 'elevation': None, 'capacity': None, 'constructionYear': None, 'grass': None, 'dome': None}"
1000340,Sherman,,,[],,,,#null,#null,,,"{'id': None, 'name': None, 'city': None, 'state': None, 'zip': None, 'countryCode': None, 'timezone': None, 'latitude': None, 'longitude': None, 'elevation': None, 'capacity': None, 'constructionYear': None, 'grass': None, 'dome': None}"
2560,Shorter,Hawks,SHOR,"['SHOR', 'Shorter']",Carolinas,,ii,#null,#null,"['http://a.espncdn.com/i/teamlogos/ncaa/500/2560.png', 'http://a.espncdn.com/i/teamlogos/ncaa/500-dark/2560.png']",,"{'id': 4015, 'name': 'Barron Stadium', 'city': 'Rome', 'state': 'GA', 'zip': '30161', 'countryCode': 'US', 'timezone': None, 'latitude': 34.257038, 'longitude': -85.1646726, 'elevation': None, 'capacity': 6500, 'constructionYear': None, 'grass': None, 'dome': False}"
1000357,Shreveport A.C.,,,[],,,,#null,#null,,,"{'id': None, 'name': None, 'city': None, 'state': None, 'zip': None, 'countryCode': None, 'timezone': None, 'latitude': None, 'longitude': None, 'elevation': None, 'capacity': None, 'constructionYear': None, 'grass': None, 'dome': None}"
1000332,Shurtleff,,,[],,,,#null,#null,,,"{'id': None, 'name': None, 'city': None, 'state': None, 'zip': None, 'countryCode': None, 'timezone': None, 'latitude': None, 'longitude': None, 'elevation': None, 'capacity': None, 'constructionYear': None, 'grass': None, 'dome': None}"
1000170,Sioux City A.C.,,,[],,,,#null,#null,,,"{'id': None, 'name': None, 'city': None, 'state': None, 'zip': None, 'countryCode': None, 'timezone': None, 'latitude': None, 'longitude': None, 'elevation': None, 'capacity': None, 'constructionYear': None, 'grass': None, 'dome': None}"
2894,Sioux Falls,Cougars,SIO,"['SIO', 'Siouxfalls']",Northern Sun,,ii,#null,#null,"['http://a.espncdn.com/i/teamlogos/ncaa/500/2894.png', 'http://a.espncdn.com/i/teamlogos/ncaa/500-dark/2894.png']",,"{'id': 6070, 'name': 'Bob Young Field', 'city': 'Sioux Falls', 'state': 'SD', 'zip': '57117', 'countryCode': 'US', 'timezone': None, 'latitude': 43.5488256, 'longitude': -96.7307737, 'elevation': None, 'capacity': 5000, 'constructionYear': None, 'grass': None, 'dome': False}"
1000266,SMTS,,,[],,,,#null,#null,,,"{'id': None, 'name': None, 'city': None, 'state': None, 'zip': None, 'countryCode': None, 'timezone': None, 'latitude': None, 'longitude': None, 'elevation': None, 'capacity': None, 'constructionYear': None, 'grass': None, 'dome': None}"
1000898,Sonoma State,,,[],,,,#null,#null,,,"{'id': None, 'name': None, 'city': None, 'state': None, 'zip': None, 'countryCode': None, 'timezone': None, 'latitude': None, 'longitude': None, 'elevation': None, 'capacity': None, 'constructionYear': None, 'grass': None, 'dome': None}"
1000258,South Bend A.C.,,,[],,,,#null,#null,,,"{'id': None, 'name': None, 'city': None, 'state': None, 'zip': None, 'countryCode': None, 'timezone': None, 'latitude': None, 'longitude': None, 'elevation': None, 'capacity': None, 'constructionYear': None, 'grass': None, 'dome': None}"
1000168,South Berwick,,,[],,,,#null,#null,,,"{'id': None, 'name': None, 'city': None, 'state': None, 'zip': None, 'countryCode': None, 'timezone': None, 'latitude': None, 'longitude': None, 'elevation': None, 'capacity': None, 'constructionYear': None, 'grass': None, 'dome': None}"
1000519,South Denver High,,,[],,,,#null,#null,,,"{'id': None, 'name': None, 'city': None, 'state': None, 'zip': None, 'countryCode': None, 'timezone': None, 'latitude': None, 'longitude': None, 'elevation': None, 'capacity': None, 'constructionYear': None, 'grass': None, 'dome': None}"
1000678,Southern California Alumni,,,[],,,,#null,#null,,,"{'id': None, 'name': None, 'city': None, 'state': None, 'zip': None, 'countryCode': None, 'timezone': None, 'latitude': None, 'longitude': None, 'elevation': None, 'capacity': None, 'constructionYear': None, 'grass': None, 'dome': None}"
1000686,Southern College,,,[],,,,#null,#null,,,"{'id': None, 'name': None, 'city': None, 'state': None, 'zip': None, 'countryCode': None, 'timezone': None, 'latitude': None, 'longitude': None, 'elevation': None, 'capacity': None, 'constructionYear': None, 'grass': None, 'dome': None}"
1000679,Southern Methodist Freshmen,,,[],,,,#null,#null,,,"{'id': None, 'name': None, 'city': None, 'state': None, 'zip': None, 'countryCode': None, 'timezone': None, 'latitude': None, 'longitude': None, 'elevation': None, 'capacity': None, 'constructionYear': None, 'grass': None, 'dome': None}"
1000659,Southern Military Academy,,,[],,,,#null,#null,,,"{'id': None, 'name': None, 'city': None, 'state': None, 'zip': None, 'countryCode': None, 'timezone': None, 'latitude': None, 'longitude': None, 'elevation': None, 'capacity': None, 'constructionYear': None, 'grass': None, 'dome': None}"
3198,SOUTH FLORIDA STARS,STARS,SFX,"['SFX', 'SOUTH FLORIDA']",,,,#000000,#null,,,"{'id': None, 'name': None, 'city': None, 'state': None, 'zip': None, 'countryCode': None, 'timezone': None, 'latitude': None, 'longitude': None, 'elevation': None, 'capacity': None, 'constructionYear': None, 'grass': None, 'dome': None}"
1000802,South Plains Field,,,[],,,,#null,#null,,,"{'id': None, 'name': None, 'city': None, 'state': None, 'zip': None, 'countryCode': None, 'timezone': None, 'latitude': None, 'longitude': None, 'elevation': None, 'capacity': None, 'constructionYear': None, 'grass': None, 'dome': None}"
1000229,South Side Academy,,,[],,,,#null,#null,,,"{'id': None, 'name': None, 'city': None, 'state': None, 'zip': None, 'countryCode': None, 'timezone': None, 'latitude': None, 'longitude': None, 'elevation': None, 'capacity': None, 'constructionYear': None, 'grass': None, 'dome': None}"
1000493,Southwestern (Kansas),,,[],,,,#null,#null,,,"{'id': None, 'name': None, 'city': None, 'state': None, 'zip': None, 'countryCode': None, 'timezone': None, 'latitude': None, 'longitude': None, 'elevation': None, 'capacity': None, 'constructionYear': None, 'grass': None, 'dome': None}"
2588,Southwestern University,Pirates,SW,"['Southwestern (TX)', 'SW', 'SW Univ']",Southern Athletic,,iii,#null,#ffcd00,"['http://a.espncdn.com/i/teamlogos/ncaa/500/2588.png', 'http://a.espncdn.com/i/teamlogos/ncaa/500-dark/2588.png']",,"{'id': 6118, 'name': 'Birkelbach Field', 'city': 'Georgetown', 'state': 'TX', 'zip': '78633', 'countryCode': 'US', 'timezone': None, 'latitude': 30.6326942, 'longitude': -97.6772311, 'elevation': None, 'capacity': 12442, 'constructionYear': None, 'grass': None, 'dome': False}"
1000914,Southwest State,Mustangs,,[],,,,#null,#null,,,"{'id': None, 'name': None, 'city': None, 'state': None, 'zip': None, 'countryCode': None, 'timezone': None, 'latitude': None, 'longitude': None, 'elevation': None, 'capacity': None, 'constructionYear': None, 'grass': None, 'dome': None}"
1000786,Spence Field,,,[],,,,#null,#null,,,"{'id': None, 'name': None, 'city': None, 'state': None, 'zip': None, 'countryCode': None, 'timezone': None, 'latitude': None, 'longitude': None, 'elevation': None, 'capacity': None, 'constructionYear': None, 'grass': None, 'dome': None}"
1000054,Spring Hill,Badgers,,['Spring Hill'],,,,#null,#null,,,"{'id': None, 'name': None, 'city': None, 'state': None, 'zip': None, 'countryCode': None, 'timezone': None, 'latitude': None, 'longitude': None, 'elevation': None, 'capacity': None, 'constructionYear': None, 'grass': None, 'dome': None}"
1000853,Squantum NAS,,,[],,,,#null,#null,,,"{'id': None, 'name': None, 'city': None, 'state': None, 'zip': None, 'countryCode': None, 'timezone': None, 'latitude': None, 'longitude': None, 'elevation': None, 'capacity': None, 'constructionYear': None, 'grass': None, 'dome': None}"
1000503,Staats A.C.,,,[],,,,#null,#null,,,"{'id': None, 'name': None, 'city': None, 'state': None, 'zip': None, 'countryCode': None, 'timezone': None, 'latitude': None, 'longitude': None, 'elevation': None, 'capacity': None, 'constructionYear': None, 'grass': None, 'dome': None}"
1000290,St. Albans,,,[],,,,#null,#null,,,"{'id': None, 'name': None, 'city': None, 'state': None, 'zip': None, 'countryCode': None, 'timezone': None, 'latitude': None, 'longitude': None, 'elevation': None, 'capacity': None, 'constructionYear': None, 'grass': None, 'dome': None}"
1000624,Standifer Shipbuilders,,,[],,,,#null,#null,,,"{'id': None, 'name': None, 'city': None, 'state': None, 'zip': None, 'countryCode': None, 'timezone': None, 'latitude': None, 'longitude': None, 'elevation': None, 'capacity': None, 'constructionYear': None, 'grass': None, 'dome': None}"
1000756,St. Benedict,,,[],,,,#null,#null,,,"{'id': None, 'name': None, 'city': None, 'state': None, 'zip': None, 'countryCode': None, 'timezone': None, 'latitude': None, 'longitude': None, 'elevation': None, 'capacity': None, 'constructionYear': None, 'grass': None, 'dome': None}"
1000462,St. Bonaventure,,,[],,,,#null,#null,,,"{'id': None, 'name': None, 'city': None, 'state': None, 'zip': None, 'countryCode': None, 'timezone': None, 'latitude': None, 'longitude': None, 'elevation': None, 'capacity': None, 'constructionYear': None, 'grass': None, 'dome': None}"
1000667,St. Edward's,,,[],,,,#null,#null,,,"{'id': None, 'name': None, 'city': None, 'state': None, 'zip': None, 'countryCode': None, 'timezone': None, 'latitude': None, 'longitude': None, 'elevation': None, 'capacity': None, 'constructionYear': None, 'grass': None, 'dome': None}"
1000279,Steelton YMCA,,,[],,,,#null,#null,,,"{'id': None, 'name': None, 'city': None, 'state': None, 'zip': None, 'countryCode': None, 'timezone': None, 'latitude': None, 'longitude': None, 'elevation': None, 'capacity': None, 'constructionYear': None, 'grass': None, 'dome': None}"
1000472,Sterling A.C.,,,[],,,,#null,#null,,,"{'id': None, 'name': None, 'city': None, 'state': None, 'zip': None, 'countryCode': None, 'timezone': None, 'latitude': None, 'longitude': None, 'elevation': None, 'capacity': None, 'constructionYear': None, 'grass': None, 'dome': None}"
1000055,Stevens,Ducks,,['Stevens'],,,,#null,#null,,,"{'id': None, 'name': None, 'city': None, 'state': None, 'zip': None, 'countryCode': None, 'timezone': None, 'latitude': None, 'longitude': None, 'elevation': None, 'capacity': None, 'constructionYear': None, 'grass': None, 'dome': None}"
1000071,Stevens Alumni,,,[],,,,#null,#null,,,"{'id': None, 'name': None, 'city': None, 'state': None, 'zip': None, 'countryCode': None, 'timezone': None, 'latitude': None, 'longitude': None, 'elevation': None, 'capacity': None, 'constructionYear': None, 'grass': None, 'dome': None}"
1000610,St. Helena NTS,,,[],,,,#null,#null,,,"{'id': None, 'name': None, 'city': None, 'state': None, 'zip': None, 'countryCode': None, 'timezone': None, 'latitude': None, 'longitude': None, 'elevation': None, 'capacity': None, 'constructionYear': None, 'grass': None, 'dome': None}"
1000262,Still,,,[],,,,#null,#null,,,"{'id': None, 'name': None, 'city': None, 'state': None, 'zip': None, 'countryCode': None, 'timezone': None, 'latitude': None, 'longitude': None, 'elevation': None, 'capacity': None, 'constructionYear': None, 'grass': None, 'dome': None}"
1000908,Stillman,Tigers,STI,['STI'],,,,#null,#null,,,"{'id': None, 'name': None, 'city': None, 'state': None, 'zip': None, 'countryCode': None, 'timezone': None, 'latitude': None, 'longitude': None, 'elevation': None, 'capacity': None, 'constructionYear': None, 'grass': None, 'dome': None}"
1000146,St. John's M.A.,,,[],,,,#null,#null,,,"{'id': None, 'name': None, 'city': None, 'state': None, 'zip': None, 'countryCode': None, 'timezone': None, 'latitude': None, 'longitude': None, 'elevation': None, 'capacity': None, 'constructionYear': None, 'grass': None, 'dome': None}"
1000113,St. John's (Maryland),,,[],,,,#null,#null,,,"{'id': None, 'name': None, 'city': None, 'state': None, 'zip': None, 'countryCode': None, 'timezone': None, 'latitude': None, 'longitude': None, 'elevation': None, 'capacity': None, 'constructionYear': None, 'grass': None, 'dome': None}"
1000617,St. Joseph's (Pennsylvania),,,[],,,,#null,#null,,,"{'id': None, 'name': None, 'city': None, 'state': None, 'zip': None, 'countryCode': None, 'timezone': None, 'latitude': None, 'longitude': None, 'elevation': None, 'capacity': None, 'constructionYear': None, 'grass': None, 'dome': None}"
1000246,St. Lawrence,,,[],,,,#null,#null,,,"{'id': None, 'name': None, 'city': None, 'state': None, 'zip': None, 'countryCode': None, 'timezone': None, 'latitude': None, 'longitude': None, 'elevation': None, 'capacity': None, 'constructionYear': None, 'grass': None, 'dome': None}"
1000729,St. Louis Alumni-Hawaii,,,[],,,,#null,#null,,,"{'id': None, 'name': None, 'city': None, 'state': None, 'zip': None, 'countryCode': None, 'timezone': None, 'latitude': None, 'longitude': None, 'elevation': None, 'capacity': None, 'constructionYear': None, 'grass': None, 'dome': None}"
1000400,St. Mary's (Kansas),,,[],,,,#null,#null,,,"{'id': None, 'name': None, 'city': None, 'state': None, 'zip': None, 'countryCode': None, 'timezone': None, 'latitude': None, 'longitude': None, 'elevation': None, 'capacity': None, 'constructionYear': None, 'grass': None, 'dome': None}"
1000734,St. Mary's (Minnesota),,,[],,,,#null,#null,,,"{'id': None, 'name': None, 'city': None, 'state': None, 'zip': None, 'countryCode': None, 'timezone': None, 'latitude': None, 'longitude': None, 'elevation': None, 'capacity': None, 'constructionYear': None, 'grass': None, 'dome': None}"
1000498,St. Mary's (Texas),,,[],,,,#null,#null,,,"{'id': None, 'name': None, 'city': None, 'state': None, 'zip': None, 'countryCode': None, 'timezone': None, 'latitude': None, 'longitude': None, 'elevation': None, 'capacity': None, 'constructionYear': None, 'grass': None, 'dome': None}"
1000834,St. Olaf,,,[],,,,#null,#null,,,"{'id': None, 'name': None, 'city': None, 'state': None, 'zip': None, 'countryCode': None, 'timezone': None, 'latitude': None, 'longitude': None, 'elevation': None, 'capacity': None, 'constructionYear': None, 'grass': None, 'dome': None}"
1000527,St. Paul,,,[],,,,#null,#null,,,"{'id': None, 'name': None, 'city': None, 'state': None, 'zip': None, 'countryCode': None, 'timezone': None, 'latitude': None, 'longitude': None, 'elevation': None, 'capacity': None, 'constructionYear': None, 'grass': None, 'dome': None}"
1000236,St. Paul Central High,,,[],,,,#null,#null,,,"{'id': None, 'name': None, 'city': None, 'state': None, 'zip': None, 'countryCode': None, 'timezone': None, 'latitude': None, 'longitude': None, 'elevation': None, 'capacity': None, 'constructionYear': None, 'grass': None, 'dome': None}"
1000274,St. Paul's (New Hampshire),,,[],,,,#null,#null,,,"{'id': None, 'name': None, 'city': None, 'state': None, 'zip': None, 'countryCode': None, 'timezone': None, 'latitude': None, 'longitude': None, 'elevation': None, 'capacity': None, 'constructionYear': None, 'grass': None, 'dome': None}"
1000423,Stroudsburg,,,[],,,,#null,#null,,,"{'id': None, 'name': None, 'city': None, 'state': None, 'zip': None, 'countryCode': None, 'timezone': None, 'latitude': None, 'longitude': None, 'elevation': None, 'capacity': None, 'constructionYear': None, 'grass': None, 'dome': None}"
1000175,St. Steven's,,,[],,,,#null,#null,,,"{'id': None, 'name': None, 'city': None, 'state': None, 'zip': None, 'countryCode': None, 'timezone': None, 'latitude': None, 'longitude': None, 'elevation': None, 'capacity': None, 'constructionYear': None, 'grass': None, 'dome': None}"
1000365,St. Thomas,,,[],,,,#null,#null,,,"{'id': None, 'name': None, 'city': None, 'state': None, 'zip': None, 'countryCode': None, 'timezone': None, 'latitude': None, 'longitude': None, 'elevation': None, 'capacity': None, 'constructionYear': None, 'grass': None, 'dome': None}"
1000380,St. Viator,,,[],,,,#null,#null,,,"{'id': None, 'name': None, 'city': None, 'state': None, 'zip': None, 'countryCode': None, 'timezone': None, 'latitude': None, 'longitude': None, 'elevation': None, 'capacity': None, 'constructionYear': None, 'grass': None, 'dome': None}"
1000417,St. Vincent's (California),,,[],,,,#null,#null,,,"{'id': None, 'name': None, 'city': None, 'state': None, 'zip': None, 'countryCode': None, 'timezone': None, 'latitude': None, 'longitude': None, 'elevation': None, 'capacity': None, 'constructionYear': None, 'grass': None, 'dome': None}"
1000763,St. Vincent's (Pennsylvania),,,[],,,,#null,#null,,,"{'id': None, 'name': None, 'city': None, 'state': None, 'zip': None, 'countryCode': None, 'timezone': None, 'latitude': None, 'longitude': None, 'elevation': None, 'capacity': None, 'constructionYear': None, 'grass': None, 'dome': None}"
1000426,Superba A.C.,,,[],,,,#null,#null,,,"{'id': None, 'name': None, 'city': None, 'state': None, 'zip': None, 'countryCode': None, 'timezone': None, 'latitude': None, 'longitude': None, 'elevation': None, 'capacity': None, 'constructionYear': None, 'grass': None, 'dome': None}"
1000002,Swarthmore,Garnet Tide,SWAR,"['SWAR', 'Swarthmore']",,,,#null,#null,,,"{'id': None, 'name': None, 'city': None, 'state': None, 'zip': None, 'countryCode': None, 'timezone': None, 'latitude': None, 'longitude': None, 'elevation': None, 'capacity': None, 'constructionYear': None, 'grass': None, 'dome': None}"
1000103,Swarthmore Alumni,,,[],,,,#null,#null,,,"{'id': None, 'name': None, 'city': None, 'state': None, 'zip': None, 'countryCode': None, 'timezone': None, 'latitude': None, 'longitude': None, 'elevation': None, 'capacity': None, 'constructionYear': None, 'grass': None, 'dome': None}"
1000118,Syracuse A.C.,,,[],,,,#null,#null,,,"{'id': None, 'name': None, 'city': None, 'state': None, 'zip': None, 'countryCode': None, 'timezone': None, 'latitude': None, 'longitude': None, 'elevation': None, 'capacity': None, 'constructionYear': None, 'grass': None, 'dome': None}"
1000272,Syracuse Alumni,,,[],,,,#null,#null,,,"{'id': None, 'name': None, 'city': None, 'state': None, 'zip': None, 'countryCode': None, 'timezone': None, 'latitude': None, 'longitude': None, 'elevation': None, 'capacity': None, 'constructionYear': None, 'grass': None, 'dome': None}"
1000680,Talladega,,,[],,,,#null,#null,,,"{'id': None, 'name': None, 'city': None, 'state': None, 'zip': None, 'countryCode': None, 'timezone': None, 'latitude': None, 'longitude': None, 'elevation': None, 'capacity': None, 'constructionYear': None, 'grass': None, 'dome': None}"
1000056,Tampa,Spartans,,['Tampa'],,,,#null,#null,,,"{'id': None, 'name': None, 'city': None, 'state': None, 'zip': None, 'countryCode': None, 'timezone': None, 'latitude': None, 'longitude': None, 'elevation': None, 'capacity': None, 'constructionYear': None, 'grass': None, 'dome': None}"
1000504,Tampa A.C.,,,[],,,,#null,#null,,,"{'id': None, 'name': None, 'city': None, 'state': None, 'zip': None, 'countryCode': None, 'timezone': None, 'latitude': None, 'longitude': None, 'elevation': None, 'capacity': None, 'constructionYear': None, 'grass': None, 'dome': None}"
1000252,Tarkio,,,[],,,,#null,#null,,,"{'id': None, 'name': None, 'city': None, 'state': None, 'zip': None, 'countryCode': None, 'timezone': None, 'latitude': None, 'longitude': None, 'elevation': None, 'capacity': None, 'constructionYear': None, 'grass': None, 'dome': None}"
620,Taylor,Trojans,TAYLOR,"['TAYLOR', 'Taylor']",,,,#null,#null,"['http://a.espncdn.com/i/teamlogos/ncaa/500/620.png', 'http://a.espncdn.com/i/teamlogos/ncaa/500-dark/620.png']",,"{'id': None, 'name': None, 'city': None, 'state': None, 'zip': None, 'countryCode': None, 'timezone': None, 'latitude': None, 'longitude': None, 'elevation': None, 'capacity': None, 'constructionYear': None, 'grass': None, 'dome': None}"
1000121,Temperance A.C.,,,[],,,,#null,#null,,,"{'id': None, 'name': None, 'city': None, 'state': None, 'zip': None, 'countryCode': None, 'timezone': None, 'latitude': None, 'longitude': None, 'elevation': None, 'capacity': None, 'constructionYear': None, 'grass': None, 'dome': None}"
1000381,Tennessee Deaf School,,,[],,,,#null,#null,,,"{'id': None, 'name': None, 'city': None, 'state': None, 'zip': None, 'countryCode': None, 'timezone': None, 'latitude': None, 'longitude': None, 'elevation': None, 'capacity': None, 'constructionYear': None, 'grass': None, 'dome': None}"
1000057,Tennessee Medical College,,,['Tennessee Medical College'],,,,#null,#null,,,"{'id': None, 'name': None, 'city': None, 'state': None, 'zip': None, 'countryCode': None, 'timezone': None, 'latitude': None, 'longitude': None, 'elevation': None, 'capacity': None, 'constructionYear': None, 'grass': None, 'dome': None}"
1000301,Tennessee-Memphis,,,[],,,,#null,#null,,,"{'id': None, 'name': None, 'city': None, 'state': None, 'zip': None, 'countryCode': None, 'timezone': None, 'latitude': None, 'longitude': None, 'elevation': None, 'capacity': None, 'constructionYear': None, 'grass': None, 'dome': None}"
1000413,Tennessee Military,,,[],,,,#null,#null,,,"{'id': None, 'name': None, 'city': None, 'state': None, 'zip': None, 'countryCode': None, 'timezone': None, 'latitude': None, 'longitude': None, 'elevation': None, 'capacity': None, 'constructionYear': None, 'grass': None, 'dome': None}"
1000757,Tennessee Wesleyan,,,[],,,,#null,#null,,,"{'id': None, 'name': None, 'city': None, 'state': None, 'zip': None, 'countryCode': None, 'timezone': None, 'latitude': None, 'longitude': None, 'elevation': None, 'capacity': None, 'constructionYear': None, 'grass': None, 'dome': None}"
1000876,Texas A&M-Corpus Christi,,,[],,,,#null,#null,,,"{'id': None, 'name': None, 'city': None, 'state': None, 'zip': None, 'countryCode': None, 'timezone': None, 'latitude': None, 'longitude': None, 'elevation': None, 'capacity': None, 'constructionYear': None, 'grass': None, 'dome': None}"
1000058,Texas-Arlington,Mavericks,,['Texas-Arlington'],,,,#null,#null,,,"{'id': None, 'name': None, 'city': None, 'state': None, 'zip': None, 'countryCode': None, 'timezone': None, 'latitude': None, 'longitude': None, 'elevation': None, 'capacity': None, 'constructionYear': None, 'grass': None, 'dome': None}"
1000322,Texas Deaf School,,,[],,,,#null,#null,,,"{'id': None, 'name': None, 'city': None, 'state': None, 'zip': None, 'countryCode': None, 'timezone': None, 'latitude': None, 'longitude': None, 'elevation': None, 'capacity': None, 'constructionYear': None, 'grass': None, 'dome': None}"
1000730,Texas Military,,,[],,,,#null,#null,,,"{'id': None, 'name': None, 'city': None, 'state': None, 'zip': None, 'countryCode': None, 'timezone': None, 'latitude': None, 'longitude': None, 'elevation': None, 'capacity': None, 'constructionYear': None, 'grass': None, 'dome': None}"
1000760,Texas Wesleyan,,,[],,,,#null,#null,,,"{'id': None, 'name': None, 'city': None, 'state': None, 'zip': None, 'countryCode': None, 'timezone': None, 'latitude': None, 'longitude': None, 'elevation': None, 'capacity': None, 'constructionYear': None, 'grass': None, 'dome': None}"
1000685,Thiel,,,[],,,,#null,#null,,,"{'id': None, 'name': None, 'city': None, 'state': None, 'zip': None, 'countryCode': None, 'timezone': None, 'latitude': None, 'longitude': None, 'elevation': None, 'capacity': None, 'constructionYear': None, 'grass': None, 'dome': None}"
2644,Thiel,Tomcats,THIEL,"['THIEL', 'Thiel']",Presidents',,iii,#null,#null,"['http://a.espncdn.com/i/teamlogos/ncaa/500/2644.png', 'http://a.espncdn.com/i/teamlogos/ncaa/500-dark/2644.png']",,"{'id': 6128, 'name': 'Alumni Stadium (PA)', 'city': 'Greenville', 'state': 'PA', 'zip': '36037', 'countryCode': 'US', 'timezone': None, 'latitude': 31.8295972, 'longitude': -86.6177517, 'elevation': None, 'capacity': 1400, 'constructionYear': None, 'grass': None, 'dome': False}"
1000901,Third Air Force,,,[],,,,#null,#null,,,"{'id': None, 'name': None, 'city': None, 'state': None, 'zip': None, 'countryCode': None, 'timezone': None, 'latitude': None, 'longitude': None, 'elevation': None, 'capacity': None, 'constructionYear': None, 'grass': None, 'dome': None}"
2838,Tiffin,Dragons,TIF,"['TIF', 'Tiffin']",Great Midwest Athletic,,ii,#null,#null,"['http://a.espncdn.com/i/teamlogos/ncaa/500/2838.png', 'http://a.espncdn.com/i/teamlogos/ncaa/500-dark/2838.png']",,"{'id': 3731, 'name': 'Frost-Kalnow Stadium', 'city': 'Tiffin', 'state': 'OH', 'zip': '44883', 'countryCode': 'US', 'timezone': None, 'latitude': 41.114485, 'longitude': -83.1779537, 'elevation': None, 'capacity': 4500, 'constructionYear': None, 'grass': None, 'dome': False}"
1000088,Tioga,,,[],,,,#null,#null,,,"{'id': None, 'name': None, 'city': None, 'state': None, 'zip': None, 'countryCode': None, 'timezone': None, 'latitude': None, 'longitude': None, 'elevation': None, 'capacity': None, 'constructionYear': None, 'grass': None, 'dome': None}"
1000358,Toledo A.C.,,,[],,,,#null,#null,,,"{'id': None, 'name': None, 'city': None, 'state': None, 'zip': None, 'countryCode': None, 'timezone': None, 'latitude': None, 'longitude': None, 'elevation': None, 'capacity': None, 'constructionYear': None, 'grass': None, 'dome': None}"
1000521,Tonkawa Preparatory,,,[],,,,#null,#null,,,"{'id': None, 'name': None, 'city': None, 'state': None, 'zip': None, 'countryCode': None, 'timezone': None, 'latitude': None, 'longitude': None, 'elevation': None, 'capacity': None, 'constructionYear': None, 'grass': None, 'dome': None}"
1000499,Toronto All-Stars,,,[],,,,#null,#null,,,"{'id': None, 'name': None, 'city': None, 'state': None, 'zip': None, 'countryCode': None, 'timezone': None, 'latitude': None, 'longitude': None, 'elevation': None, 'capacity': None, 'constructionYear': None, 'grass': None, 'dome': None}"
1001014,Toronto Argonauts,Toronto Argonauts,Toronto Argonauts,['Toronto Argonauts'],,,,#null,#null,,,"{'id': None, 'name': None, 'city': None, 'state': None, 'zip': None, 'countryCode': None, 'timezone': None, 'latitude': None, 'longitude': None, 'elevation': None, 'capacity': None, 'constructionYear': None, 'grass': None, 'dome': None}"
1000297,Transylvania,,,[],,,,#null,#null,,,"{'id': None, 'name': None, 'city': None, 'state': None, 'zip': None, 'countryCode': None, 'timezone': None, 'latitude': None, 'longitude': None, 'elevation': None, 'capacity': None, 'constructionYear': None, 'grass': None, 'dome': None}"
2907,Trinity International (IL),Trojans,TRN,"['TRN', 'Trinity Intl']",,,,#null,#null,"['http://a.espncdn.com/i/teamlogos/ncaa/500/2907.png', 'http://a.espncdn.com/i/teamlogos/ncaa/500-dark/2907.png']",,"{'id': None, 'name': None, 'city': None, 'state': None, 'zip': None, 'countryCode': None, 'timezone': None, 'latitude': None, 'longitude': None, 'elevation': None, 'capacity': None, 'constructionYear': None, 'grass': None, 'dome': None}"
1000302,Trinity (Texas),,,[],,,,#null,#null,,,"{'id': None, 'name': None, 'city': None, 'state': None, 'zip': None, 'countryCode': None, 'timezone': None, 'latitude': None, 'longitude': None, 'elevation': None, 'capacity': None, 'constructionYear': None, 'grass': None, 'dome': None}"
1000105,Troy Laureates,,,[],,,,#null,#null,,,"{'id': None, 'name': None, 'city': None, 'state': None, 'zip': None, 'countryCode': None, 'timezone': None, 'latitude': None, 'longitude': None, 'elevation': None, 'capacity': None, 'constructionYear': None, 'grass': None, 'dome': None}"
1000296,Tulane Alumni,,,[],,,,#null,#null,,,"{'id': None, 'name': None, 'city': None, 'state': None, 'zip': None, 'countryCode': None, 'timezone': None, 'latitude': None, 'longitude': None, 'elevation': None, 'capacity': None, 'constructionYear': None, 'grass': None, 'dome': None}"
1000341,Twin Cities Central High,,,[],,,,#null,#null,,,"{'id': None, 'name': None, 'city': None, 'state': None, 'zip': None, 'countryCode': None, 'timezone': None, 'latitude': None, 'longitude': None, 'elevation': None, 'capacity': None, 'constructionYear': None, 'grass': None, 'dome': None}"
1000370,Twin Cities High,,,[],,,,#null,#null,,,"{'id': None, 'name': None, 'city': None, 'state': None, 'zip': None, 'countryCode': None, 'timezone': None, 'latitude': None, 'longitude': None, 'elevation': None, 'capacity': None, 'constructionYear': None, 'grass': None, 'dome': None}"
1000731,UAY All-Stars,,,[],,,,#null,#null,,,"{'id': None, 'name': None, 'city': None, 'state': None, 'zip': None, 'countryCode': None, 'timezone': None, 'latitude': None, 'longitude': None, 'elevation': None, 'capacity': None, 'constructionYear': None, 'grass': None, 'dome': None}"
1000924,UC Riverside,Highlanders,,[],,,,#null,#null,,,"{'id': None, 'name': None, 'city': None, 'state': None, 'zip': None, 'countryCode': None, 'timezone': None, 'latitude': None, 'longitude': None, 'elevation': None, 'capacity': None, 'constructionYear': None, 'grass': None, 'dome': None}"
2841,Union College,Dutchmen,UNI,"['Union', 'UNI', 'Union Ky College']",,,,#null,#null,"['http://a.espncdn.com/i/teamlogos/ncaa/500/2841.png', 'http://a.espncdn.com/i/teamlogos/ncaa/500-dark/2841.png']",,"{'id': None, 'name': None, 'city': None, 'state': None, 'zip': None, 'countryCode': None, 'timezone': None, 'latitude': None, 'longitude': None, 'elevation': None, 'capacity': None, 'constructionYear': None, 'grass': None, 'dome': None}"
1000059,Union (NY),Dutchmen,,['Union (NY)'],,,,#null,#null,,,"{'id': None, 'name': None, 'city': None, 'state': None, 'zip': None, 'countryCode': None, 'timezone': None, 'latitude': None, 'longitude': None, 'elevation': None, 'capacity': None, 'constructionYear': None, 'grass': None, 'dome': None}"
1000359,Union (Tennessee),,,[],,,,#null,#null,,,"{'id': None, 'name': None, 'city': None, 'state': None, 'zip': None, 'countryCode': None, 'timezone': None, 'latitude': None, 'longitude': None, 'elevation': None, 'capacity': None, 'constructionYear': None, 'grass': None, 'dome': None}"
1000126,University Club of Chicago,,,[],,,,#null,#null,,,"{'id': None, 'name': None, 'city': None, 'state': None, 'zip': None, 'countryCode': None, 'timezone': None, 'latitude': None, 'longitude': None, 'elevation': None, 'capacity': None, 'constructionYear': None, 'grass': None, 'dome': None}"
559,University of Mary,Marauders,MARY,"['MARY', 'Univ of Mary']",Northern Sun,,ii,#null,#null,"['http://a.espncdn.com/i/teamlogos/ncaa/500/559.png', 'http://a.espncdn.com/i/teamlogos/ncaa/500-dark/559.png']",,"{'id': 3638, 'name': 'MDU Resources Community Bowl', 'city': 'Bismarck', 'state': 'ND', 'zip': None, 'countryCode': 'US', 'timezone': None, 'latitude': 46.808327, 'longitude': -100.783739, 'elevation': None, 'capacity': 6000, 'constructionYear': None, 'grass': None, 'dome': False}"
1000736,University of Mexico,,,[],,,,#null,#null,,,"{'id': None, 'name': None, 'city': None, 'state': None, 'zip': None, 'countryCode': None, 'timezone': None, 'latitude': None, 'longitude': None, 'elevation': None, 'capacity': None, 'constructionYear': None, 'grass': None, 'dome': None}"
1000764,Upsala,,,[],,,,#null,#null,,,"{'id': None, 'name': None, 'city': None, 'state': None, 'zip': None, 'countryCode': None, 'timezone': None, 'latitude': None, 'longitude': None, 'elevation': None, 'capacity': None, 'constructionYear': None, 'grass': None, 'dome': None}"
1000864,U.S. Amphibians,,,[],,,,#null,#null,,,"{'id': None, 'name': None, 'city': None, 'state': None, 'zip': None, 'countryCode': None, 'timezone': None, 'latitude': None, 'longitude': None, 'elevation': None, 'capacity': None, 'constructionYear': None, 'grass': None, 'dome': None}"
1000890,U.S. International,,,[],,,,#null,#null,,,"{'id': None, 'name': None, 'city': None, 'state': None, 'zip': None, 'countryCode': None, 'timezone': None, 'latitude': None, 'longitude': None, 'elevation': None, 'capacity': None, 'constructionYear': None, 'grass': None, 'dome': None}"
1000595,U.S. Marines,,,[],,,,#null,#null,,,"{'id': None, 'name': None, 'city': None, 'state': None, 'zip': None, 'countryCode': None, 'timezone': None, 'latitude': None, 'longitude': None, 'elevation': None, 'capacity': None, 'constructionYear': None, 'grass': None, 'dome': None}"
1000658,US Recup. Company,,,[],,,,#null,#null,,,"{'id': None, 'name': None, 'city': None, 'state': None, 'zip': None, 'countryCode': None, 'timezone': None, 'latitude': None, 'longitude': None, 'elevation': None, 'capacity': None, 'constructionYear': None, 'grass': None, 'dome': None}"
1000648,USS Boston,,,[],,,,#null,#null,,,"{'id': None, 'name': None, 'city': None, 'state': None, 'zip': None, 'countryCode': None, 'timezone': None, 'latitude': None, 'longitude': None, 'elevation': None, 'capacity': None, 'constructionYear': None, 'grass': None, 'dome': None}"
1000455,USS Franklin,,,[],,,,#null,#null,,,"{'id': None, 'name': None, 'city': None, 'state': None, 'zip': None, 'countryCode': None, 'timezone': None, 'latitude': None, 'longitude': None, 'elevation': None, 'capacity': None, 'constructionYear': None, 'grass': None, 'dome': None}"
1000683,USS Idaho,,,[],,,,#null,#null,,,"{'id': None, 'name': None, 'city': None, 'state': None, 'zip': None, 'countryCode': None, 'timezone': None, 'latitude': None, 'longitude': None, 'elevation': None, 'capacity': None, 'constructionYear': None, 'grass': None, 'dome': None}"
1000700,USS Maryland,,,[],,,,#null,#null,,,"{'id': None, 'name': None, 'city': None, 'state': None, 'zip': None, 'countryCode': None, 'timezone': None, 'latitude': None, 'longitude': None, 'elevation': None, 'capacity': None, 'constructionYear': None, 'grass': None, 'dome': None}"
1000652,USS Mercy,,,[],,,,#null,#null,,,"{'id': None, 'name': None, 'city': None, 'state': None, 'zip': None, 'countryCode': None, 'timezone': None, 'latitude': None, 'longitude': None, 'elevation': None, 'capacity': None, 'constructionYear': None, 'grass': None, 'dome': None}"
1000592,USS Minnesota,,,[],,,,#null,#null,,,"{'id': None, 'name': None, 'city': None, 'state': None, 'zip': None, 'countryCode': None, 'timezone': None, 'latitude': None, 'longitude': None, 'elevation': None, 'capacity': None, 'constructionYear': None, 'grass': None, 'dome': None}"
1000676,USS Mississippi,,,[],,,,#null,#null,,,"{'id': None, 'name': None, 'city': None, 'state': None, 'zip': None, 'countryCode': None, 'timezone': None, 'latitude': None, 'longitude': None, 'elevation': None, 'capacity': None, 'constructionYear': None, 'grass': None, 'dome': None}"
1000711,USS New Mexico,,,[],,,,#null,#null,,,"{'id': None, 'name': None, 'city': None, 'state': None, 'zip': None, 'countryCode': None, 'timezone': None, 'latitude': None, 'longitude': None, 'elevation': None, 'capacity': None, 'constructionYear': None, 'grass': None, 'dome': None}"
1000651,USS New York,,,[],,,,#null,#null,,,"{'id': None, 'name': None, 'city': None, 'state': None, 'zip': None, 'countryCode': None, 'timezone': None, 'latitude': None, 'longitude': None, 'elevation': None, 'capacity': None, 'constructionYear': None, 'grass': None, 'dome': None}"
1000708,USS Oklahoma,,,[],,,,#null,#null,,,"{'id': None, 'name': None, 'city': None, 'state': None, 'zip': None, 'countryCode': None, 'timezone': None, 'latitude': None, 'longitude': None, 'elevation': None, 'capacity': None, 'constructionYear': None, 'grass': None, 'dome': None}"
1000722,USS Tennessee,,,[],,,,#null,#null,,,"{'id': None, 'name': None, 'city': None, 'state': None, 'zip': None, 'countryCode': None, 'timezone': None, 'latitude': None, 'longitude': None, 'elevation': None, 'capacity': None, 'constructionYear': None, 'grass': None, 'dome': None}"
1000638,USS Utah,,,[],,,,#null,#null,,,"{'id': None, 'name': None, 'city': None, 'state': None, 'zip': None, 'countryCode': None, 'timezone': None, 'latitude': None, 'longitude': None, 'elevation': None, 'capacity': None, 'constructionYear': None, 'grass': None, 'dome': None}"
1000397,USS Washington,,,[],,,,#null,#null,,,"{'id': None, 'name': None, 'city': None, 'state': None, 'zip': None, 'countryCode': None, 'timezone': None, 'latitude': None, 'longitude': None, 'elevation': None, 'capacity': None, 'constructionYear': None, 'grass': None, 'dome': None}"
1000418,Utah Alumni,,,[],,,,#null,#null,,,"{'id': None, 'name': None, 'city': None, 'state': None, 'zip': None, 'countryCode': None, 'timezone': None, 'latitude': None, 'longitude': None, 'elevation': None, 'capacity': None, 'constructionYear': None, 'grass': None, 'dome': None}"
1000561,Utah Field Artillery,,,[],,,,#null,#null,,,"{'id': None, 'name': None, 'city': None, 'state': None, 'zip': None, 'countryCode': None, 'timezone': None, 'latitude': None, 'longitude': None, 'elevation': None, 'capacity': None, 'constructionYear': None, 'grass': None, 'dome': None}"
1000501,Utah State Alumni,,,[],,,,#null,#null,,,"{'id': None, 'name': None, 'city': None, 'state': None, 'zip': None, 'countryCode': None, 'timezone': None, 'latitude': None, 'longitude': None, 'elevation': None, 'capacity': None, 'constructionYear': None, 'grass': None, 'dome': None}"
1000560,Vancouver Barracks,,,[],,,,#null,#null,,,"{'id': None, 'name': None, 'city': None, 'state': None, 'zip': None, 'countryCode': None, 'timezone': None, 'latitude': None, 'longitude': None, 'elevation': None, 'capacity': None, 'constructionYear': None, 'grass': None, 'dome': None}"
1000448,Vanderbilt Alumni,,,[],,,,#null,#null,,,"{'id': None, 'name': None, 'city': None, 'state': None, 'zip': None, 'countryCode': None, 'timezone': None, 'latitude': None, 'longitude': None, 'elevation': None, 'capacity': None, 'constructionYear': None, 'grass': None, 'dome': None}"
1000505,Vedado A.C.,,,[],,,,#null,#null,,,"{'id': None, 'name': None, 'city': None, 'state': None, 'zip': None, 'countryCode': None, 'timezone': None, 'latitude': None, 'longitude': None, 'elevation': None, 'capacity': None, 'constructionYear': None, 'grass': None, 'dome': None}"
1000060,Vermont,Catamounts,,['Vermont'],,,,#null,#null,,,"{'id': None, 'name': None, 'city': None, 'state': None, 'zip': None, 'countryCode': None, 'timezone': None, 'latitude': None, 'longitude': None, 'elevation': None, 'capacity': None, 'constructionYear': None, 'grass': None, 'dome': None}"
1000260,Vermont Methodist Seminary,,,[],,,,#null,#null,,,"{'id': None, 'name': None, 'city': None, 'state': None, 'zip': None, 'countryCode': None, 'timezone': None, 'latitude': None, 'longitude': None, 'elevation': None, 'capacity': None, 'constructionYear': None, 'grass': None, 'dome': None}"
1000494,Vicksburg A.C.,,,[],,,,#null,#null,,,"{'id': None, 'name': None, 'city': None, 'state': None, 'zip': None, 'countryCode': None, 'timezone': None, 'latitude': None, 'longitude': None, 'elevation': None, 'capacity': None, 'constructionYear': None, 'grass': None, 'dome': None}"
1000489,Vigilant A.C.,,,[],,,,#null,#null,,,"{'id': None, 'name': None, 'city': None, 'state': None, 'zip': None, 'countryCode': None, 'timezone': None, 'latitude': None, 'longitude': None, 'elevation': None, 'capacity': None, 'constructionYear': None, 'grass': None, 'dome': None}"
1000249,Vincennes,,,[],,,,#null,#null,,,"{'id': None, 'name': None, 'city': None, 'state': None, 'zip': None, 'countryCode': None, 'timezone': None, 'latitude': None, 'longitude': None, 'elevation': None, 'capacity': None, 'constructionYear': None, 'grass': None, 'dome': None}"
1000091,Vineland,,,[],,,,#null,#null,,,"{'id': None, 'name': None, 'city': None, 'state': None, 'zip': None, 'countryCode': None, 'timezone': None, 'latitude': None, 'longitude': None, 'elevation': None, 'capacity': None, 'constructionYear': None, 'grass': None, 'dome': None}"
1000441,Virginia Boat Club,,,[],,,,#null,#null,,,"{'id': None, 'name': None, 'city': None, 'state': None, 'zip': None, 'countryCode': None, 'timezone': None, 'latitude': None, 'longitude': None, 'elevation': None, 'capacity': None, 'constructionYear': None, 'grass': None, 'dome': None}"
1000487,Virginia Medical,,,[],,,,#null,#null,,,"{'id': None, 'name': None, 'city': None, 'state': None, 'zip': None, 'countryCode': None, 'timezone': None, 'latitude': None, 'longitude': None, 'elevation': None, 'capacity': None, 'constructionYear': None, 'grass': None, 'dome': None}"
1000511,Virginia Tech Alumni,,,[],,,,#null,#null,,,"{'id': None, 'name': None, 'city': None, 'state': None, 'zip': None, 'countryCode': None, 'timezone': None, 'latitude': None, 'longitude': None, 'elevation': None, 'capacity': None, 'constructionYear': None, 'grass': None, 'dome': None}"
2676,Virginia Union,Panthers,VU,"['VU', 'VA Union']",CIAA,Northern,ii,#null,#null,"['http://a.espncdn.com/i/teamlogos/ncaa/500/2676.png', 'http://a.espncdn.com/i/teamlogos/ncaa/500-dark/2676.png']",,"{'id': 6032, 'name': 'Hovey Field', 'city': 'Richmond', 'state': 'VA', 'zip': '23298', 'countryCode': 'US', 'timezone': None, 'latitude': 37.5385087, 'longitude': -77.43428, 'elevation': None, 'capacity': 10000, 'constructionYear': None, 'grass': None, 'dome': False}"
1000135,Volunteer A.C.,,,[],,,,#null,#null,,,"{'id': None, 'name': None, 'city': None, 'state': None, 'zip': None, 'countryCode': None, 'timezone': None, 'latitude': None, 'longitude': None, 'elevation': None, 'capacity': None, 'constructionYear': None, 'grass': None, 'dome': None}"
1000780,Waco Field,,,[],,,,#null,#null,,,"{'id': None, 'name': None, 'city': None, 'state': None, 'zip': None, 'countryCode': None, 'timezone': None, 'latitude': None, 'longitude': None, 'elevation': None, 'capacity': None, 'constructionYear': None, 'grass': None, 'dome': None}"
1000665,Wake Forest Freshmen,,,[],,,,#null,#null,,,"{'id': None, 'name': None, 'city': None, 'state': None, 'zip': None, 'countryCode': None, 'timezone': None, 'latitude': None, 'longitude': None, 'elevation': None, 'capacity': None, 'constructionYear': None, 'grass': None, 'dome': None}"
1000222,Walton,,,[],,,,#null,#null,,,"{'id': None, 'name': None, 'city': None, 'state': None, 'zip': None, 'countryCode': None, 'timezone': None, 'latitude': None, 'longitude': None, 'elevation': None, 'capacity': None, 'constructionYear': None, 'grass': None, 'dome': None}"
1000425,Warrenton Preparatory,,,[],,,,#null,#null,,,"{'id': None, 'name': None, 'city': None, 'state': None, 'zip': None, 'countryCode': None, 'timezone': None, 'latitude': None, 'longitude': None, 'elevation': None, 'capacity': None, 'constructionYear': None, 'grass': None, 'dome': None}"
1000563,Washington Artillery,,,[],,,,#null,#null,,,"{'id': None, 'name': None, 'city': None, 'state': None, 'zip': None, 'countryCode': None, 'timezone': None, 'latitude': None, 'longitude': None, 'elevation': None, 'capacity': None, 'constructionYear': None, 'grass': None, 'dome': None}"
1000443,Washington (Maryland),,,[],,,,#null,#null,,,"{'id': None, 'name': None, 'city': None, 'state': None, 'zip': None, 'countryCode': None, 'timezone': None, 'latitude': None, 'longitude': None, 'elevation': None, 'capacity': None, 'constructionYear': None, 'grass': None, 'dome': None}"
1000812,Washington Redskins (NFL),,,[],,,,#null,#null,,,"{'id': None, 'name': None, 'city': None, 'state': None, 'zip': None, 'countryCode': None, 'timezone': None, 'latitude': None, 'longitude': None, 'elevation': None, 'capacity': None, 'constructionYear': None, 'grass': None, 'dome': None}"
1000304,Washington YMCA,,,[],,,,#null,#null,,,"{'id': None, 'name': None, 'city': None, 'state': None, 'zip': None, 'countryCode': None, 'timezone': None, 'latitude': None, 'longitude': None, 'elevation': None, 'capacity': None, 'constructionYear': None, 'grass': None, 'dome': None}"
1000306,Waterton,,,[],,,,#null,#null,,,"{'id': None, 'name': None, 'city': None, 'state': None, 'zip': None, 'countryCode': None, 'timezone': None, 'latitude': None, 'longitude': None, 'elevation': None, 'capacity': None, 'constructionYear': None, 'grass': None, 'dome': None}"
1000327,Watertown,,,[],,,,#null,#null,,,"{'id': None, 'name': None, 'city': None, 'state': None, 'zip': None, 'countryCode': None, 'timezone': None, 'latitude': None, 'longitude': None, 'elevation': None, 'capacity': None, 'constructionYear': None, 'grass': None, 'dome': None}"
1000230,Waukegan High,,,[],,,,#null,#null,,,"{'id': None, 'name': None, 'city': None, 'state': None, 'zip': None, 'countryCode': None, 'timezone': None, 'latitude': None, 'longitude': None, 'elevation': None, 'capacity': None, 'constructionYear': None, 'grass': None, 'dome': None}"
1000761,Wayne State,,,[],,,,#null,#null,,,"{'id': None, 'name': None, 'city': None, 'state': None, 'zip': None, 'countryCode': None, 'timezone': None, 'latitude': None, 'longitude': None, 'elevation': None, 'capacity': None, 'constructionYear': None, 'grass': None, 'dome': None}"
1000324,Welch Neck High,,,[],,,,#null,#null,,,"{'id': None, 'name': None, 'city': None, 'state': None, 'zip': None, 'countryCode': None, 'timezone': None, 'latitude': None, 'longitude': None, 'elevation': None, 'capacity': None, 'constructionYear': None, 'grass': None, 'dome': None}"
1000372,Wendell Phillips High,,,[],,,,#null,#null,,,"{'id': None, 'name': None, 'city': None, 'state': None, 'zip': None, 'countryCode': None, 'timezone': None, 'latitude': None, 'longitude': None, 'elevation': None, 'capacity': None, 'constructionYear': None, 'grass': None, 'dome': None}"
1000644,Wesley,,,[],,,,#null,#null,,,"{'id': None, 'name': None, 'city': None, 'state': None, 'zip': None, 'countryCode': None, 'timezone': None, 'latitude': None, 'longitude': None, 'elevation': None, 'capacity': None, 'constructionYear': None, 'grass': None, 'dome': None}"
1000061,Wesleyan (CT),Cardinals,,['Wesleyan (CT)'],,,,#null,#null,,,"{'id': None, 'name': None, 'city': None, 'state': None, 'zip': None, 'countryCode': None, 'timezone': None, 'latitude': None, 'longitude': None, 'elevation': None, 'capacity': None, 'constructionYear': None, 'grass': None, 'dome': None}"
1000721,West Coast Army,,,[],,,,#null,#null,,,"{'id': None, 'name': None, 'city': None, 'state': None, 'zip': None, 'countryCode': None, 'timezone': None, 'latitude': None, 'longitude': None, 'elevation': None, 'capacity': None, 'constructionYear': None, 'grass': None, 'dome': None}"
1000741,West Coast Navy,,,[],,,,#null,#null,,,"{'id': None, 'name': None, 'city': None, 'state': None, 'zip': None, 'countryCode': None, 'timezone': None, 'latitude': None, 'longitude': None, 'elevation': None, 'capacity': None, 'constructionYear': None, 'grass': None, 'dome': None}"
1000308,West Denver High,,,[],,,,#null,#null,,,"{'id': None, 'name': None, 'city': None, 'state': None, 'zip': None, 'countryCode': None, 'timezone': None, 'latitude': None, 'longitude': None, 'elevation': None, 'capacity': None, 'constructionYear': None, 'grass': None, 'dome': None}"
1000219,West Division High,,,[],,,,#null,#null,,,"{'id': None, 'name': None, 'city': None, 'state': None, 'zip': None, 'countryCode': None, 'timezone': None, 'latitude': None, 'longitude': None, 'elevation': None, 'capacity': None, 'constructionYear': None, 'grass': None, 'dome': None}"
1000453,West End Amateurs,,,[],,,,#null,#null,,,"{'id': None, 'name': None, 'city': None, 'state': None, 'zip': None, 'countryCode': None, 'timezone': None, 'latitude': None, 'longitude': None, 'elevation': None, 'capacity': None, 'constructionYear': None, 'grass': None, 'dome': None}"
1000223,Western (Iowa),,,[],,,,#null,#null,,,"{'id': None, 'name': None, 'city': None, 'state': None, 'zip': None, 'countryCode': None, 'timezone': None, 'latitude': None, 'longitude': None, 'elevation': None, 'capacity': None, 'constructionYear': None, 'grass': None, 'dome': None}"
1000907,Western Ontario,Mustangs,,[],,,,#null,#null,,,"{'id': None, 'name': None, 'city': None, 'state': None, 'zip': None, 'countryCode': None, 'timezone': None, 'latitude': None, 'longitude': None, 'elevation': None, 'capacity': None, 'constructionYear': None, 'grass': None, 'dome': None}"
1000169,Western Reserve,,,[],,,,#null,#null,,,"{'id': None, 'name': None, 'city': None, 'state': None, 'zip': None, 'countryCode': None, 'timezone': None, 'latitude': None, 'longitude': None, 'elevation': None, 'capacity': None, 'constructionYear': None, 'grass': None, 'dome': None}"
1000541,West Logan High,,,[],,,,#null,#null,,,"{'id': None, 'name': None, 'city': None, 'state': None, 'zip': None, 'countryCode': None, 'timezone': None, 'latitude': None, 'longitude': None, 'elevation': None, 'capacity': None, 'constructionYear': None, 'grass': None, 'dome': None}"
1000384,Westminster (Missouri),,,[],,,,#null,#null,,,"{'id': None, 'name': None, 'city': None, 'state': None, 'zip': None, 'countryCode': None, 'timezone': None, 'latitude': None, 'longitude': None, 'elevation': None, 'capacity': None, 'constructionYear': None, 'grass': None, 'dome': None}"
1000371,Westminster (Pennsylvania),,,[],,,,#null,#null,,,"{'id': None, 'name': None, 'city': None, 'state': None, 'zip': None, 'countryCode': None, 'timezone': None, 'latitude': None, 'longitude': None, 'elevation': None, 'capacity': None, 'constructionYear': None, 'grass': None, 'dome': None}"
1000697,West Seattle A.C.,,,[],,,,#null,#null,,,"{'id': None, 'name': None, 'city': None, 'state': None, 'zip': None, 'countryCode': None, 'timezone': None, 'latitude': None, 'longitude': None, 'elevation': None, 'capacity': None, 'constructionYear': None, 'grass': None, 'dome': None}"
1000405,West Texas Military,,,[],,,,#null,#null,,,"{'id': None, 'name': None, 'city': None, 'state': None, 'zip': None, 'countryCode': None, 'timezone': None, 'latitude': None, 'longitude': None, 'elevation': None, 'capacity': None, 'constructionYear': None, 'grass': None, 'dome': None}"
1000923,West Virginia State,Yellow Jackets,,[],,,,#null,#null,,,"{'id': None, 'name': None, 'city': None, 'state': None, 'zip': None, 'countryCode': None, 'timezone': None, 'latitude': None, 'longitude': None, 'elevation': None, 'capacity': None, 'constructionYear': None, 'grass': None, 'dome': None}"
1000422,Wetumpka,,,[],,,,#null,#null,,,"{'id': None, 'name': None, 'city': None, 'state': None, 'zip': None, 'countryCode': None, 'timezone': None, 'latitude': None, 'longitude': None, 'elevation': None, 'capacity': None, 'constructionYear': None, 'grass': None, 'dome': None}"
1000181,Wheaton High,,,[],,,,#null,#null,,,"{'id': None, 'name': None, 'city': None, 'state': None, 'zip': None, 'countryCode': None, 'timezone': None, 'latitude': None, 'longitude': None, 'elevation': None, 'capacity': None, 'constructionYear': None, 'grass': None, 'dome': None}"
1000877,White Sands,,,[],,,,#null,#null,,,"{'id': None, 'name': None, 'city': None, 'state': None, 'zip': None, 'countryCode': None, 'timezone': None, 'latitude': None, 'longitude': None, 'elevation': None, 'capacity': None, 'constructionYear': None, 'grass': None, 'dome': None}"
1000196,White Squadron,,,[],,,,#null,#null,,,"{'id': None, 'name': None, 'city': None, 'state': None, 'zip': None, 'countryCode': None, 'timezone': None, 'latitude': None, 'longitude': None, 'elevation': None, 'capacity': None, 'constructionYear': None, 'grass': None, 'dome': None}"
1000062,Whitman,Missionaries,,['Whitman'],,,,#null,#null,,,"{'id': None, 'name': None, 'city': None, 'state': None, 'zip': None, 'countryCode': None, 'timezone': None, 'latitude': None, 'longitude': None, 'elevation': None, 'capacity': None, 'constructionYear': None, 'grass': None, 'dome': None}"
1000063,Wichita State,Shockers,,['Wichita State'],,,,#null,#null,,,"{'id': None, 'name': None, 'city': None, 'state': None, 'zip': None, 'countryCode': None, 'timezone': None, 'latitude': None, 'longitude': None, 'elevation': None, 'capacity': None, 'constructionYear': None, 'grass': None, 'dome': None}"
1000369,William Jewell,,,[],,,,#null,#null,,,"{'id': None, 'name': None, 'city': None, 'state': None, 'zip': None, 'countryCode': None, 'timezone': None, 'latitude': None, 'longitude': None, 'elevation': None, 'capacity': None, 'constructionYear': None, 'grass': None, 'dome': None}"
1000346,Williams Alumni,,,[],,,,#null,#null,,,"{'id': None, 'name': None, 'city': None, 'state': None, 'zip': None, 'countryCode': None, 'timezone': None, 'latitude': None, 'longitude': None, 'elevation': None, 'capacity': None, 'constructionYear': None, 'grass': None, 'dome': None}"
1000865,Williams Field,,,[],,,,#null,#null,,,"{'id': None, 'name': None, 'city': None, 'state': None, 'zip': None, 'countryCode': None, 'timezone': None, 'latitude': None, 'longitude': None, 'elevation': None, 'capacity': None, 'constructionYear': None, 'grass': None, 'dome': None}"
1000199,Williamsport,,,[],,,,#null,#null,,,"{'id': None, 'name': None, 'city': None, 'state': None, 'zip': None, 'countryCode': None, 'timezone': None, 'latitude': None, 'longitude': None, 'elevation': None, 'capacity': None, 'constructionYear': None, 'grass': None, 'dome': None}"
1000095,Williston,,,[],,,,#null,#null,,,"{'id': None, 'name': None, 'city': None, 'state': None, 'zip': None, 'countryCode': None, 'timezone': None, 'latitude': None, 'longitude': None, 'elevation': None, 'capacity': None, 'constructionYear': None, 'grass': None, 'dome': None}"
1000693,Wilmington,,,[],,,,#null,#null,,,"{'id': None, 'name': None, 'city': None, 'state': None, 'zip': None, 'countryCode': None, 'timezone': None, 'latitude': None, 'longitude': None, 'elevation': None, 'capacity': None, 'constructionYear': None, 'grass': None, 'dome': None}"
1000484,Winchester,,,[],,,,#null,#null,,,"{'id': None, 'name': None, 'city': None, 'state': None, 'zip': None, 'countryCode': None, 'timezone': None, 'latitude': None, 'longitude': None, 'elevation': None, 'capacity': None, 'constructionYear': None, 'grass': None, 'dome': None}"
1000207,Wisconsin Alumni,,,[],,,,#null,#null,,,"{'id': None, 'name': None, 'city': None, 'state': None, 'zip': None, 'countryCode': None, 'timezone': None, 'latitude': None, 'longitude': None, 'elevation': None, 'capacity': None, 'constructionYear': None, 'grass': None, 'dome': None}"
1000433,Wisconsin Freshmen,,,[],,,,#null,#null,,,"{'id': None, 'name': None, 'city': None, 'state': None, 'zip': None, 'countryCode': None, 'timezone': None, 'latitude': None, 'longitude': None, 'elevation': None, 'capacity': None, 'constructionYear': None, 'grass': None, 'dome': None}"
1000892,Wisconsin-Milwaukee,,,[],,,,#null,#null,,,"{'id': None, 'name': None, 'city': None, 'state': None, 'zip': None, 'countryCode': None, 'timezone': None, 'latitude': None, 'longitude': None, 'elevation': None, 'capacity': None, 'constructionYear': None, 'grass': None, 'dome': None}"
1000298,Wisconsin-Oshkosh,,,[],,,,#null,#null,,,"{'id': None, 'name': None, 'city': None, 'state': None, 'zip': None, 'countryCode': None, 'timezone': None, 'latitude': None, 'longitude': None, 'elevation': None, 'capacity': None, 'constructionYear': None, 'grass': None, 'dome': None}"
1000211,Wisconsin-Whitewater,,,[],,,,#null,#null,,,"{'id': None, 'name': None, 'city': None, 'state': None, 'zip': None, 'countryCode': None, 'timezone': None, 'latitude': None, 'longitude': None, 'elevation': None, 'capacity': None, 'constructionYear': None, 'grass': None, 'dome': None}"
1000904,Wisc. Stout,,,[],,,,#null,#null,,,"{'id': None, 'name': None, 'city': None, 'state': None, 'zip': None, 'countryCode': None, 'timezone': None, 'latitude': None, 'longitude': None, 'elevation': None, 'capacity': None, 'constructionYear': None, 'grass': None, 'dome': None}"
1000616,Wissahickon Barracks,,,[],,,,#null,#null,,,"{'id': None, 'name': None, 'city': None, 'state': None, 'zip': None, 'countryCode': None, 'timezone': None, 'latitude': None, 'longitude': None, 'elevation': None, 'capacity': None, 'constructionYear': None, 'grass': None, 'dome': None}"
1000183,Worcester A.C.,,,[],,,,#null,#null,,,"{'id': None, 'name': None, 'city': None, 'state': None, 'zip': None, 'countryCode': None, 'timezone': None, 'latitude': None, 'longitude': None, 'elevation': None, 'capacity': None, 'constructionYear': None, 'grass': None, 'dome': None}"
1000242,Worcester Academy,,,[],,,,#null,#null,,,"{'id': None, 'name': None, 'city': None, 'state': None, 'zip': None, 'countryCode': None, 'timezone': None, 'latitude': None, 'longitude': None, 'elevation': None, 'capacity': None, 'constructionYear': None, 'grass': None, 'dome': None}"
1000475,Wyoming Alumni,,,[],,,,#null,#null,,,"{'id': None, 'name': None, 'city': None, 'state': None, 'zip': None, 'countryCode': None, 'timezone': None, 'latitude': None, 'longitude': None, 'elevation': None, 'capacity': None, 'constructionYear': None, 'grass': None, 'dome': None}"
1000694,Wyoming Faculty,,,[],,,,#null,#null,,,"{'id': None, 'name': None, 'city': None, 'state': None, 'zip': None, 'countryCode': None, 'timezone': None, 'latitude': None, 'longitude': None, 'elevation': None, 'capacity': None, 'constructionYear': None, 'grass': None, 'dome': None}"
1000098,Wyoming Seminary,,,[],,,,#null,#null,,,"{'id': None, 'name': None, 'city': None, 'state': None, 'zip': None, 'countryCode': None, 'timezone': None, 'latitude': None, 'longitude': None, 'elevation': None, 'capacity': None, 'constructionYear': None, 'grass': None, 'dome': None}"
1000064,Xavier,Musketeers,,['Xavier'],,,,#null,#null,,,"{'id': None, 'name': None, 'city': None, 'state': None, 'zip': None, 'countryCode': None, 'timezone': None, 'latitude': None, 'longitude': None, 'elevation': None, 'capacity': None, 'constructionYear': None, 'grass': None, 'dome': None}"
1000085,Yale Alumni,,,[],,,,#null,#null,,,"{'id': None, 'name': None, 'city': None, 'state': None, 'zip': None, 'countryCode': None, 'timezone': None, 'latitude': None, 'longitude': None, 'elevation': None, 'capacity': None, 'constructionYear': None, 'grass': None, 'dome': None}"
1000166,Yale Consolidated,,,[],,,,#null,#null,,,"{'id': None, 'name': None, 'city': None, 'state': None, 'zip': None, 'countryCode': None, 'timezone': None, 'latitude': None, 'longitude': None, 'elevation': None, 'capacity': None, 'constructionYear': None, 'grass': None, 'dome': None}"
1000141,Yale Freshmen,,,[],,,,#null,#null,,,"{'id': None, 'name': None, 'city': None, 'state': None, 'zip': None, 'countryCode': None, 'timezone': None, 'latitude': None, 'longitude': None, 'elevation': None, 'capacity': None, 'constructionYear': None, 'grass': None, 'dome': None}"
1000084,Yale/Princeton/Harvard Grads,,,[],,,,#null,#null,,,"{'id': None, 'name': None, 'city': None, 'state': None, 'zip': None, 'countryCode': None, 'timezone': None, 'latitude': None, 'longitude': None, 'elevation': None, 'capacity': None, 'constructionYear': None, 'grass': None, 'dome': None}"
1000720,YMI,,,[],,,,#null,#null,,,"{'id': None, 'name': None, 'city': None, 'state': None, 'zip': None, 'countryCode': None, 'timezone': None, 'latitude': None, 'longitude': None, 'elevation': None, 'capacity': None, 'constructionYear': None, 'grass': None, 'dome': None}"
1000197,York YMCA,,,[],,,,#null,#null,,,"{'id': None, 'name': None, 'city': None, 'state': None, 'zip': None, 'countryCode': None, 'timezone': None, 'latitude': None, 'longitude': None, 'elevation': None, 'capacity': None, 'constructionYear': None, 'grass': None, 'dome': None}"
1000810,Yuma Field,,,[],,,,#null,#null,,,"{'id': None, 'name': None, 'city': None, 'state': None, 'zip': None, 'countryCode': None, 'timezone': None, 'latitude': None, 'longitude': None, 'elevation': None, 'capacity': None, 'constructionYear': None, 'grass': None, 'dome': None}"
